lat;Long;Via estesa;provincia;citta;via;prezzo;feriali;festivi;prefestivi
7.3686;45.73535;AO POLLEIN LOC. AUTOPORTO, 33/E;AO;POLLEIN;LOC. AUTOPORTO, 33/E;1,559;08:00-12:00/15:00-19:00;Chiuso;08:00-12:00
8.48153;44.66906;AL ACQUI TERME VIA CIRCONVALLAZIONE, 13 - LOC. SOTTARGINE;AL;ACQUI TERME;VIA CIRCONVALLAZIONE, 13 - LOC. SOTTARGINE;1,508;07:30-12:30/14:30-19:00;Chiuso;07:30-12:30
8.7003;44.9179;AL ALESSANDRIA SP82 KM 4.850 DIR. NORD - LOC. CASTELCERIOLO;AL;ALESSANDRIA;SP82 KM 4.850 DIR. NORD - LOC. CASTELCERIOLO;1,339;07:30-19:00;Chiuso;08:00-15:00
8.58565;44.92755;AL ALESSANDRIA VIA CASALE DI SAN MICHELE (SP31);AL;ALESSANDRIA;VIA CASALE DI SAN MICHELE (SP31);1,639;06:00-21:00;08:00-20:00;06:00-21:00
8.6546;44.9007;AL ALESSANDRIA VIA STORTIGLIONA, 2 - LOC. SPINETTA MARENGO;AL;ALESSANDRIA;VIA STORTIGLIONA, 2 - LOC. SPINETTA MARENGO;1,357;07:00-20:00;08:00-13:00;07:00-20:00
8.8837;44.6975;AL ARQUATA SCRIVIA VIA ANTONIO GRAMSCI (SP140);AL;ARQUATA SCRIVIA;VIA ANTONIO GRAMSCI (SP140);1,549;08:00-20:00;08:00-13:00;08:00-20:00
8.4603;45.16265;AL CASALE MONFERRATO SS31 CASALE-VERCELLI, KM 22,335;AL;CASALE MONFERRATO;SS31 CASALE-VERCELLI, KM 22,335;1,571;07:30-12:15/14:30-19:00;Chiuso;08:00-13:00
8.45305;45.10275;AL CASALE MONFERRATO STRADA ALESSANDRIA 26/B (SP 31);AL;CASALE MONFERRATO;STRADA ALESSANDRIA 26/B (SP 31);2,200;07:00-19:00;Chiuso;07:00-19:00
8.4758;45.1299;AL CASALE MONFERRATO STRADA VALENZA, 4/B;AL;CASALE MONFERRATO;STRADA VALENZA, 4/B;1,566;07:15-12:00/14:15-18:45;Chiuso;Chiuso
8.46425;45.12285;AL CASALE MONFERRATO VIA MADRE TERESA DI CALCUTTA - LOC. SAN BERNARDINO;AL;CASALE MONFERRATO;VIA MADRE TERESA DI CALCUTTA - LOC. SAN BERNARDINO;1,599;08:30-12:30/15:30-19:30;Chiuso;08:30-12:30
8.8386;44.7613;AL NOVI LIGURE A7 BETTOLE EST (KM 53,000);AL;NOVI LIGURE;A7 BETTOLE EST (KM 53,000);1,397;00:00-24:00;00:00-24:00;00:00-24:00
8.7641;44.77335;AL NOVI LIGURE STRADA PER BOSCOMARENGO, KM 20.000 (SP154);AL;NOVI LIGURE;STRADA PER BOSCOMARENGO, KM 20.000 (SP154);1,389;06:30-20:30;08:30-12:30;06:30-20:30
8.81331;44.76695;AL NOVI LIGURE VIA CASSANO KM 0,500 - LOC. PIEVE;AL;NOVI LIGURE;VIA CASSANO KM 0,500 - LOC. PIEVE;1,387;07:30-12:30;Chiuso;07:30-12:30
8.3645;44.90375;AL QUATTORDIO A21 ADS CROCETTA SUD (KM 48,100);AL;QUATTORDIO;A21 ADS CROCETTA SUD (KM 48,100);1,759;00:00-24:00;00:00-24:00;00:00-24:00
8.83775;44.74305;AL SERRAVALLE SCRIVIA SP35TER KM 0,759;AL;SERRAVALLE SCRIVIA;SP35TER KM 0,759;1,297;07:30-19:00;08:30-12:30;07:30-12:30/14:30-19:00
8.8665;44.908;AL TORTONA SP PER VOGHERA, 25 (SP10 PADANA INFERIORE, KM 116);AL;TORTONA;SP PER VOGHERA, 25 (SP10 PADANA INFERIORE, KM 116);1,389;06:30-20:30;Chiuso;06:30-20:30
8.83935;44.90075;AL TORTONA SP211 DELLA LOMELLINA, KM 13,350;AL;TORTONA;SP211 DELLA LOMELLINA, KM 13,350;1,301;07:30-12:30/14:30-19:00;Chiuso;07:30-12:00
8.8297;44.87355;AL TORTONA SP211, KM 10,166 (EX SS211) - LOC. RIVALTA SCRIVIA/CASCINA DORINA;AL;TORTONA;SP211, KM 10,166 (EX SS211) - LOC. RIVALTA SCRIVIA/CASCINA DORINA;1,369;07:30-12:30/15:00-18:00;Chiuso;07:30-12:30
8.859;44.87;AL TORTONA SP66 PER VILLAROMAGNANO, KM 0,100;AL;TORTONA;SP66 PER VILLAROMAGNANO, KM 0,100;1,387;07:00-20:00;8:00-13:00;07:00-20:00
8.1671;44.9018;AT ASTI CORSO TORINO, 442 (SR10);AT;ASTI;CORSO TORINO, 442 (SR10);1,699;07:30-12:20/14:30-18:50;Chiuso;08:00-13:00
8.1779;44.90465;AT ASTI CORSO TORINO, 475 (SR10 KM 55,390);AT;ASTI;CORSO TORINO, 475 (SR10 KM 55,390);1,552;07:30-12:30/14:30-19:00;Chiuso;07:30-12:30
8.2218;44.90565;AT ASTI VIA AUGUSTO MONTI 2A;AT;ASTI;VIA AUGUSTO MONTI 2A;1,590;07:30-19:30;08:30-13:00;07:30-19:30
8.2297;44.9927;AT CALLIANO VIA ASTI (SP457 KM 28.544) - LOC. PIRENTA;AT;CALLIANO;VIA ASTI (SP457 KM 28.544) - LOC. PIRENTA;1,599;07:00-12:30/14:00-19:00;Chiuso;07:00-12:30/14:00-18:30
8.32225;44.878;AT CASTELLO DI ANNONE VIA ROMA (SS10 KM 69,155);AT;CASTELLO DI ANNONE;VIA ROMA (SS10 KM 69,155);1,599;07:30-18:30;Chiuso;07:30-12:30
8.21105;44.8268;AT VIGLIANO D'ASTI VIA ASTI MARE (SP456 DEL TURCHINO);AT;VIGLIANO D'ASTI;VIA ASTI MARE (SP456 DEL TURCHINO);1,266;Chiuso;Chiuso;Chiuso
7.949;44.93645;AT VILLANOVA D'ASTI SS10 KM 35,111;AT;VILLANOVA D'ASTI;SS10 KM 35,111;1,999;07:30-12:00/15:00-18:45;Chiuso;07:30-12:00
8.0754;45.5493;BI BIELLA VIALE CLAUDIO VILLA, 3/B;BI;BIELLA;VIALE CLAUDIO VILLA, 3/B;1,690;07:45-19:30;08:30-13:00;07:45-19:30
8.0416;45.5316;BI PONDERANO SP 400/A KM 2,950 - LOC.MAGHETTO;BI;PONDERANO;SP 400/A KM 2,950 - LOC.MAGHETTO;1,499;07:30-12:30/14:30-19:00;Chiuso;07:30-12:30
8.08612;45.49751;BI SANDIGLIANO VIA GRAMSCI, 229;BI;SANDIGLIANO;VIA GRAMSCI, 229;1,499;08:00-12:00/14:30-18.30;Chiuso;08:00-12:00
8.010178;44.687373;"CN ALBA CORSO EUROPA; 136";CN;ALBA;"CORSO EUROPA; 136";1,699;07:30-19:00;Chiuso;08:00-13:00
7.8667;44.64585;CN CHERASCO VIA FONDOVALLE (SP12), KM 0,680 - LOC. MOGLIA;CN;CHERASCO;VIA FONDOVALLE (SP12), KM 0,680 - LOC. MOGLIA;1,699;07:30-12:30/14:00-19:00;Chiuso;08:00-13:00
7.83365;44.36225;CN MONDOVI' SS28, KM 33,603 - LOC. GANDOLFI;CN;MONDOVI';SS28, KM 33,603 - LOC. GANDOLFI;1,529;Chiuso;Chiuso;Chiuso
7.54126;44.5552;CN VILLAFALLETTO VIA CIRCONVALLAZIONE EST, 18/A;CN;VILLAFALLETTO;VIA CIRCONVALLAZIONE EST, 18/A;1,799;07:00-19:00;Chiuso;07:00-19:00
8.4942;45.7256;NO GATTICO-VERUNO SS142 ARONA-BORGOMANERO - LOC. PIOLA;NO;GATTICO-VERUNO;SS142 ARONA-BORGOMANERO - LOC. PIOLA;1,605;06:15-18:30;Chiuso;07:00-17:30
8.5677;45.5544;NO MOMO SS229 KM 12,850;NO;MOMO;SS229 KM 12,850;1,629;07:30-12:00/14:30-19:00;Chiuso;07:30-12:00/14:30-19:00
8.65755;45.4699;NO NOVARA A4 ADS NOVARA NORD (KM 88,720);NO;NOVARA;A4 ADS NOVARA NORD (KM 88,720);1,559;00:00-24:00;00:00-24:00;00:00-24:00
8.6594;45.4432;NO NOVARA CORSO MILANO, 145 - LOC. TERDOPPIO DI SANT'AGABIO;NO;NOVARA;CORSO MILANO, 145 - LOC. TERDOPPIO DI SANT'AGABIO;1,330;07:00-19:15;08:00-12:00;07:00-19:15
8.6495;45.4739;NO NOVARA TANGENZIALE EST (SS703, KM 5,600);NO;NOVARA;TANGENZIALE EST (SS703, KM 5,600);1,399;06:30-20:30;Chiuso;06:30-20:30
8.60395;45.42915;NO NOVARA VIA PIETRO GENERALI, 25;NO;NOVARA;VIA PIETRO GENERALI, 25;1,549;07:00-19:30;Chiuso;07:00-19:30
8.649;45.45425;NO NOVARA VIALE GHERZI, 15;NO;NOVARA;VIALE GHERZI, 15;1,329;Chiuso;Chiuso;Chiuso
8.4441;45.45655;NO RECETTO VIA BIANDRATE (SP15/B, KM 1,600);NO;RECETTO;VIA BIANDRATE (SP15/B, KM 1,600);n.p.;06:00-20:00;08:00-12:00;06:00-20:00
8.42475;45.4124;NO SAN NAZZARO SESIA TENUTA DEVESIO;NO;SAN NAZZARO SESIA;TENUTA DEVESIO;1,299;08:00-18:00;Chiuso;08:00-12:00
8.7318;45.4426;NO TRECATE VIA ROMENTINO, 68 (SP4);NO;TRECATE;VIA ROMENTINO, 68 (SP4);1,624;07:30-12:00/14:30-19:00;Chiuso;07:30-12:30
8.6674;45.3601;NO VESPOLATE SP211 DELLA LOMELLINA, KM 70.030;NO;VESPOLATE;SP211 DELLA LOMELLINA, KM 70.030;1,599;07:15-19:00;Chiuso;07:15-14:00
8.45745;45.47135;NO VICOLUNGO VIA DELLA CASTAGNA (SP15/A, KM 0,800);NO;VICOLUNGO;VIA DELLA CASTAGNA (SP15/A, KM 0,800);1,399;07:00-19:30;08:30-13:30;07:00-19:30
7.50605;45.11915;TO ALPIGNANO VIA VALDELLATORRE, 210 (SP177);TO;ALPIGNANO;VIA VALDELLATORRE, 210 (SP177);1,599;07:30-12:30/14:30-19:30;Chiuso;07:30-12:30
7.4086;45.0867;TO AVIGLIANA VIA FRANCESCA E GIOVANNI FALCONE, 103;TO;AVIGLIANA;VIA FRANCESCA E GIOVANNI FALCONE, 103;1,699;07:30-19:15;08:30-12:30;07:30-19:15
7.5828;45.02875;TO BEINASCO VIA SAN LUIGI, 9;TO;BEINASCO;VIA SAN LUIGI, 9;1,599;06:30-20:30;Chiuso;07:00-12:00/14:00-19:00
7.2295;45.1243;TO BORGONE SUSA VIA ABEGG, 84 (SS25);TO;BORGONE SUSA;VIA ABEGG, 84 (SS25);1,562;07:30-12:00/14:30-19:00;Chiuso;08:00-13:00
7.6597;45.3218;TO BUSANO VIA STEFANO BRUDA, 17 (SP13);TO;BUSANO;VIA STEFANO BRUDA, 17 (SP13);1,547;07:00-12:15/14:15-19:00;Chiuso;07:30-12:15
7.87361;45.30806;TO CALUSO VIA PIAVE, 160;TO;CALUSO;VIA PIAVE, 160;1,552;07:00-12:30/14:30-19:00;Chiuso;07:00-12:30
7.70885;44.8714;TO CARMAGNOLA VIA TORINO (SR20 KM 16,329) - LOC SALSASIO;TO;CARMAGNOLA;VIA TORINO (SR20 KM 16,329) - LOC SALSASIO;1,529;07:00-19:00;Chiuso;07:00-12:00
7.7093;45.1567;TO CASELLE TORINESE STRADA CUORGNE' (SP267 KM 10,330) - LOC. MAPPANO;TO;CASELLE TORINESE;STRADA CUORGNE' (SP267 KM 10,330) - LOC. MAPPANO;1,459;07:00-12:30/14:30-19:00;Chiuso;07:00-12:30
7.6554;45.16895;TO CASELLE TORINESE STRADA TORINO;TO;CASELLE TORINESE;STRADA TORINO;1,499;07:30-12:30/14:30-18:30;Chiuso;07:30-12:30
7.7274;45.36205;TO CASTELLAMONTE SP222;TO;CASTELLAMONTE;SP222;1,554;06:30-18:45;Chiuso;06:30-18:45
7.85685;44.99595;TO CHIERI VIA PADANA INFERIORE (SR10, KM 19.311);TO;CHIERI;VIA PADANA INFERIORE (SR10, KM 19.311);1,599;07:30-12:30/14:00-19:00;Chiuso;08:30-12:30/14:00-19:00
7.87311;45.190045;"TO CHIVASSO STRADALE TORINO; 5 (SS11 KM 21;000) ~ ZONA TIRO A VOLO";TO;CHIVASSO;"STRADALE TORINO; 5 (SS11 KM 21;000) ~ ZONA TIRO A VOLO";1,699;07:00-18:00;Chiuso;08:00-18:00
7.5885;45.23345;TO CIRIÈ C.SO GEN. DALLA CHIESA, 75;TO;CIRIÈ;C.SO GEN. DALLA CHIESA, 75;1,495;06:45-19:30;08:00-19:00;06:45-19:30
7.59082;45.12531;TO DRUENTO VIA GALILEO FERRARIS, 2;TO;DRUENTO;VIA GALILEO FERRARIS, 2;1,699;07:00-19:00;Chiuso;07:00-12:30
7.7459;45.2944;TO FELETTO VIA MICHELETTO, 84 (SS460);TO;FELETTO;VIA MICHELETTO, 84 (SS460);1,549;7:00-13:00/15:00-19:00;Chiuso;7:30-13:00/15:00-19:00
7.3645;44.918;TO FROSSASCO VIA PINEROLO, 22 - LOC. TROMBOTTO;TO;FROSSASCO;VIA PINEROLO, 22 - LOC. TROMBOTTO;1,599;07:00-19:00;08:00-12:00/15:00-19:00;07:00-19:00
7.59115;45.05695;TO GRUGLIASCO STRADA DEL GERBIDO, 25;TO;GRUGLIASCO;STRADA DEL GERBIDO, 25;1,999;07:30-19:00;Chiuso;07:30-12:30
7.9065;45.47005;TO IVREA CORSO VERCELLI, 131;TO;IVREA;CORSO VERCELLI, 131;1,548;07:30-12:30/14:30-19:30;Chiuso;07:30-12:30/14:30-19:30
7.65744;44.97571;TO MONCALIERI A55 (TANG. SUD TO) ADS NICHELINO NORD (KM 10,133);TO;MONCALIERI;A55 (TANG. SUD TO) ADS NICHELINO NORD (KM 10,133);1,582;05:00-20:45;05:00-20:45;05:00-20:45
7.86323;45.48586;TO MONTALTO DORA VIA IVREA, 67 (SS26 KM 35,324);TO;MONTALTO DORA;VIA IVREA, 67 (SS26 KM 35,324);1,547;07:00-12:30/14:30-19:00;Chiuso;07:00-12:30/14:30-19:00
7.64547;44.9813;TO NICHELINO A55 (TANG. SUD TO) ADS NICHELINO SUD (KM 11,480);TO;NICHELINO;A55 (TANG. SUD TO) ADS NICHELINO SUD (KM 11,480);1,617;07:00-20:00;06:00-21:00;07:00-20:00
7.6359;44.9858;TO NICHELINO VIA TORINO, 275 (SP143 KM 2,700);TO;NICHELINO;VIA TORINO, 275 (SP143 KM 2,700);1,599;07:00-12:30/14:30-19:00;Chiuso;07:00-12:30
7.33585;44.8559;TO OSASCO VIA PINEROLO, 21;TO;OSASCO;VIA PINEROLO, 21;1,599;07:30-19:00;08:00-13:00;07:30-19:00
7.3535;44.88534;TO PINEROLO CORSO DELLA COSTITUZIONE;TO;PINEROLO;CORSO DELLA COSTITUZIONE;1,599;07:30-19:30;08:00-13:00;07:30-19:30
7.357;44.889;TO PINEROLO CORSO TORINO, 320 (SS589) - LOC. CASCINE BOGLIETTE;TO;PINEROLO;CORSO TORINO, 320 (SS589) - LOC. CASCINE BOGLIETTE;1,297;07:15-12:30/14:30-19:00;Chiuso;07:15-12:30
7.35325;44.8772;TO PINEROLO SP23R DEL COLLE DI SESTRIERE, KM 35,028 (DIR. SUD-OVEST);TO;PINEROLO;SP23R DEL COLLE DI SESTRIERE, KM 35,028 (DIR. SUD-OVEST);1,399;08:00-12:00/15:00-18:00;Chiuso;08:00-12:00
7.83215;44.932;TO POIRINO VIA MAROCCHI (SR29 DEL COLLE DI CADIBONA);TO;POIRINO;VIA MAROCCHI (SR29 DEL COLLE DI CADIBONA);1,599;07:00-19:00;Chiuso;07:00-18:00
7.56395;45.04805;TO RIVOLI SP175 DEL DOJRONE (KM 4,000);TO;RIVOLI;SP175 DEL DOJRONE (KM 4,000);1,719;07:00-19:00;Chiuso;07:00-19:00
7.498;45.0816;TO RIVOLI STRADA DEL FORNAS;TO;RIVOLI;STRADA DEL FORNAS;1,639;07:45-12:30/14:45-19:00;Chiuso;08:00-12:30/15:00-18:00
7.54328;45.21403;TO ROBASSOMERO VIA LANZO, 61;TO;ROBASSOMERO;VIA LANZO, 61;1,999;07:30-12:30/14:30-19:00;Chiuso;07:30-12:30/14:30-18:00
7.627;45.19475;TO SAN MAURIZIO CANAVESE VIA TORINO, 147 (SP2 KM 16) - LOC. CERETTA;TO;SAN MAURIZIO CANAVESE;VIA TORINO, 147 (SP2 KM 16) - LOC. CERETTA;1,499;06:30-20:30;08:00-19:00;06:30-20:30
7.742;45.138;TO SETTIMO TORINESE A4 ADS SETTIMO TORINESE SUD (KM 2,600);TO;SETTIMO TORINESE;A4 ADS SETTIMO TORINESE SUD (KM 2,600);1,650;00:00-24:00;00:00-24:00;00:00-24:00
7.7677;45.1244;TO SETTIMO TORINESE SP11 PADANA SUPERIORE, KM 9,800;TO;SETTIMO TORINESE;SP11 PADANA SUPERIORE, KM 9,800;1,549;07:00-19:00;Chiuso;07:00-13:00
7.74;45.1442;TO SETTIMO TORINESE VIA NICCOLO' PAGANINI, 6;TO;SETTIMO TORINESE;VIA NICCOLO' PAGANINI, 6;1,329;06:00-20:00;08:00-18:00;08:00-18:00
7.69715;45.11;TO TORINO CORSO VERCELLI, 293;TO;TORINO;CORSO VERCELLI, 293;1,413;07:00-18:45;Chiuso;07:30-18:45
7.727804;45.117;TO TORINO STRADA VICINALE DELLE CASCINETTE#;TO;TORINO;STRADA VICINALE DELLE CASCINETTE#;1,389;Chiuso;Chiuso;Chiuso
7.70669;45.10015;TO TORINO VIA BOTTICELLI, 62/A;TO;TORINO;VIA BOTTICELLI, 62/A;1,414;07:30-18:30;Chiuso;Chiuso
7.70381;45.10161;TO TORINO VIA BOTTICELLI, 71;TO;TORINO;VIA BOTTICELLI, 71;1,599;07:00-20:50;07:00-12:50;07:00-20:50
7.67825;45.08135;TO TORINO VIA CIGNA, 18;TO;TORINO;VIA CIGNA, 18;1,559;07:30-12:15/14:30-18:45;Chiuso;08:00-12:00
7.70389;45.12626;TO TORINO VIA DI CUORGNÈ, 102/A;TO;TORINO;VIA DI CUORGNÈ, 102/A;1,499;08:00-12:30/15:00-19:00;Chiuso;08:30-12:30
7.621;45.0991;TO TORINO VIA PIANEZZA 385;TO;TORINO;VIA PIANEZZA 385;1,419;07:30-19:00;Chiuso;07:30-19:00
7.6378;45.0994;TO TORINO VIA SANSOVINO, 44/A;TO;TORINO;VIA SANSOVINO, 44/A;1,449;Chiuso;Chiuso;Chiuso
7.97365;45.234;TO TORRAZZA PIEMONTE SP90 PER RONDISSONE KM 4,821;TO;TORRAZZA PIEMONTE;SP90 PER RONDISSONE KM 4,821;1,399;07:30-12:30/14:30-19:00;Chiuso;07:30-12:30/14:30-19:00
7.9478;45.22605;TO VEROLENGO SS11 PADANA SUPERIORE, 35 - LOC. CASABIANCA;TO;VEROLENGO;SS11 PADANA SUPERIORE, 35 - LOC. CASABIANCA;1,489;07:00-19:00;Chiuso;07:00-15:30
7.50719;44.84747;TO VIGONE VIA RONCO (SP139, KM 18,100);TO;VIGONE;VIA RONCO (SP139, KM 18,100);1,599;07:00-12:30/14:30-19:00;Chiuso;07:00-12:30/14:30-19:00
7.7844;45.1912;TO VOLPIANO CORSO EMANUELE KANT 62;TO;VOLPIANO;CORSO EMANUELE KANT 62;1,329;05:00-19:00;Chiuso;05:00-12:00
8.297605;46.123301;VB DOMODOSSOLA VIA PIAVE 110#;VB;DOMODOSSOLA;VIA PIAVE 110#;1,690;07:30-19:30;07:30-13:00;07:30-19:30
8.2731;46.0235;VB PIEDIMULERA VIA ROMA, 157 (SS549 DI MACUGNAGA);VB;PIEDIMULERA;VIA ROMA, 157 (SS549 DI MACUGNAGA);1,547;07:00-12:00/14:00-19:00;Chiuso;07:00-12:00
8.456703;45.93825;"VB VERBANIA VIA QUARANTADUE MARTIRI; 208\/A (SS34 KM 2;354) ~ LOC. FONDOTOCE";VB;VERBANIA;"VIA QUARANTADUE MARTIRI; 208\/A (SS34 KM 2;354) ~ LOC. FONDOTOCE";1,577;07:00-12:00/13:30-18:30;Chiuso;07:00-12:00
8.06875;45.1934;VC CRESCENTINO STRADA TORINO, 12 (SS31BIS) - LOC.CASCINOTTI;VC;CRESCENTINO;STRADA TORINO, 12 (SS31BIS) - LOC.CASCINOTTI;1,449;05:00-19:00;Chiuso;05:00-12:00
8.14655;45.37985;VC SANTHIÀ VIA ADRIANO OLIVETTI - LOC. MOLETO;VC;SANTHIÀ;VIA ADRIANO OLIVETTI - LOC. MOLETO;1,548;07:30-12:30/14:30-18:30;Chiuso;07:30-12:30/14:30-18:30
8.29925;45.69235;VC SERRAVALLE SESIA VIA XXV APRILE, 8 (SS299 KM 38.100) - LOC. BORNATE;VC;SERRAVALLE SESIA;VIA XXV APRILE, 8 (SS299 KM 38.100) - LOC. BORNATE;1,559;07:30-12:30/15:00-18:30;Chiuso;08:00-12:00
8.3928;45.295;VC VERCELLI VIA NELSON MANDELA - LOC. LARIZZATE;VC;VERCELLI;VIA NELSON MANDELA - LOC. LARIZZATE;1,690;07:30-19:30;08:30-13:00;08:00-19:30
8.3475;45.4559;VC VILLARBOIT A4 ADS VILLARBOIT SUD (KM 64,200);VC;VILLARBOIT;A4 ADS VILLARBOIT SUD (KM 64,200);1,559;00:00-24:00;00:00-24:00;00:00-24:00
9.819;45.77885;BG ALBINO TANG.LE CLUSONE-BERGAMO (DIR. SUD);BG;ALBINO;TANG.LE CLUSONE-BERGAMO (DIR. SUD);1,599;05:00-20:00;Chiuso;05:00-20:00
9.6943;45.69805;BG BERGAMO VIA CIRCONVALLAZIONE DELLE VALLI;BG;BERGAMO;VIA CIRCONVALLAZIONE DELLE VALLI;1,549;06:00-19:00;Chiuso;06:00-18:00
9.6786;45.665;BG BERGAMO VIA ZANICA, 119 (ANG. SP591 CREMASCA);BG;BERGAMO;VIA ZANICA, 119 (ANG. SP591 CREMASCA);1,565;06:30-21:30;08:00-12:00/15:00-19:00;06:30-21:30
9.5548;45.6102;BG BREMBATE VIA OROBIE, 1;BG;BREMBATE;VIA OROBIE, 1;1,385;06:00-20:00;Chiuso;06:00-13:00
9.6401;45.54045;BG BRIGNANO GERA D'ADDA VIA TREVIGLIO, 1 (SP128);BG;BRIGNANO GERA D'ADDA;VIA TREVIGLIO, 1 (SP128);1,580;07:00-12:00/14:00-18:30;Chiuso;07:00-12:00/14:00-18:00
9.7612;45.6823;BG BRUSAPORTO SS42, KM 28,250;BG;BRUSAPORTO;SS42, KM 28,250;1,999;05:30-19:30;Chiuso;05:30-19:30
9.793;45.5969;BG CALCINATE SP97 KM 18,985 - LOC. CASCINA BRASILE;BG;CALCINATE;SP97 KM 18,985 - LOC. CASCINA BRASILE;1,449;06:00-19:00;08:00-12:30;06:00-19:00
9.752;45.64305;BG CALCINATE SS498 SONCINESE, KM 5,206 - LOC. PALAZZINA NUOVA;BG;CALCINATE;SS498 SONCINESE, KM 5,206 - LOC. PALAZZINA NUOVA;1,599;07:00-12:15/14:00-19:15;Chiuso;07:00-12:15/14:00-19:15
9.63445;45.5117;BG CARAVAGGIO A35 ADS ADDA NORD;BG;CARAVAGGIO;A35 ADS ADDA NORD;1,559;06:00-22:00;06:00-22:00;06:00-22:00
9.6365;45.5106;BG CARAVAGGIO A35 ADS ADDA SUD;BG;CARAVAGGIO;A35 ADS ADDA SUD;1,559;06:00-22:00;06:00-22:00;06:00-22:00
9.90825;45.74315;BG CASAZZA VIA NAZIONALE, 25 (SS42 DEL TONALE E DELLA MENDOLA);BG;CASAZZA;VIA NAZIONALE, 25 (SS42 DEL TONALE E DELLA MENDOLA);1,352;04:00-20:00;Chiuso;04:00-20:00
9.87065;45.8371;BG CASNIGO VIA SERIO, 70 (SS671) - LOC. PONTE DEL COSTONE;BG;CASNIGO;VIA SERIO, 70 (SS671) - LOC. PONTE DEL COSTONE;1,699;07:00-12:00/14:00-19:00;Chiuso;07:00-12:00/14:00-19:00
9.8872;45.63815;BG CASTELLI CALEPIO VIA DEI MILLE, 188 (SP91);BG;CASTELLI CALEPIO;VIA DEI MILLE, 188 (SP91);1,820;07:15-12:15/14:30-19:15;Chiuso;07:15-12:15/14:30-18:45
9.9608;45.8831;BG CLUSONE SP EXSS671 DELLA VALSERIANA, KM 35,900;BG;CLUSONE;SP EXSS671 DELLA VALSERIANA, KM 35,900;1,659;07:30-12:15/14:00-19:00;Chiuso;07:30-16:30
9.804;45.6565;BG COSTA DI MEZZATE SP91BIS;BG;COSTA DI MEZZATE;SP91BIS;1,350;06:30-19:00;Chiuso;06:30-18:00
9.6132;45.6795;BG CURNO SS671, KM 0,982;BG;CURNO;SS671, KM 0,982;1,352;06:00-19:25;07:00-12:25;06:00-12:25
9.617;45.68335;BG CURNO VIA ENRICO FERMI, 1;BG;CURNO;VIA ENRICO FERMI, 1;1,352;07:30-20:00;08:00-20:00;08:00-20:00
9.616;45.6465;BG DALMINE VIA PROVINCIALE, 39 (SS525 DEL BREMBO);BG;DALMINE;VIA PROVINCIALE, 39 (SS525 DEL BREMBO);1,629;07:30-12:30/14:30-19:00;Chiuso;07:30-12:30/14:30-18:30
9.5485;45.6213;BG FILAGO VIA DELLE INDUSTRIE, 22 (SP183) - Z.I. MARNE;BG;FILAGO;VIA DELLE INDUSTRIE, 22 (SP183) - Z.I. MARNE;n.p.;05:00-18:00;Chiuso;07:00-12:00
9.81275;45.47375;BG FONTANELLA SP105;BG;FONTANELLA;SP105;1,595;06:30-12:15/14:30-19:15;Chiuso;06:30-12:15/14:30-19:15
9.7101;45.66015;BG GRASSOBBIO VIA AZZANO SAN PAOLO, 36;BG;GRASSOBBIO;VIA AZZANO SAN PAOLO, 36;1,599;07:30-19:30;Chiuso;07:30-19:30
9.5609;45.7143;BG MAPELLO VIA STRADA REGIA 4;BG;MAPELLO;VIA STRADA REGIA 4;1,399;07:30-12:30/15:00-19:30;Chiuso;07:30-12:30/15:00-19:30
9.74965;45.7362;BG NEMBRO VIA ACQUA DEI BUOI, 13;BG;NEMBRO;VIA ACQUA DEI BUOI, 13;1,499;07:00-12:45/15:00-18:15;Chiuso;07:00-12:15
9.691;45.665;BG ORIO AL SERIO VIA PORTICO, 71;BG;ORIO AL SERIO;VIA PORTICO, 71;1,442;08:30-19:45;Chiuso;08:30-19:45
9.8107;45.6805;BG SAN PAOLO D'ARGON SS42, KM 32,413 - LOC. SAN LORENZO;BG;SAN PAOLO D'ARGON;SS42, KM 32,413 - LOC. SAN LORENZO;1,499;06:15-12:15/14:30-19:00;Chiuso;06:45-12:30
9.679;45.5928;BG SPIRANO VIA FRANCESCA (SP122 KM 10);BG;SPIRANO;VIA FRANCESCA (SP122 KM 10);1,352;07:00-18:45;Chiuso;08:00-12:00
9.5157;45.6581;BG SUISIO VIA MARCONI (SP158);BG;SUISIO;VIA MARCONI (SP158);1,508;07:00-12:30/13:30-20:00;08:00-13:00;07:00-12:30/13:30-20:00
9.8517;45.6327;BG TELGATE VIA SANDRO PERTINI, 8 (SP87 VAR, KM 1,700);BG;TELGATE;VIA SANDRO PERTINI, 8 (SP87 VAR, KM 1,700);1,445;06:30-19:00;Chiuso;06:30-14:00
9.58685;45.51145;BG TREVIGLIO VIA CALVENZANO (SP136, KM 0.300);BG;TREVIGLIO;VIA CALVENZANO (SP136, KM 0.300);1,439;06:00-20:00;Chiuso;06:00-20:00
9.9077;45.7337;BG VIGANO SAN MARTINO VIA NAZIONALE, 26 (SS42 KM 42,100) - LOC. LA MARTINA;BG;VIGANO SAN MARTINO;VIA NAZIONALE, 26 (SS42 KM 42,100) - LOC. LA MARTINA;1,329;Chiuso;Chiuso;Chiuso
9.70745;45.64525;BG ZANICA SS591BIS, KM 3,761;BG;ZANICA;SS591BIS, KM 3,761;1,559;06:00-12:00/14:00-19:00;Chiuso;07:00-14:00
10.3878;45.4849;BS BEDIZZOLE SS11, KM 0,950 (DIR. BS);BS;BEDIZZOLE;SS11, KM 0,950 (DIR. BS);1,299;06:30-20:30;Chiuso;06:30-20:30
10.33222;45.98806;BS BRAONE VIA NAZIONALE 24;BS;BRAONE;VIA NAZIONALE 24;1,699;07:00-19:30;Chiuso;07:00-17:30
10.20155;45.51875;BS BRESCIA BRESCIA (BS), VIA DE GASPERI, 5 (SS11 - TANG. SUD, DIR. MI);BS;BRESCIA;BRESCIA (BS), VIA DE GASPERI, 5 (SS11 - TANG. SUD, DIR. MI);1,629;06:30-19:15;Chiuso;06:30-12:30/14:00-18:00
10.21645;45.57225;BS BRESCIA TANG. OVEST MONTELUNGO (SS345) - ZONA PALAZZOLI;BS;BRESCIA;TANG. OVEST MONTELUNGO (SS345) - ZONA PALAZZOLI;1,302;07:00-19:00;Chiuso;07:30-12:30/14:30-18:00
10.23064;45.51294;BS BRESCIA VIA BORGOSATOLLO, 7;BS;BRESCIA;VIA BORGOSATOLLO, 7;1,389;07:00-19:00;Chiuso;07:00-12:30
10.2025;45.5177;BS BRESCIA VIA DE GASPERI, 4 (SS11 - TANG. SUD, DIR. VR);BS;BRESCIA;VIA DE GASPERI, 4 (SS11 - TANG. SUD, DIR. VR);1,629;06:00-19:00;Chiuso;07:00-17:00
10.17765;45.5079;BS BRESCIA VIA LABIRINTO, 390 - LOC. VILLAGGIO SERENO - FORNACI;BS;BRESCIA;VIA LABIRINTO, 390 - LOC. VILLAGGIO SERENO - FORNACI;1,599;06:00-21:00;08:30-13:00/16:00-20:00;06:00-21:00
10.211501;45.518051;"BS BRESCIA VIA MALTA; 25\/D";BS;BRESCIA;"VIA MALTA; 25\/D";1,859;07:00-19:30;08:00-12:30;07:00-19:30
10.27547;45.50532;BS BRESCIA VIA SERENISSIMA, 19 - LOC. SANT'EUFEMIA;BS;BRESCIA;VIA SERENISSIMA, 19 - LOC. SANT'EUFEMIA;1,699;07:00-20:00;08:00-13:00;07:00-20:00
10.42845;45.4351;BS CALCINATO VIA BOSSOTTI, 15;BS;CALCINATO;VIA BOSSOTTI, 15;1,288;07:15-12:15/14:15-19:00;08:00-12:00;07:15-12:15/14:15-19:00
10.297;45.4797;BS CASTENEDOLO STRADA BRUNO BONI, 7/9;BS;CASTENEDOLO;STRADA BRUNO BONI, 7/9;1,799;07:00-12:00/14:00-19:00;Chiuso;07:00-12:00/14:00-19:00
10.3184;45.4615;BS CASTENEDOLO TANG.LE EST BS, KM 2,900 (DIR. SUD);BS;CASTENEDOLO;TANG.LE EST BS, KM 2,900 (DIR. SUD);1,299;06:30-12:00/14:30-18:30;Chiuso;Chiuso
9.9102;45.5253;BS CHIARI SS11 BIS KM 3,175;BS;CHIARI;SS11 BIS KM 3,175;1,499;07:00-12:00/14:00-19:00;Chiuso;07:00-12:00/14:00-18:00
9.9243;45.5822;BS COLOGNE VIA BRESCIA (SS573 KM 13,4);BS;COLOGNE;VIA BRESCIA (SS573 KM 13,4);1,549;07:00-19:45;Chiuso;07:00-19:00
10.0956;45.4399;BS DELLO VIA BORGO BELVEDERE (SP IX QUINZANESE, KM 14,518) - ADS DELLO NORD;BS;DELLO;VIA BORGO BELVEDERE (SP IX QUINZANESE, KM 14,518) - ADS DELLO NORD;1,659;07:00-12:30/14:15-18:30;Chiuso;07:00-12:30
10.0847;45.42485;BS DELLO VIA BORGO BELVEDERE, 6 (SP IX QUINZANESE KM 16,269) - LOC. PONTEROSSO;BS;DELLO;VIA BORGO BELVEDERE, 6 (SP IX QUINZANESE KM 16,269) - LOC. PONTEROSSO;1,499;07:00-19:00;08:00-12:00;07:00-19:00
10.2196;45.9031;BS ESINE VIA TOROSELLE, 4 (SS42 DIR. NORD);BS;ESINE;VIA TOROSELLE, 4 (SS42 DIR. NORD);1,599;07:30-12:30/14:30-19:00;07:30-12:00;07:30-12:30/14:30-19:00
10.5154;45.42785;BS LONATO DEL GARDA VIA BRODENA (ANG. SS567 VIA MANTOVA);BS;LONATO DEL GARDA;VIA BRODENA (ANG. SS567 VIA MANTOVA);1,329;07:30-19:50;Chiuso;07:30-19:50
10.4715;45.449908;"BS LONATO DEL GARDA VIA TRIVELLINO 2\/B (SP BS 668; KM 2;215)";BS;LONATO DEL GARDA;"VIA TRIVELLINO 2\/B (SP BS 668; KM 2;215)";1,299;07:00-12:30/14:30-19:00;08:30-11:00;07:00-17:00
10.3493;45.50275;BS MAZZANO VIA BRESCIA, 128 - LOC. MOLINETTO;BS;MAZZANO;VIA BRESCIA, 128 - LOC. MOLINETTO;1,297;06:00-20:00;Chiuso;06:00-20:00
10.4269;45.4052;BS MONTICHIARI VIA MANTOVA, 273 (SP236 KM 39.250);BS;MONTICHIARI;VIA MANTOVA, 273 (SP236 KM 39.250);1,499;7:00-12:30/14:30-19:30;Chiuso;7:00-12:30/14:30-19:30
10.3883;45.5278;BS NUVOLERA VIA VARIANTE SS45 BIS (KM 54,780);BS;NUVOLERA;VIA VARIANTE SS45 BIS (KM 54,780);1,499;07:00-19:00;08:00-12:00;07:00-18:00
10.0711;45.5751;BS PASSIRANO SP19 KM 11.830;BS;PASSIRANO;SP19 KM 11.830;1,639;06:30-19:00;Chiuso;06:30-12:30
10.2;45.453;BS PONCARALE SS45 BIS KM 38.230;BS;PONCARALE;SS45 BIS KM 38.230;1,529;07:00-12:00/14:00-18:00;Chiuso;07:00-12:00
10.3399;45.50435;BS REZZATO VIA TREPONTI;BS;REZZATO;VIA TREPONTI;1,297;07:30-13:00/14:30-19:00;08:30-12:30/14:30-19:00;07:30-13:00/14:30-19:00
10.08655;45.6029;BS RODENGO SAIANO SS510, KM 7,960 (DIR. ISEO);BS;RODENGO SAIANO;SS510, KM 7,960 (DIR. ISEO);1,699;06:00-12:15/14:00-18:50;Chiuso;06:00-11:00
10.1182;45.579;BS RODENGO SAIANO VIA INDUSTRIALE, 8;BS;RODENGO SAIANO;VIA INDUSTRIALE, 8;1,829;07:30-11:45/14:30-18:45;10:00-12:45/15:00-18:45;07:30-11:45/14:30-18:45
10.15015;45.5327;BS RONCADELLE A4 ADS VALTROMPIA NORD (KM 213,700);BS;RONCADELLE;A4 ADS VALTROMPIA NORD (KM 213,700);1,539;00:00-24:00;00:00-24:00;00:00-24:00
10.1495;45.5322;BS RONCADELLE A4 ADS VALTROMPIA SUD (KM 214);BS;RONCADELLE;A4 ADS VALTROMPIA SUD (KM 214);1,699;00:00-24:00;00:00-24:00;00:00-24:00
10.1521;45.537;BS RONCADELLE TANGENZIALE SUD (SP11 KM 2,500 DIR. VERONA);BS;RONCADELLE;TANGENZIALE SUD (SP11 KM 2,500 DIR. VERONA);1,749;07:30-19:00;Chiuso;07:30-14:00
10.012;45.55515;BS ROVATO VIA I° MAGGIO (SP16, KM 1,358);BS;ROVATO;VIA I° MAGGIO (SP16, KM 1,358);1,497;07:30-12:15/15:00-19:00;Chiuso;08:00-12:00
10.04925;45.3662;BS VEROLANUOVA VIA DELLE FILANDE - LOC. CABRE;BS;VEROLANUOVA;VIA DELLE FILANDE - LOC. CABRE;1,494;07:30-19:30;Chiuso;07:30-19:30
10.113;45.31585;BS VEROLANUOVA VIA KENNEDY (SP11) - LOC. BETTOLINO;BS;VEROLANUOVA;VIA KENNEDY (SP11) - LOC. BETTOLINO;1,399;09:00-18:30;Chiuso;09:00-18:30
10.1999;45.6273;BS VILLA CARCINA VIA FRANCESCO GLISENTI, 72 (SP BS 345);BS;VILLA CARCINA;VIA FRANCESCO GLISENTI, 72 (SP BS 345);1,799;07:30-12:00/14:00-18:45;Chiuso;07:30-12:00
9.2056;45.76475;CO ANZANO DEL PARCO VIA PER CAVOLTO;CO;ANZANO DEL PARCO;VIA PER CAVOLTO;1,479;09:00-12:15/15:00-19:00;Chiuso;09:00-13:00
9.0645;45.6924;CO BREGNANO VIA BEATO MICHELE CARCANO 2/A (SP32 BIZZARRONE-CERMENATE);CO;BREGNANO;VIA BEATO MICHELE CARCANO 2/A (SP32 BIZZARRONE-CERMENATE);1,397;06:00-20:00;07:30-12:30;06:00-20:00
9.0279;45.72915;CO CADORAGO A9 ADS LARIO OVEST (KM 27,600);CO;CADORAGO;A9 ADS LARIO OVEST (KM 27,600);1,599;00:00-24:00;00:00-24:00;00:00-24:00
9.1544;45.7189;CO CANTÙ VIALE LOMBARDIA - LOC. MIRABELLO;CO;CANTÙ;VIALE LOMBARDIA - LOC. MIRABELLO;1,439;08:00-13:00/14:00-19:00;Chiuso;08:00-13:00/14:00-19:00
9.0862;45.78505;CO COMO VIA CANTURINA, 85;CO;COMO;VIA CANTURINA, 85;1,699;07:30-12:30/14:30-19:00;Chiuso;07:30-12:30
9.05375;45.78635;CO COMO VIA COLOMBO - LOC. LAZZAGO;CO;COMO;VIA COLOMBO - LOC. LAZZAGO;1,601;07:00-13:00/15:00-19:00;Chiuso;07:00-13:00/14:00-19:00
9.2253;45.8038;CO ERBA VIALE PREALPI, 32;CO;ERBA;VIALE PREALPI, 32;1,584;07:00-12:30/14:00-19:00;Chiuso;07:00-12:30/14:00-17:00
9.4112;46.1449;CO GERA LARIO VIA AL TRIVIO, 6 - LOC. TRIVIO FUENTES;CO;GERA LARIO;VIA AL TRIVIO, 6 - LOC. TRIVIO FUENTES;1,220;Chiuso;Chiuso;Chiuso
9.05885;45.77022;CO GRANDATE VIA STRADA STATALE DEI GIOVI, 2/A (C/O CENTRO COMM. IPER);CO;GRANDATE;VIA STRADA STATALE DEI GIOVI, 2/A (C/O CENTRO COMM. IPER);1,498;08:00-19:00;Chiuso;08:00-19:00
9.98492;45.28245;CR BORDOLANO SP86, 2;CR;BORDOLANO;SP86, 2;1,199;07:00-12:00/14:00-19:00;Chiuso;07:00-12:00/14:00-19:00
10.435;44.97725;CR CASALMAGGIORE VIA MARZABOTTO, 41;CR;CASALMAGGIORE;VIA MARZABOTTO, 41;1,649;07:00-19:30;Chiuso;07:00-19:30
10.00165;45.18155;CR CASTELVERDE VIA BERGAMO (SP498, KM 64,982);CR;CASTELVERDE;VIA BERGAMO (SP498, KM 64,982);1,499;07:00-19:00;08:00-12:30;08:00-18:00
9.66993;45.37123;CR CREMA VIA TREVIGLIO, 14;CR;CREMA;VIA TREVIGLIO, 14;1,459;07:00-13:00;08:00-12:15;07:00-13:00/14:00-19:30
10.0586;45.135;CR CREMONA VIA POSTUMIA, 138;CR;CREMONA;VIA POSTUMIA, 138;1,649;06:30-19:30;07:00-12:30;06:30-19:30
9.97395;45.16765;CR CREMONA VIA SAN PREDENGO, 52 (SS415 PAULLESE, KM 68,850) - LOC. COSTA SANT'ABRAMO;CR;CREMONA;VIA SAN PREDENGO, 52 (SS415 PAULLESE, KM 68,850) - LOC. COSTA SANT'ABRAMO;1,649;07:00-12:30/14:30-19:00;Chiuso;07:00-12:30/14:30-18:30
9.73395;45.33535;CR MADIGNANO SS415 PAULLESE KM. 40+820;CR;MADIGNANO;SS415 PAULLESE KM. 40+820;1,449;07:00-12:00/13:30-18:30;Chiuso;07:00-12:00
9.945606;45.153303;CR SESTO ED UNITI VIA ACQUAVIVA SNC#;CR;SESTO ED UNITI;VIA ACQUAVIVA SNC#;1,383;07:00-13:00/14:00-19:00;Chiuso;07:00-13:00
9.3157;45.6805;LC CASATENOVO VIA BOSCHETTO;LC;CASATENOVO;VIA BOSCHETTO;1,585;07:00-12:30/14:00-19:00;Chiuso;07:30-12:30/14:00-18:30
9.6289;45.1757;LO CASALPUSTERLENGO SP234, KM 39,000;LO;CASALPUSTERLENGO;SP234, KM 39,000;1,489;07:00-12:30/14:00-19:00;Chiuso;07:00-12:30
9.68695;45.1218;LO FOMBIO SS9 KM 207,709 (DIR. LODI);LO;FOMBIO;SS9 KM 207,709 (DIR. LODI);1,499;07:30-12:30/15:00-19:00;Chiuso;07:30-12:30
9.6845;45.10375;LO GUARDAMIGLIO VIA EMILIA, 18 (SS9 KM 268,650);LO;GUARDAMIGLIO;VIA EMILIA, 18 (SS9 KM 268,650);1,999;07:00-20:00;07:00-19:30;07:00-19:30
9.46905;45.32275;LO LODI VIALE MILANO, 105 - LOC. SAN GRATO;LO;LODI;VIALE MILANO, 105 - LOC. SAN GRATO;1,599;07:00-12:30/15:00-19:00;08:00-12:30;07:00-12:30
9.47749;45.32249;LO LODI VIALE MILANO, 62;LO;LODI;VIALE MILANO, 62;1,399;06:00-12:45/14:00-19:00;08:00-11:45;06:00-12:45
9.4603;45.32665;LO MONTANASO LOMBARDO VIA PAULLESE (SP16) - LOC. SAN GRATO;LO;MONTANASO LOMBARDO;VIA PAULLESE (SP16) - LOC. SAN GRATO;1,599;09:00-19:00;00:00-24:00;09:00-14:00
9.53525;45.24745;LO OSSAGO LODIGIANO SP107, KM 7,000;LO;OSSAGO LODIGIANO;SP107, KM 7,000;1,499;07:00-19:00;08:00-12:30;07:00-19:00
9.634;45.1421;LO SOMAGLIA A1 ADS SOMAGLIA OVEST (KM 43,500);LO;SOMAGLIA;A1 ADS SOMAGLIA OVEST (KM 43,500);1,565;00:00-24:00;00:00-24:00;00:00-24:00
9.424;45.3322;LO TAVAZZANO CON VILLAVESCO SS9 VIA EMILIA - LOC. CASCINA ANTEGNATICA;LO;TAVAZZANO CON VILLAVESCO;SS9 VIA EMILIA - LOC. CASCINA ANTEGNATICA;1,100;06:00-19:30;08:00-12:00;06:00-19:30
9.44315;45.4093;LO ZELO BUON PERSICO SS415 PAULLESE KM 15.158;LO;ZELO BUON PERSICO;SS415 PAULLESE KM 15.158;1,599;06:00-12:30/14:00-19:00;Chiuso;06:30-12:30/14:00-18:00
9.35375;45.56785;MB AGRATE BRIANZA VIA INDUSTRIE, 12 (SP121);MB;AGRATE BRIANZA;VIA INDUSTRIE, 12 (SP121);1,399;05:30-21:30;08:00-13:00;06:00-20:00
9.436408;45.615554;"MB BELLUSCO VIA ADDA; 24";MB;BELLUSCO;"VIA ADDA; 24";1,354;07:00-12:00/14:00-19:00;Chiuso;08:00-12:00
9.1639;45.6143;MB BOVISIO MASCIAGO VIA PROF. G. FORTUZZI;MB;BOVISIO MASCIAGO;VIA PROF. G. FORTUZZI;1,399;06:00-20:00;07:00-20:00;06:00-20:00
9.3221;45.54845;MB BRUGHERIO VIA DEI MILLE, 151 (SP208 KM 1,540);MB;BRUGHERIO;VIA DEI MILLE, 151 (SP208 KM 1,540);1,399;07:30-12:30/14:00-18:45;Chiuso;07:30-12:30
9.39445;45.57455;MB CAPONAGO A4 ADS BRIANZA SUD (KM 148,400);MB;CAPONAGO;A4 ADS BRIANZA SUD (KM 148,400);1,585;00:00-24:00;00:00-24:00;00:00-24:00
9.32425;45.60415;MB CONCOREZZO SP60 MONZESE, KM 0.700 DIR. NORD;MB;CONCOREZZO;SP60 MONZESE, KM 0.700 DIR. NORD;1,399;07:00-19:00;Chiuso;Chiuso
9.4778;45.6236;MB CORNATE D'ADDA VIA ENRICO BERLINGUER, 61 - LOC. COLNAGO;MB;CORNATE D'ADDA;VIA ENRICO BERLINGUER, 61 - LOC. COLNAGO;1,449;08:00-12:30/14:30-19:00;Chiuso;08:00-12:30/14:00-18:00
9.20135;45.6008;MB DESIO VIA AMBROSOLI;MB;DESIO;VIA AMBROSOLI;1,649;07:00-13:00;Chiuso;07:00-13:00
9.22755;45.57065;MB MONZA SP151;MB;MONZA;SP151;1,599;07:30-12:30/14:00-19:00;Chiuso;07:30-12:30
9.28115;45.5658;MB MONZA VIALE ENRICO FERMI, 10;MB;MONZA;VIALE ENRICO FERMI, 10;1,324;07:00-12:00/14:00-19:00;Chiuso;07:30-12:00
9.3112;45.6173;MB VILLASANTA (C) VIA TIZIANO VECELLIO, 1;MB;VILLASANTA;VIA TIZIANO VECELLIO, 1;1,315;Chiuso;Chiuso;Chiuso
9.0549;45.5622;MI ARESE VIA GIUSEPPE EUGENIO LURAGHI;MI;ARESE;VIA GIUSEPPE EUGENIO LURAGHI;1,449;07:45-19:45;Chiuso;07:45-19:45
9.12285;45.40065;MI ASSAGO A50 ADS ASSAGO OVEST (TANG. OVEST MI);MI;ASSAGO;A50 ADS ASSAGO OVEST (TANG. OVEST MI);1,699;06:00-21:50;06:00-21:50;06:00-21:50
9.1295;45.559;MI BOLLATE VIA PACE, 50;MI;BOLLATE;VIA PACE, 50;1,599;07:00-19:00;Chiuso;08:00-12:00
8.8701;45.5457;MI BUSTO GAROLFO VIA ARCONATE, 120 (SP198);MI;BUSTO GAROLFO;VIA ARCONATE, 120 (SP198);1,439;07:00-19:30;07:00-13:00;07:00-19:30
9.28545;45.34835;MI CARPIANO SP40, 24 - LOC. FRANCOLINO;MI;CARPIANO;SP40, 24 - LOC. FRANCOLINO;n.p.;Chiuso;Chiuso;Chiuso
9.2798;45.34725;MI CARPIANO SP40, 3 - LOC. FRANCOLINO;MI;CARPIANO;SP40, 3 - LOC. FRANCOLINO;1,399;05:00-21:30;Chiuso;08:00-20:00
9.24503;45.33487;MI CARPIANO SP40, KM 11,500;MI;CARPIANO;SP40, KM 11,500;1,729;06:00-12:00/14:00-18:20;Chiuso;07:00-12:30
8.7811;45.5434;MI CASTANO PRIMO VIA PER BUSCATE (SP34 DIR);MI;CASTANO PRIMO;VIA PER BUSCATE (SP34 DIR);1,679;07:30-12:30/14:30-19:00;Chiuso;07:30-12:30
9.05885;45.57935;MI GARBAGNATE MILANESE VIA TRATTATI DI ROMA - LOC. BARIANA;MI;GARBAGNATE MILANESE;VIA TRATTATI DI ROMA - LOC. BARIANA;1,549;07:00-20:00;08:00-20:00;08:00-20:00
9.50465;45.58585;MI GREZZAGO SP179, KM 6,847;MI;GREZZAGO;SP179, KM 6,847;1,559;07:30-12:30/15:00-19:00;Chiuso;07:30-12:30
9.4867;45.5349;MI INZAGO VIA PADANA SUPERIORE, 1 (SS11);MI;INZAGO;VIA PADANA SUPERIORE, 1 (SS11);1,599;07:30-12:30/14:30-19:00;08:30-12:15;07:30-12:30/14:30-19:00
9.18705;45.3225;MI LACCHIARELLA VIA CASCINA NUOVA;MI;LACCHIARELLA;VIA CASCINA NUOVA;1,599;07:00-18:30;Chiuso;07:00-13:30
9.0397;45.5598;MI LAINATE A8 ADS VILLORESI EST (KM 7,600);MI;LAINATE;A8 ADS VILLORESI EST (KM 7,600);1,699;00:00-24:00;00:00-24:00;00:00-24:00
9.0407;45.558;MI LAINATE A8 ADS VILLORESI OVEST (KM 7,600);MI;LAINATE;A8 ADS VILLORESI OVEST (KM 7,600);1,993;06:00-22:00;06:00-22:00;06:00-22:00
8.901;45.60495;MI LEGNANO VIA PER BUSTO ARSIZIO (SP527);MI;LEGNANO;VIA PER BUSTO ARSIZIO (SP527);1,599;07:00-18:45;08:00-11:45;07:30-16:45
8.8687;45.47967;MI MARCALLO CON CASONE VIA DE GASPERI, 130;MI;MARCALLO CON CASONE;VIA DE GASPERI, 130;1,649;07:00-12:30/14:30-18:45;Chiuso;07:00-12:15
9.35585;45.404;MI MEDIGLIA STRADA PROVINCIALE DELLA CERCA (SP39, KM 5.510) - LOC. BUSTIGHERA;MI;MEDIGLIA;STRADA PROVINCIALE DELLA CERCA (SP39, KM 5.510) - LOC. BUSTIGHERA;1,599;07:00-12:30/14:00-18:15;Chiuso;07:00-12:00
9.2614;45.5072;MI MILANO A51 ADS CASCINA GOBBA EST (TANG. EST MI);MI;MILANO;A51 ADS CASCINA GOBBA EST (TANG. EST MI);1,549;06:00-21:50;06:00-21:50;06:00-21:50
9.2593;45.5065;MI MILANO A51 ADS CASCINA GOBBA OVEST (TANG. EST MI);MI;MILANO;A51 ADS CASCINA GOBBA OVEST (TANG. EST MI);1,549;06:30-21:50;06:30-21:50;06:30-21:50
9.14845;45.5211;MI MILANO VIA AMORETTI, 93 - Q.RE BOVISASCA;MI;MILANO;VIA AMORETTI, 93 - Q.RE BOVISASCA;1,799;07:30-13:00/15:00-19:00;08:30-12:30;07:30-13:00/15:00-19:00
9.2538;45.471;MI MILANO VIA CORELLI, 56 - Q.RE ORTICA;MI;MILANO;VIA CORELLI, 56 - Q.RE ORTICA;1,599;07:00-19:30;Chiuso;07:00-19:30
9.175;45.40905;MI MILANO VIA DEI MISSAGLIA, 109 - Q.RE GRATOSOGLIO;MI;MILANO;VIA DEI MISSAGLIA, 109 - Q.RE GRATOSOGLIO;1,599;07:30-12:30/14:30-19:00;Chiuso;07:30-12:30/14:30-19:00
9.0969;45.5066;MI MILANO VIA GALLARATE, 462 (SS33 DEL SEMPIONE) - LOC. MOLINO DORINO;MI;MILANO;VIA GALLARATE, 462 (SS33 DEL SEMPIONE) - LOC. MOLINO DORINO;1,699;06:00-20:40;Chiuso;06:00-20:40
9.11859;45.44335;MI MILANO VIA LORENTEGGIO, 259 - Q.RE LORENTEGGIO;MI;MILANO;VIA LORENTEGGIO, 259 - Q.RE LORENTEGGIO;1,679;07:00-20:00;08:00-18:00;07:00-20:00
9.10125;45.48025;MI MILANO VIA NOVARA, 286 - LOC. CASCINA SORA;MI;MILANO;VIA NOVARA, 286 - LOC. CASCINA SORA;1,567;07:00-12:30/14:30-18:45;Chiuso;07:00-12:30/14:30-18:45
9.2085;45.4082;MI MILANO VIA RIPAMONTI, 483 - LOC. QUINTOSOLE;MI;MILANO;VIA RIPAMONTI, 483 - LOC. QUINTOSOLE;1,649;07:00-12:30/15:00-19:00;Chiuso;07:00-12:30
9.15255;45.43955;MI MILANO VIA SANTA RITA DA CASCIA, 41 - Q.RE BARONA;MI;MILANO;VIA SANTA RITA DA CASCIA, 41 - Q.RE BARONA;1,679;07:00-19:30;Chiuso;07:00-17:00
9.2259;45.5153;MI MILANO VIALE MONZA, 254 - Q.RE PRECOTTO;MI;MILANO;VIALE MONZA, 254 - Q.RE PRECOTTO;1,599;07:00-12:30/14:00-19:00;Chiuso;08:30-13:00/14:00-18:00
9.070705;45.353002;"MI NOVIGLIO SP203 ROSATE~BINASCO; KM 6.300";MI;NOVIGLIO;"SP203 ROSATE~BINASCO; KM 6.300";1,598;07:00-19:00;Chiuso;07:00-19:00
9.174;45.5599;MI PADERNO DUGNANO SP35 MILANO-MEDA, KM 132,300 - DIR. COMO;MI;PADERNO DUGNANO;SP35 MILANO-MEDA, KM 132,300 - DIR. COMO;1,488;06:00-19:00;Chiuso;07:00-17:00
9.1755;45.5745;MI PADERNO DUGNANO SP35 MILANO-MEDA, KM 134,100 - DIR. MILANO;MI;PADERNO DUGNANO;SP35 MILANO-MEDA, KM 134,100 - DIR. MILANO;1,649;07:00-12:30/14:00-19:00;Chiuso;07:00-12:30
9.1733;45.58885;MI PADERNO DUGNANO SP35 MILANO-MEDA, KM 6,550 - DIR. MILANO;MI;PADERNO DUGNANO;SP35 MILANO-MEDA, KM 6,550 - DIR. MILANO;1,599;06:00-22:00;06:00-22:00;06:00-22:00
9.44855;45.51945;MI POZZUOLO MARTESANA SP103, KM 1,300;MI;POZZUOLO MARTESANA;SP103, KM 1,300;1,569;07:00-12:30/15:00-18:30;Chiuso;07:00-13:00
9.46425;45.5238;MI POZZUOLO MARTESANA SP103, KM 2,500;MI;POZZUOLO MARTESANA;SP103, KM 2,500;1,599;08:00-12:00/15:00-18:30;Chiuso;07:00-12:30
8.94;45.6109;MI RESCALDINA VIA PROVINCIALE CASTELLANZESE, 51 (SP527 SARONNESE);MI;RESCALDINA;VIA PROVINCIALE CASTELLANZESE, 51 (SP527 SARONNESE);1,659;06:45-12:00/14:45-17:45;Chiuso;08:00-11:45
9.0401;45.50965;MI RHO A4 ADS RHO SUD (KM 119,250);MI;RHO;A4 ADS RHO SUD (KM 119,250);1,699;00:00-24:00;00:00-24:00;00:00-24:00
9.01925;45.54125;MI RHO SS33 DEL SEMPIONE, KM 16,030;MI;RHO;SS33 DEL SEMPIONE, KM 16,030;1,499;07:00-19:50;08:00-13:00;07:00-19:50
9.0417;45.5146;MI RHO VIA DEI FONTANILI, 75 - LOC. LUCERNATE;MI;RHO;VIA DEI FONTANILI, 75 - LOC. LUCERNATE;1,699;07:30–12:30/15:00–18:00;Chiuso;07:30–12:30/15:00–18:00
9.17335;45.3916;MI ROZZANO VIA CURIEL, 25 - LOC. QUINTO DE' STAMPI;MI;ROZZANO;VIA CURIEL, 25 - LOC. QUINTO DE' STAMPI;1,599;08:30-13:30/14:30-19:00;10:00-13:30/14:30-17:00;08:30-13:30/14:30-19:00
9.37555;45.3222;MI SAN ZENONE AL LAMBRO A1 ADS SAN ZENONE EST;MI;SAN ZENONE AL LAMBRO;A1 ADS SAN ZENONE EST;1,599;00:00-24:00;00:00-24:00;00:00-24:00
9.37705;45.32015;MI SAN ZENONE AL LAMBRO A1 ADS SAN ZENONE OVEST (KM 15,100);MI;SAN ZENONE AL LAMBRO;A1 ADS SAN ZENONE OVEST (KM 15,100);1,564;00:00-24:00;00:00-24:00;00:00-24:00
9.28685;45.5018;MI SEGRATE VIA MONZESE;MI;SEGRATE;VIA MONZESE;1,599;08:00-12:00/15:00-19:00;Chiuso;08:00-12:00
9.264;45.4868;MI SEGRATE VIA PIAGGIO - LOC. REDECESIO;MI;SEGRATE;VIA PIAGGIO - LOC. REDECESIO;1,699;07:30-19:00;Chiuso;07:30-19:00
9.0425;45.4878;MI SETTIMO MILANESE VIA STRADACCIA, 1;MI;SETTIMO MILANESE;VIA STRADACCIA, 1;1,699;07:00-16:00;Chiuso;07:00-16:00
9.38495;45.49975;MI VIGNATE VIA MOLINA;MI;VIGNATE;VIA MOLINA;1,699;07:30-12:30;Chiuso;Chiuso
10.85675;45.09;MN BAGNOLO SAN VITO VIA MARCO BIAGI, 4;MN;BAGNOLO SAN VITO;VIA MARCO BIAGI, 4;1,899;09:00-14:30/16:30-19:00;Chiuso;09:00-14:30
11.12705;45.0432;MN BORGO MANTOVANO VIA NAZIONALE, 44 (SS12);MN;BORGO MANTOVANO;VIA NAZIONALE, 44 (SS12);1,599;07:00-13:00/14:00-19:00;08:00-12:00;07:00-13:00/14:00-18:50
10.7678;45.0852;MN BORGO VIRGILIO VIA MANTOVA-BORGOFORTE, 3151 (SS62, KM 174,440) - LOC. PIOPPELLE;MN;BORGO VIRGILIO;VIA MANTOVA-BORGOFORTE, 3151 (SS62, KM 174,440) - LOC. PIOPPELLE;1,349;07:30-12:30/14:30-19:00;Chiuso;07:30-12:30
10.773;45.11905;MN CURTATONE VIA CADUTI DEL LAVORO - LOC. LEVATA;MN;CURTATONE;VIA CADUTI DEL LAVORO - LOC. LEVATA;1,599;07:30-12:30/14:45-19:15;Chiuso;07:30-12:30
10.7195;45.15325;MN CURTATONE VIA PILLA, 41 (SS10 PADANA INFERIORE, KM 283,232) - LOC. QUATTRO VENTI;MN;CURTATONE;VIA PILLA, 41 (SS10 PADANA INFERIORE, KM 283,232) - LOC. QUATTRO VENTI;1,529;07:30-19:30;Chiuso;07:30-12:30
10.56335;45.3276;MN GUIDIZZOLO VIA HENRY DUNANT, 35 (SP236 GOITESE, KM 25.547);MN;GUIDIZZOLO;VIA HENRY DUNANT, 35 (SP236 GOITESE, KM 25.547);1,497;07:00–12:30/14:30–19:00;Chiuso;07:00–12:30
10.842;45.157;MN MANTOVA VIA BRENNERO, 33 (SP28);MN;MANTOVA;VIA BRENNERO, 33 (SP28);1,599;07:30-12:30/14:30-19:00;Chiuso;07:30-12:30/14:30-19:00
10.81235;45.16305;MN MANTOVA VIA LEGNAGO (SS10) - LOC. LUNETTA SAN GIORGIO;MN;MANTOVA;VIA LEGNAGO (SS10) - LOC. LUNETTA SAN GIORGIO;1,396;07:30-12:30/14:10-19:00;Chiuso;07:30-12:00
10.843356;45.149308;"MN MANTOVA VIA OSTIGLIA; 12 (SS482; KM 2.130)";MN;MANTOVA;"VIA OSTIGLIA; 12 (SS482; KM 2.130)";1,489;07:15-12:30/14:30-19:15;Chiuso;07:15-12:30/14:30-19:15
10.80887;45.1747;MN MANTOVA VIALE FAVORITA, 11;MN;MANTOVA;VIALE FAVORITA, 11;1,549;06:30-21:00;06:30-21:00;06:30-21:00
10.7446;45.03495;MN MOTTEGGIANA VIA NAZIONALE, 16 (SS62 DELLA CISA, KM 167.500) - LOC. SAILETTO;MN;MOTTEGGIANA;VIA NAZIONALE, 16 (SS62 DELLA CISA, KM 167.500) - LOC. SAILETTO;1,849;07:00-20:00;07:00-15:00;07:00-20:00
11.10625;44.9672;MN POGGIO RUSCO VIA ABETONE BRENNERO, 154 (SS12, KM 226,600);MN;POGGIO RUSCO;VIA ABETONE BRENNERO, 154 (SS12, KM 226,600);1,999;07:30-12:30/14:00-19:00;Chiuso;07:30-12:30/14:00-19:00
10.91538;45.15238;MN RONCOFERRARO VIA BATTISTI, 294/3 - LOC. VILLA GARIBALDI;MN;RONCOFERRARO;VIA BATTISTI, 294/3 - LOC. VILLA GARIBALDI;1,999;07:00-19:30;07:00-12:30;07:00-19:30
10.9299;45.05015;MN SAN BENEDETTO PO STRADA ROMANA, 2 (SS413);MN;SAN BENEDETTO PO;STRADA ROMANA, 2 (SS413);1,599;07:30-12:30/14:30-18:55;Chiuso;07:30-12:30
10.7707;44.985;MN SUZZARA VIA VENETO, 3;MN;SUZZARA;VIA VENETO, 3;1,379;07:00-20:00;08:00-13:00;07:00-20:00
9.29115;45.16215;PV BELGIOIOSO VIA DANTE ALIGHIERI, 67 (SP234);PV;BELGIOIOSO;VIA DANTE ALIGHIERI, 67 (SP234);1,389;07:00-12:00/14:30-19:00;Chiuso;Chiuso
9.25756;45.08748;PV BRONI STRADA DELLE TESTE, 4 (SP202) - LOC. CAMPOSPINOSO;PV;BRONI;STRADA DELLE TESTE, 4 (SP202) - LOC. CAMPOSPINOSO;1,699;06:00-19:30;Chiuso;06:00-19:30
8.91388;45.02524;PV CASEI GEROLA SP206, KM 5.423 - LOC. GEROLA;PV;CASEI GEROLA;SP206, KM 5.423 - LOC. GEROLA;1,469;07:40-12:00/14:30-19:00;Chiuso;07:40-12:00/14:30-19:00
8.99045;45.14725;PV DORNO A7 ADS DORNO OVEST (KM 33,600);PV;DORNO;A7 ADS DORNO OVEST (KM 33,600);1,699;07:00-22:00;07:00-22:00;07:00-22:00
9.01665;45.16515;PV GROPELLO CAIROLI SS596 - LOC. S. SPIRITO;PV;GROPELLO CAIROLI;SS596 - LOC. S. SPIRITO;1,729;07:00-12:15/15:00-18:45;Chiuso;07:30-12:00
9.4501;45.1615;PV MIRADOLO TERME VIA MARCONI, 34 (SP32 - ANG. SS234);PV;MIRADOLO TERME;VIA MARCONI, 34 (SP32 - ANG. SS234);1,399;07:00-18:45;Chiuso;07:00-18:45
9.10861;45.00863;PV MONTEBELLO DELLA BATTAGLIA VIA CERRETO, 27 - LOC. CERRETO;PV;MONTEBELLO DELLA BATTAGLIA;VIA CERRETO, 27 - LOC. CERRETO;1,999;06:30-21:00;06:30-21:00;06:30-21:00
8.731;45.2446;PV MORTARA SP57;PV;MORTARA;SP57;1,150;07:30-19:30;08:30-12:30;07:30-19:30
8.761;45.2638;PV MORTARA VIA TIZIANO VECELLIO, 1700 (SS494, KM 36,500);PV;MORTARA;VIA TIZIANO VECELLIO, 1700 (SS494, KM 36,500);1,529;07:00-19:00;Chiuso;07:00-18:30
9.1466;45.2085;PV PAVIA VIA PRIVATA CAMPEGGI 2;PV;PAVIA;VIA PRIVATA CAMPEGGI 2;1,799;06:30-21:00;Chiuso;06:30-21:00
9.1778;45.21915;PV PAVIA VIA VIGENTINA (SP205, KM 1,100);PV;PAVIA;VIA VIGENTINA (SP205, KM 1,100);1,699;07:00-12:30/14:30-19:30;Chiuso;07:00-12:30
9.145;45.1724;PV PAVIA VIALE GIULIETTI, 441 (SS35 DEI GIOVI) - Q.RE BORGO TICINO;PV;PAVIA;VIALE GIULIETTI, 441 (SS35 DEI GIOVI) - Q.RE BORGO TICINO;1,699;06:30-20:00;07:30-12:30;06:30-19:15
9.1202;45.15075;PV SAN MARTINO SICCOMARIO VIA TURATI, 70 (SS35 DEI GIOVI, KM 85,650);PV;SAN MARTINO SICCOMARIO;VIA TURATI, 70 (SS35 DEI GIOVI, KM 85,650);1,999;07:30-12:20/14:30-19:00;Chiuso;07:30-12:20/14:30-19:00
9.42325;45.1591;PV SANTA CRISTINA E BISSONE SP234 PAVIA-CREMONA;PV;SANTA CRISTINA E BISSONE;SP234 PAVIA-CREMONA;1,389;07:30-12:00/14:00-18:50;Chiuso;07:30-12:00
9.2775;45.0755;PV STRADELLA VIA CIRCONVALLAZIONE (VIALE LIBERTA', 19);PV;STRADELLA;VIA CIRCONVALLAZIONE (VIALE LIBERTA', 19);1,439;06:00-19:00;07:30-12:30;07:30-18:00
9.1158;45.2818;PV VELLEZZO BELLINI VIA GIULIO NATTA, 1;PV;VELLEZZO BELLINI;VIA GIULIO NATTA, 1;1,299;Chiuso;Chiuso;Chiuso
8.87422;45.30105;PV VIGEVANO CORSO PAVIA;PV;VIGEVANO;CORSO PAVIA;1,759;07:00-19:30;Chiuso;07:00-19:30
8.989;44.99495;PV VOGHERA VIA LOMELLINA, 38 (SS755);PV;VOGHERA;VIA LOMELLINA, 38 (SS755);1,599;07:30-12:30/13:30-19:00;07:30-12:30;07:30-12:30/13:30-19:00
8.9805;44.98265;PV VOGHERA VIA TORTONA, 64;PV;VOGHERA;VIA TORTONA, 64;1,529;05:45-19:00;Chiuso;05:45-19:00
9.79025;46.163;SO ANDEVENNO-BALZARRO VIA ANDEVENNO, 177;SO;ANDEVENNO-BALZARRO;VIA ANDEVENNO, 177;1,350;07:00-13:00/14:30-19:00;Chiuso;07:00-18:00
9.8065;46.1634;SO CASTIONE ANDEVENNO VIA DEL PIANO;SO;CASTIONE ANDEVENNO;VIA DEL PIANO;1,549;09:00-18:00;Chiuso;09:00-18:00
9.5389;46.1447;SO TRAONA VIA VALERIANA, 115 - LOC. VALLETTA;SO;TRAONA;VIA VALERIANA, 115 - LOC. VALLETTA;1,569;08:00-12:00/14:30-19:00;Chiuso;08:00-12:00
8.749;45.64594;VA CARDANO AL CAMPO SS336 KM 8.500;VA;CARDANO AL CAMPO;SS336 KM 8.500;1,699;07:30-19:30;Chiuso;07:30-14:30
8.7497;45.6653;VA CASORATE SEMPIONE VIA ROMA;VA;CASORATE SEMPIONE;VIA ROMA;1,678;07:00-12:15/14:00-19:00;Chiuso;07:00-12:15
8.821304;45.690502;"VA CASSANO MAGNAGO VIA MARCONI (SP20); 125";VA;CASSANO MAGNAGO;"VIA MARCONI (SP20); 125";1,679;07:30-17:45;Chiuso;07:30-12:30
8.80835;45.64175;VA GALLARATE VIA ALEARDI, 70;VA;GALLARATE;VIA ALEARDI, 70;1,869;08:00-12:30/15:00-18:00;Chiuso;08:00-12:30
8.7972;45.6743;VA GALLARATE VIA VARESE, 14;VA;GALLARATE;VIA VARESE, 14;1,616;07:00-12:30/14:30-19:00;Chiuso;07:00-12:30
8.70605;45.83955;VA GAVIRATE VIALE TICINO, 72;VA;GAVIRATE;VIALE TICINO, 72;1,589;07:00-12:00/15:00-19:00 (ven/fri 14:00-19:00);Chiuso;07:00-12:00/14:00-19:00
9.01255;45.63445;VA GERENZANO VIA GIOSUÈ CARDUCCI, 25;VA;GERENZANO;VIA GIOSUÈ CARDUCCI, 25;1,399;06:00-20:00;Chiuso;06:00-20:00
8.7313;45.5884;VA LONATE POZZOLO VIA VITTORIO VENETO (SP 527 KM 45,255);VA;LONATE POZZOLO;VIA VITTORIO VENETO (SP 527 KM 45,255);1,879;07:00-18:30;Chiuso;07:00-12:00
8.8845;45.63975;VA OLGIATE OLONA VIA DE GASPERI 132 (SP22);VA;OLGIATE OLONA;VIA DE GASPERI 132 (SP22);1,799;07:30-12:30/14:30:19:30;Chiuso;07:30-12:30
9.04375;45.6121;VA SARONNO VIA GRIEG, 81;VA;SARONNO;VIA GRIEG, 81;1,415;07:30-12:45/14:00-19:00;Chiuso;07:30-12:45/14:00-19:00
8.9796;45.61365;VA UBOLDO VIA DEL PURGANTE, 15 (SP527);VA;UBOLDO;VIA DEL PURGANTE, 15 (SP527);1,699;07:30-12:30/14:30-19:00;Chiuso;07:30-12:30/14:30-19:00
11.2817;46.4946;BZ APPIANO - EPPAN SS38 MEBO (DIR. BOLZANO/BOZEN) - VIA MITTERLING - MITTERLINGSTRAßE 19;BZ;APPIANO - EPPAN;SS38 MEBO (DIR. BOLZANO/BOZEN) - VIA MITTERLING - MITTERLINGSTRAßE 19;1,799;05:30-20:45;05:30-20:45;05:30-20:45
11.29435;46.4848;BZ BOLZANO - BOZEN SS38 MEBO, KM 2,000 DIR. MERANO - VIA MEBO - MEBOSTRAßE 20;BZ;BOLZANO - BOZEN;SS38 MEBO, KM 2,000 DIR. MERANO - VIA MEBO - MEBOSTRAßE 20;1,799;06:00-21:00;07:00-21:00;06:00-21:00
11.3168;46.4714;BZ BOLZANO - BOZEN VIA KEPLERO - KEPLERSTRAßE 1;BZ;BOLZANO - BOZEN;VIA KEPLERO - KEPLERSTRAßE 1;1,800;06:00-20:00;Chiuso;06:00-20:00
11.4356;46.88035;BZ CAMPO DI TRENS - FREIENFELD VIA RAFENSTEIN - RAFENSTEINSTR. 7 (AUTOPORTO SADOBRE AUTOHOF);BZ;CAMPO DI TRENS - FREIENFELD;VIA RAFENSTEIN - RAFENSTEINSTR. 7 (AUTOPORTO SADOBRE AUTOHOF);1,599;06:00-21:00;Chiuso;06:00-12:00/13:00-16:00
11.2126;46.2458;BZ SALORNO - SALURN VIA NAZIONALE - NATIONALSTRAßE 9 (SS12);BZ;SALORNO - SALURN;VIA NAZIONALE - NATIONALSTRAßE 9 (SS12);1,489;08:00-12:00/15:00-19:00;Chiuso;08:00-12:00
11.4479;46.8882;BZ VAL DI VIZZE - PFITSCH VIA ISARCO - EISACKSTRASSE 21;BZ;VAL DI VIZZE - PFITSCH;VIA ISARCO - EISACKSTRASSE 21;n.p.;Chiuso;Chiuso;Chiuso
11.0873;46.14155;TN LAVIS A22 ADS PAGANELLA EST (KM 127.9);TN;LAVIS;A22 ADS PAGANELLA EST (KM 127.9);1,479;00:00-24:00;00:00-24:00;00:00-24:00
11.0859;46.14055;TN LAVIS A22 ADS PAGANELLA OVEST (KM 128.7);TN;LAVIS;A22 ADS PAGANELLA OVEST (KM 128.7);1,517;00:00-24:00;00:00-24:00;00:00-24:00
11.0278;45.90285;TN NOGAREDO A22 ADS NOGAREDO EST (KM 159.9);TN;NOGAREDO;A22 ADS NOGAREDO EST (KM 159.9);1,459;00:00-24:00;00:00-24:00;00:00-24:00
11.02605;45.90205;TN NOGAREDO A22 ADS NOGAREDO OVEST (KM 159.9);TN;NOGAREDO;A22 ADS NOGAREDO OVEST (KM 159.9);1,519;00:00-24:00;00:00-24:00;00:00-24:00
11.4227;46.04505;TN RONCEGNO SS47 DELLA VALSUGANA, KM 98,900;TN;RONCEGNO;SS47 DELLA VALSUGANA, KM 98,900;1,649;07:30-12:30/14:00-19:00;Chiuso;07:30-12:30/14:30-18:30
11.01365;45.8643;TN ROVERETO VIALE CAPRONI, 5;TN;ROVERETO;VIALE CAPRONI, 5;1,889;07:00-21:00;07:00-21:00;07:00-21:00
11.0974;46.0959;TN TRENTO CIRCONVALLAZIONE NUOVA (SP235 KM 1,000) - LOC. CAMPO TRENTINO;TN;TRENTO;CIRCONVALLAZIONE NUOVA (SP235 KM 1,000) - LOC. CAMPO TRENTINO;1,649;07:30-19:00;Chiuso;07:30-19:00
11.0892;46.11655;TN TRENTO VIA DI SPINI - Z.I. SPINI DI GARDOLO;TN;TRENTO;VIA DI SPINI - Z.I. SPINI DI GARDOLO;1,399;00:00-24:00 (lun/mo apertura/opening 06:00-->);07:00-21:00;00:00-21:00
11.12295;46.0384;TN TRENTO VIA TANGENZIALE SUD, 4/6 (SS12);TN;TRENTO;VIA TANGENZIALE SUD, 4/6 (SS12);1,474;05:30-18:30;Chiuso;05:30-12:00
12.18145;46.1399;BL BELLUNO VIA AGORDO, 255;BL;BELLUNO;VIA AGORDO, 255;1,597;Chiuso;Chiuso;Chiuso
12.14285;46.08415;BL BORGO VALBELLUNA VIA CAVASSICO INFERIORE, 100/A (SP1) - LOC. TRICHIANA;BL;BORGO VALBELLUNA;VIA CAVASSICO INFERIORE, 100/A (SP1) - LOC. TRICHIANA;1,529;08:00-12:00/14:00-18:00;Chiuso;08:00-12:00
11.8268;46.0023;BL FONZASO VIA FENADORA 2 (SS 50BIS VAR FENADORA-ANZU', KM 11,150);BL;FONZASO;VIA FENADORA 2 (SS 50BIS VAR FENADORA-ANZU', KM 11,150);1,699;07:30-12:30/14:30-18:45;Chiuso;07:30-12:15
12.2888;46.2274;BL LONGARONE SS51 - LOC. FORTOGNA;BL;LONGARONE;SS51 - LOC. FORTOGNA;1,596;Chiuso;Chiuso;Chiuso
11.82555;45.3407;PD ALBIGNASEGO VIA BATTAGLIA, 201 (SS16, KM 8,863);PD;ALBIGNASEGO;VIA BATTAGLIA, 201 (SS16, KM 8,863);1,649;07:45-12:30/14:45-19:00;Chiuso;07:45-12:30/14:45-19:00
11.90513;45.33611;PD ALBIGNASEGO VICOLO SAN PIO X, 2;PD;ALBIGNASEGO;VICOLO SAN PIO X, 2;1,599;07:30-12:30/14:30-19:30;Chiuso;Chiuso
11.886;45.192;PD BAGNOLI DI SOPRA VIA MAZZINI, 68 (SP92, KM 26.257);PD;BAGNOLI DI SOPRA;VIA MAZZINI, 68 (SP92, KM 26.257);1,459;07:30-12:30/14:30-19:00;Chiuso;07:30-12:30
11.5233;45.2253;PD BORGO VENETO VIA VALLESELLA - LOC. BORGOFURO;PD;BORGO VENETO;VIA VALLESELLA - LOC. BORGOFURO;1,699;07:30-12:30/14:30-19:30;09:00-18:00;07:30-19:30
11.96358;45.53121;PD BORGORICCO VIA DESMAN, 192;PD;BORGORICCO;VIA DESMAN, 192;1,499;07:30-12:30/15:00-19:00;Chiuso;07:30-12:30
11.9229;45.4541;PD CADONEGHE SR308 KM 4,300;PD;CADONEGHE;SR308 KM 4,300;1,479;07:30-12:30/15:00-19:00;Chiuso;07:30-12:30/15:00-19:00
11.91389;45.46583;PD CADONEGHE VIA ROMA, 2;PD;CADONEGHE;VIA ROMA, 2;1,459;07:30-12:30/15:00-19:00;Chiuso;07:30-12:30
11.81713;45.55328;PD CAMPO SAN MARTINO VIA PROVINCIALE, 30 (SS47 KM 18,120);PD;CAMPO SAN MARTINO;VIA PROVINCIALE, 30 (SS47 KM 18,120);1,599;07:30-12:30/15:00-19:00;Chiuso;07:30-12:30/15:00-19:00
11.98169;45.21263;PD CANDIANA VIA DEL MARE;PD;CANDIANA;VIA DEL MARE;1,399;07:00-12:30;Chiuso;07:00-12:30
11.6884;45.6119;PD CARMIGNANO DI BRENTA VIA POSTUMIA, 1/A (SS53 KM 13);PD;CARMIGNANO DI BRENTA;VIA POSTUMIA, 1/A (SS53 KM 13);1,499;07:30-12:30/15:00-19:00;Chiuso;07:30-12:30
11.70805;45.38885;PD CERVARESE SANTA CROCE VIA DELLA CROCE, 1 (SP89 DIR) - LOC. MONTEMERLO;PD;CERVARESE SANTA CROCE;VIA DELLA CROCE, 1 (SP89 DIR) - LOC. MONTEMERLO;1,899;07:30-12:30/14:30-19:30;09:30-12:30;07:30-12:30/14:30-19:30
12.1613;45.2347;PD CODEVIGO SS309 ROMEA KM 96.400 - LOC. CONCHE;PD;CODEVIGO;SS309 ROMEA KM 96.400 - LOC. CONCHE;2,099;06:00-12:30/14:30-19:00;Chiuso;06:00-12:30/14:30-19:00
12.121;45.237;PD CORREZZOLA (C) VIA SANTA CATERINA, 10 (SR105) - LOC. BRENTA D'ABBA';PD;CORREZZOLA;VIA SANTA CATERINA, 10 (SR105) - LOC. BRENTA D'ABBA';n.p.;07:00-12:25/14:30-18:20;Chiuso;07:00-11:20
11.8256;45.3157;PD DUE CARRARE A13 ADS SAN PELAGIO OVEST (KM 98.2);PD;DUE CARRARE;A13 ADS SAN PELAGIO OVEST (KM 98.2);1,544;00:00-24:00;00:00-24:00;00:00-24:00
11.64265;45.24612;PD ESTE VIA CALDEVIGO, 29 (SP247, KM 43,000) - LOC. RIVADOLMO;PD;ESTE;VIA CALDEVIGO, 29 (SP247, KM 43,000) - LOC. RIVADOLMO;1,678;07:30-12:30/15:00-19:00;Chiuso;07:30-12:30
11.65255;45.2234;PD ESTE VIA PADANA INFERIORE, 9 (SS10);PD;ESTE;VIA PADANA INFERIORE, 9 (SS10);1,599;07:30-12:30/14:30-19:00;Chiuso;07:30-12:30/14:30-19:00
11.7406;45.6422;PD FONTANIVA TANGENZIALE DIR. EST (SR53, KM 20.175);PD;FONTANIVA;TANGENZIALE DIR. EST (SR53, KM 20.175);1,699;07:00-12:30/14:30-20:00;07:00-12:30;07:00-12:30/14:30-20:00
11.8193;45.6627;PD GALLIERA VENETA STRADA DEGLI ALBERI, 3;PD;GALLIERA VENETA;STRADA DEGLI ALBERI, 3;1,699;07:30-12:30/14:30-19:30;08:00-12:00;07:30-12:30/14:30-19:30
11.8441;45.4495;PD LIMENA A4 ADS LIMENELLA OVEST (KM 355,500 DIR. OVEST);PD;LIMENA;A4 ADS LIMENELLA OVEST (KM 355,500 DIR. OVEST);1,559;00:00-24:00;00:00-24:00;00:00-24:00
11.71918;45.22626;PD MONSELICE VIA MOTTA, 2/D - LOC. MARENDOLE;PD;MONSELICE;VIA MOTTA, 2/D - LOC. MARENDOLE;1,699;07:30-13:00/14:00-20:00;07:30-13:30;07:30-13:00/14:00-20:00
11.7596;45.2448;PD MONSELICE VIA VOLTA, 8 (SS16 ADRIATICA, KM);PD;MONSELICE;VIA VOLTA, 8 (SS16 ADRIATICA, KM);1,699;07:00-12:30/14:30-19:00;Chiuso;07:00-12:30/15:00-19:00
11.49758;45.2249;PD MONTAGNANA VIA DELL' ARTIGIANATO (ANG.SS10 KM 352,5);PD;MONTAGNANA;VIA DELL' ARTIGIANATO (ANG.SS10 KM 352,5);1,549;07:30-12:30/14:30-19:30;08:00-12:30;07:30-12:30/14:30-19:30
11.84525;45.44805;PD PADOVA A4 ADS LIMENELLA EST (KM 356 DIR. EST);PD;PADOVA;A4 ADS LIMENELLA EST (KM 356 DIR. EST);1,389;00:00-24:00;00:00-24:00;00:00-24:00
11.8992;45.36955;PD PADOVA (C) CORSO I MAGGIO, 5 - TANG.LE SUD-EST;PD;PADOVA;CORSO I MAGGIO, 5 - TANG.LE SUD-EST;n.p.;07:00-19:00;08:00-13:00;07:30-17:30
11.932;45.3866;PD PADOVA CORSO SPAGNA, 12/F - Z.I. INTERPORTO;PD;PADOVA;CORSO SPAGNA, 12/F - Z.I. INTERPORTO;1,789;06:30-19:00;Chiuso;08:00-12:00
11.9478;45.39095;PD PADOVA CORSO STATI UNITI, 27 - Z.I. INTERPORTO;PD;PADOVA;CORSO STATI UNITI, 27 - Z.I. INTERPORTO;1,389;07:00-13:00/14:00-19:30;Chiuso;Chiuso
11.8614;45.3834;PD PADOVA SS16 ADRIATICA, 71 - LOC. BASSANELLO;PD;PADOVA;SS16 ADRIATICA, 71 - LOC. BASSANELLO;1,649;07:00-20:30;07:00-20:00;07:00-20:30
11.87205;45.36685;PD PADOVA VIA GUIZZA CONSELVANA, 367 - LOC. GUIZZA;PD;PADOVA;VIA GUIZZA CONSELVANA, 367 - LOC. GUIZZA;1,699;07:30-12:30/15:00-19:00;Chiuso;07:30-12:30
11.8874;45.37225;PD PADOVA VIA PIETRO BEMBO, 104 - LOC. SS. CROCIFISSO;PD;PADOVA;VIA PIETRO BEMBO, 104 - LOC. SS. CROCIFISSO;1,699;07:30-12:30/14:30-19:00;Chiuso;07:30-12:30
11.896;45.354;PD PADOVA VIA PIETRO BEMBO, 200 - LOC. POZZOVEGGIANI;PD;PADOVA;VIA PIETRO BEMBO, 200 - LOC. POZZOVEGGIANI;1,699;07:00-12:30/14:30-19:00;Chiuso;07:00-12:30/14:30-19:00
11.82698;45.36689;PD PADOVA VIA ROMANA APONENSE, 131 - LOC. MANDRIA;PD;PADOVA;VIA ROMANA APONENSE, 131 - LOC. MANDRIA;1,499;07:30-12:30/15:00-19:30;Segue turni;07:30-12:30/15:00-19:30
11.8075;45.51595;PD PIAZZOLA SUL BRENTA VIA GUGLIELMO MARCONI, 139/B (SP94, KM 14,400) - LOC. TREMIGNON;PD;PIAZZOLA SUL BRENTA;VIA GUGLIELMO MARCONI, 139/B (SP94, KM 14,400) - LOC. TREMIGNON;1,699;07:30-12:30/14:30-19:00;Chiuso;07:30-12:30
12.0288;45.26735;PD PIOVE DI SACCO VIA BORGO BOTTEGHE, 45 (SR516) - LOC. ARZERELLO;PD;PIOVE DI SACCO;VIA BORGO BOTTEGHE, 45 (SR516) - LOC. ARZERELLO;1,799;07:00-12:30/14:30-19:00;Chiuso;07:00-12:30/14:30-19:00
11.826;45.4436;PD RUBANO VIA GARIBALDI, 2/B (SP55) - LOC. VILLAGUATTERA;PD;RUBANO;VIA GARIBALDI, 2/B (SP55) - LOC. VILLAGUATTERA;1,499;06:00-20:00;Chiuso;06:00-20:00
11.85326;45.61906;PD SAN MARTINO DI LUPARI VIA CADORNA, 44 (SP39 KM 3,314) - LOC. CASE PETTENUZZO;PD;SAN MARTINO DI LUPARI;VIA CADORNA, 44 (SP39 KM 3,314) - LOC. CASE PETTENUZZO;1,699;07:30-12:30 / 14:30-19:00;Chiuso;07:30-12:30
11.67013;45.60453;PD SAN PIETRO IN GU VIA GUGLIELMO MARCONI, 1/B (SS53, KM 11,350);PD;SAN PIETRO IN GU;VIA GUGLIELMO MARCONI, 1/B (SS53, KM 11,350);1,649;07:00-20:00;07:00-12:30;07:00-20:00
11.9875;45.37415;PD SAONARA VIA VITTORIO EMANUELE II;PD;SAONARA;VIA VITTORIO EMANUELE II;1,433;06:00-20:00;Chiuso;06:00-20:00
11.7819;45.3838;PD SELVAZZANO DENTRO VIA EUGANEA, 167;PD;SELVAZZANO DENTRO;VIA EUGANEA, 167;1,699;07:30-12:30/14:00-19:00;Chiuso;07:30-12:30/14:00-19:00
11.7954;45.41535;PD SELVAZZANO DENTRO VIA PELOSA, 14;PD;SELVAZZANO DENTRO;VIA PELOSA, 14;1,589;07:30-12:30/14:30-19:30;Chiuso;07:30-12:30
11.938;45.4403;PD VIGONZA VIA MANARA, 20 - LOC. PERAGA;PD;VIGONZA;VIA MANARA, 20 - LOC. PERAGA;1,667;06:30-21:00;07:00-20:00;06:30-21:00
11.978;45.4886;PD VILLANOVA DI CAMPOSAMPIERO VIA CALTANA, 208;PD;VILLANOVA DI CAMPOSAMPIERO;VIA CALTANA, 208;1,389;07:30-12:30/15:00-19:30;08:30-12:30;07:30-12:30/15:00-19:30
12.03199;45.06129;RO ADRIA SS443 KM 19,814 - LOC. VALLIERA;RO;ADRIA;SS443 KM 19,814 - LOC. VALLIERA;1,599;07:00-21:00;07:00-21:00;07:00-21:00
12.07215;45.038654;"RO ADRIA VIA POLESANI NEL MONDO; 845 (SR495; KM 70;450) ~ LOC. BOTTRIGHE";RO;ADRIA;"VIA POLESANI NEL MONDO; 845 (SR495; KM 70;450) ~ LOC. BOTTRIGHE";1,599;07:30-12:30/15:00-19:30;Chiuso;07:30-12:30/15:00-19:30
12.12815;45.0518;RO ADRIA VIA VOLTASCIROCCO (SP45 KM 4,600) - LOC. VOLTASCIROCCO;RO;ADRIA;VIA VOLTASCIROCCO (SP45 KM 4,600) - LOC. VOLTASCIROCCO;1,549;07:00-20:00;08:00-13:00;07:00-20:00
12.22673;44.93137;RO ARIANO NEL POLESINE VIA MICHELANGELO, 17 - LOC. RIVA';RO;ARIANO NEL POLESINE;VIA MICHELANGELO, 17 - LOC. RIVA';1,659;07:00-20:00;07:00-13:00/15:00-19:30;07:00-20:00
11.50885;45.09165;RO BADIA POLESINE VIA CA MIGNOLA NUOVA, 768;RO;BADIA POLESINE;VIA CA MIGNOLA NUOVA, 768;1,339;07:00-20:00;07:00-13:30;07:00-20:00
11.76083;44.98407;RO BOSARO VIA NAZIONALE, 1991 (SS16 ADRIATICA, KM);RO;BOSARO;VIA NAZIONALE, 1991 (SS16 ADRIATICA, KM);1,594;07:00-21:00;07:00-12:30/14:00-20:00;07:00-21:00
11.29057;45.03628;RO CASTELNOVO BARIANO VIA COLOMBANO, 54;RO;CASTELNOVO BARIANO;VIA COLOMBANO, 54;1,399;07:30-19:30;07:30-12:30;07:30-19:30
11.60855;45.0853;RO LENDINARA VIA SANTA MARIA NOVA, 89/B;RO;LENDINARA;VIA SANTA MARIA NOVA, 89/B;1,367;07:00-21:00;07:00-14:00;07:00-21:00
11.21065;45.07645;RO MELARA SR 482 OSTIGLIA/MELARA (KM 35,500);RO;MELARA;SR 482 OSTIGLIA/MELARA (KM 35,500);1,499;07:30-12:30/15:00-19:30;Chiuso;07:30-12:30/15:00-19:30
11.603;44.911;RO OCCHIOBELLO VIA ERIDANIA, 111/G (SR6) LOC. S. M. MADDALENA;RO;OCCHIOBELLO;VIA ERIDANIA, 111/G (SR6) LOC. S. M. MADDALENA;1,599;07:00-20:30;Chiuso;07:00-20:30
12.3124;44.9479;RO PORTO TOLLE VIA G. MATTEOTTI, 10;RO;PORTO TOLLE;VIA G. MATTEOTTI, 10;1,499;07:00-20:00;07:00-13:00;07:00-20:00
12.2319;45.0201;RO PORTO VIRO SS309 ROMEA KM 66,6 - LOC. CONTARINA;RO;PORTO VIRO;SS309 ROMEA KM 66,6 - LOC. CONTARINA;1,399;07:00-20:30;07:00-13:00;07:00-20:30
12.21266;45.04571;RO PORTO VIRO VIA MANTOVANA, 67 - LOC. DONADA;RO;PORTO VIRO;VIA MANTOVANA, 67 - LOC. DONADA;1,399;07:00-20:00;07:30-12:30/15:00-19:00;07:00-20:00
11.827;45.0928;RO ROVIGO VIA CALATAFIMI, 23 - LOC. SARZANO;RO;ROVIGO;VIA CALATAFIMI, 23 - LOC. SARZANO;1,599;07:00-20:00;07:00-13:00;07:00-20:00
11.79015;45.0574;RO ROVIGO VIA CIME DI LAVAREDO, 110;RO;ROVIGO;VIA CIME DI LAVAREDO, 110;1,799;07:00-22:00;07:00-13:00/14:00-22:00;07:00-22:00
11.7861;45.0985;RO ROVIGO VIALE PORTA ADIGE, 60 - LOC. BOARA POLESINE;RO;ROVIGO;VIALE PORTA ADIGE, 60 - LOC. BOARA POLESINE;1,599;07:00-20:30;07:00-13:00;07:00-20:30
11.87373;45.11833;RO SAN MARTINO DI VENEZZE (C) VIA CHIARONI, 1005 (SP3);RO;SAN MARTINO DI VENEZZE;VIA CHIARONI, 1005 (SP3);1,395;07:30-12:30/14:30-19:30;Chiuso;07:30-12:30
11.85755;45.11315;RO SAN MARTINO DI VENEZZE VIA SALINE, 72 (SP3) - LOC. SALINE;RO;SAN MARTINO DI VENEZZE;VIA SALINE, 72 (SP3) - LOC. SALINE;1,589;07:00-12:30/14:30-19:30;07:00-12:30/14:30-19:30;07:00-12:30/14:30-19:30
12.1995;45.00135;RO TAGLIO DI PO VIA S.BASILIO, 99;RO;TAGLIO DI PO;VIA S.BASILIO, 99;1,399;07:00-20:00;07:00-20:00;07:00-20:00
11.88758;45.06962;RO VILLADOSE VIA ZONA INDUSTRIALE, 45;RO;VILLADOSE;VIA ZONA INDUSTRIALE, 45;1,599;07:00-21:00;07:00-13:00;07:00-21:00
11.6542;45.074;RO VILLANOVA DEL GHEBBO VIA BIGANELLI, 39 - LOC. BORNIO;RO;VILLANOVA DEL GHEBBO;VIA BIGANELLI, 39 - LOC. BORNIO;1,339;07:00-20:00;08:00-18:00;07:00-20:00
11.99411;45.79345;TV CAERANO DI SAN MARCO VIA CADORE, 25 (SP667 KM 14);TV;CAERANO DI SAN MARCO;VIA CADORE, 25 (SP667 KM 14);1,699;07:15-12:30/14:30-19:00;Chiuso;07:15-19.00
11.9174;45.6801;TV CASTELFRANCO VENETO VIA CIRCONVALLAZIONE OVEST, 18 (SR53);TV;CASTELFRANCO VENETO;VIA CIRCONVALLAZIONE OVEST, 18 (SR53);1,547;07:45-12:30/14:45-19:00;Chiuso;07:45-12:30
12.31315;45.8764;TV CONEGLIANO VIA SAN GIUSEPPE, 25;TV;CONEGLIANO;VIA SAN GIUSEPPE, 25;1,899;07:30-20:00;Chiuso;07:30-20:00
12.537955;45.828358;TV MANSUÈ VIA PORTOBUFFOLÈ 16\/B;TV;MANSUÈ;VIA PORTOBUFFOLÈ 16\/B;1,598;07:30-12:30/15:00-19:30;Chiuso;07:30-12:30/15:00-19:30
12.21171;45.56173;TV MOGLIANO VENETO VIA DON GOTTARDI, 19 (SP64);TV;MOGLIANO VENETO;VIA DON GOTTARDI, 19 (SP64);1,549;07:30-12:30/14:30-19:00;Chiuso;07:30-12:30
12.42465;45.6512;TV MONASTIER DI TREVISO VIA LOMBARDIA, 1 (SP64);TV;MONASTIER DI TREVISO;VIA LOMBARDIA, 1 (SP64);1,399;07:30-12:30/14:30-19:00;Chiuso;07:30-12:30
12.02245;45.8073;TV MONTEBELLUNA VIA FELTRINA NORD, 129 (SS348 KM. 22,500);TV;MONTEBELLUNA;VIA FELTRINA NORD, 129 (SS348 KM. 22,500);1,699;07:30-12:30/15:00-19:00;Chiuso;07:30-12:30/15:00-19:00
12.48314;45.76294;TV ODERZO VIALE POSTUMIA, 28 (SS53);TV;ODERZO;VIALE POSTUMIA, 28 (SS53);1,699;07:30-12:30/15:00-19:30;Chiuso;07:30-12:30
12.1424;45.7272;TV PAESE VIA ENRICO FERMI (SR348, KM 9,300) - LOC. POSTIOMA;TV;PAESE;VIA ENRICO FERMI (SR348, KM 9,300) - LOC. POSTIOMA;1,699;08:00-12:00/14:30-18:30;Chiuso;08:00-12:00
12.22334;45.89259;TV REFRONTOLO VIA CREVADA (SP38);TV;REFRONTOLO;VIA CREVADA (SP38);1,318;07:30-12:30/15:30-19:30;Chiuso;07:30-12.30
11.942;45.62;TV RESANA SR308 NUOVA STATALE DEL SANTO, KM 23,828;TV;RESANA;SR308 NUOVA STATALE DEL SANTO, KM 23,828;1,569;07:00-12:30/14:30-19:00;Chiuso;07:00-12:30
12.3334;45.8842;TV SAN VENDEMIANO VIA MARE, 54;TV;SAN VENDEMIANO;VIA MARE, 54;1,319;07:30/19:30;08:00-12:00;07:30/19:30
12.24905;45.86925;TV SUSEGANA VIA BARRIERA, 26 - LOC. CREVADA;TV;SUSEGANA;VIA BARRIERA, 26 - LOC. CREVADA;1,259;07:00-20:00;08:00-12:30;07:00-20:00
12.27255;45.65465;TV TREVISO VIA ADIGE (SR53, KM 62,500) - TANG.LE, ADS STORGA SUD;TV;TREVISO;VIA ADIGE (SR53, KM 62,500) - TANG.LE, ADS STORGA SUD;1,399;07:00-19:00;Chiuso;07:00-19:00
12.2205;45.6525;TV TREVISO VIA ADIGE, 3 (SR53, KM 58,400) - TANG.LE, ADS SILE NORD;TV;TREVISO;VIA ADIGE, 3 (SR53, KM 58,400) - TANG.LE, ADS SILE NORD;1,699;07:30-20:00;Chiuso;07:30-20:00
12.26575;45.6787;TV TREVISO VIA BIBANO, 17 - LOC. SELVANA;TV;TREVISO;VIA BIBANO, 17 - LOC. SELVANA;1,299;06:10-20:50;06:10-12:50;06:10-20:50
12.3459;45.806;TV VAZZOLA VIA PIAVE, 87 (SP92) - LOC. TEZZE DI PIAVE;TV;VAZZOLA;VIA PIAVE, 87 (SP92) - LOC. TEZZE DI PIAVE;1,599;7:30-12:30/15:00-19:30;Chiuso;7:30-12:30/15:00-19:30
12.0341;45.6869;TV VEDELAGO VIA NAZIONALE, 99 (SS53 KM 43,136);TV;VEDELAGO;VIA NAZIONALE, 99 (SS53 KM 43,136);1,599;07:00-20:00;08:00-13:00;07:00-20:00
12.2767;45.17775;VE CHIOGGIA SS309 ROMEA, KM 84,789 - LOC. BRONDOLO;VE;CHIOGGIA;SS309 ROMEA, KM 84,789 - LOC. BRONDOLO;1,499;07:00-12:30/14:30-18:30;Chiuso;07:00-12:30/14:30-18:30
12.278002;45.191103;"VE CHIOGGIA SS309 ROMEA; KM 86;300 ~ LOC. BRONDOLO";VE;CHIOGGIA;"SS309 ROMEA; KM 86;300 ~ LOC. BRONDOLO";1,599;07:30-19:30;Chiuso;07:30-19:30
12.0569;45.4422;VE DOLO A4 ADS ARINO EST (KM 373,500);VE;DOLO;A4 ADS ARINO EST (KM 373,500);1,648;00:00-24:00;00:00-24:00;00:00-24:00
12.0512;45.442;VE DOLO A4 ADS ARINO OVEST (KM 373,500);VE;DOLO;A4 ADS ARINO OVEST (KM 373,500);1,648;00:00-24:00;00:00-24:00;00:00-24:00
12.1077;45.4287;VE DOLO VIA MARTIRI DELLA LIBERTÀ, 8;VE;DOLO;VIA MARTIRI DELLA LIBERTÀ, 8;1,499;07:30-12:30/14:30-19:30;Chiuso;07:30-12:30/14:30-19:30
12.1516;45.5327;VE MARTELLAGO VIA ROMA, 42 - LOC. MAERNE;VE;MARTELLAGO;VIA ROMA, 42 - LOC. MAERNE;1,659;07:45-12:00/14:45-19:00;10:00-12:00/15:00-19:00;07:45-12:00/14:45-19:00
12.4726;45.623;VE MEOLO SP89 TREVISO-MARE;VE;MEOLO;SP89 TREVISO-MARE;1,399;07:30-12:30/14:30-19:00;Chiuso;07:30-12:30
12.10725;45.46555;VE MIRANO VIA VETREGO, 24 - LOC. VETREGO;VE;MIRANO;VIA VETREGO, 24 - LOC. VETREGO;1,399;07:30-19:00;Chiuso;07:30-12:30 14:30-19:00
12.879;45.7752;VE PORTOGRUARO VIA CASALONGA, 52 - LOC. CA' LONGA;VE;PORTOGRUARO;VIA CASALONGA, 52 - LOC. CA' LONGA;1,399;07:30-12:15/14:30-19:30;Chiuso;07:30-12:15/14:30-19:30
12.75085;45.7887;VE PORTOGRUARO VIALE TREVISO, 154 (SR53 KM 109.2) - LOC. PRADIPOZZO;VE;PORTOGRUARO;VIALE TREVISO, 154 (SR53 KM 109.2) - LOC. PRADIPOZZO;1,667;07:00-20:00;07:00-13:00;07:00-20:00
12.5923;45.64215;VE SAN DONÀ DI PIAVE VIA CALVECCHIA, 31 (SS14 TRIESTINA) - LOC. MOLINO;VE;SAN DONÀ DI PIAVE;VIA CALVECCHIA, 31 (SS14 TRIESTINA) - LOC. MOLINO;1,549;07:30-12:30/15:30-19:30;Chiuso;07:30-12:30/15:30-19:30
12.54571;45.65583;VE SAN DONÀ DI PIAVE VIA GONDULMERA, 5 (VIA TREPONTI) - LOC. MUSSETTA DI SOTTO;VE;SAN DONÀ DI PIAVE;VIA GONDULMERA, 5 (VIA TREPONTI) - LOC. MUSSETTA DI SOTTO;1,369;07:30-12:30/14:00-19:30;Chiuso;07:30-12:30
12.5877;45.6485;VE SAN DONÀ DI PIAVE VIA MARTIRI DELLE FOIBE, 10 - LOC. CALVECCHIA;VE;SAN DONÀ DI PIAVE;VIA MARTIRI DELLE FOIBE, 10 - LOC. CALVECCHIA;1,399;07:00-12:30/14:30-19:00;Chiuso;07:00-12:30
12.14016;45.49914;VE SPINEA VIA DELLA COSTITUZIONE, 105;VE;SPINEA;VIA DELLA COSTITUZIONE, 105;1,459;08:00-19:00;Chiuso;08:00-19:00
12.30131;45.53865;VE VENEZIA (C) VIA ALTINIA (SP40) - LOC. DESE;VE;VENEZIA;VIA ALTINIA (SP40) - LOC. DESE;1,299;07:30-12:30/15:00-19:00;Chiuso;07:30-12:30
12.19915;45.46955;VE VENEZIA VIA BOTTENIGO, 111 - LOC. MARGHERA;VE;VENEZIA;VIA BOTTENIGO, 111 - LOC. MARGHERA;1,545;06:15-20:00;06:15-20:00;06:15-20:00
12.2091;45.4615;VE VENEZIA VIA BOTTENIGO, 94/C - LOC. MARGHERA;VE;VENEZIA;VIA BOTTENIGO, 94/C - LOC. MARGHERA;1,399;07:30-19:00;Chiuso;07:30-19:00
12.18125;45.53425;VE VENEZIA VIA CASTELLANA, 260/L (SR245) - LOC. TRIVIGNANO;VE;VENEZIA;VIA CASTELLANA, 260/L (SR245) - LOC. TRIVIGNANO;1,699;7:30-20:00;Chiuso;7:30-20:00
12.2048;45.44499;VE VENEZIA VIA ROMEA, 12 (SS309) - LOC. MALCONTENTA;VE;VENEZIA;VIA ROMEA, 12 (SS309) - LOC. MALCONTENTA;1,499;07:00-20:00;Chiuso;07:00-20:00
11.4766;45.5196;VI ALTAVILLA VICENTINA VIA OLMO, 53 (SR11 PADANA SUPERIORE, KM 346,000);VI;ALTAVILLA VICENTINA;VIA OLMO, 53 (SR11 PADANA SUPERIORE, KM 346,000);1,659;07:00-13:00/14:00-19:30;08:00-12:30;07:30-13:00/14:30-19:30
11.7526;45.7399;VI BASSANO DEL GRAPPA VIA MADONNA DI MONTE BERICO, 11;VI;BASSANO DEL GRAPPA;VIA MADONNA DI MONTE BERICO, 11;1,639;07:00-21:00;07:00-12:30/14:30-20:30;07:00-21:00
11.6303;45.5892;VI BOLZANO VICENTINO VIA GORIZIA (SS53);VI;BOLZANO VICENTINO;VIA GORIZIA (SS53);1,699;07:00-19:00;08:00-12:00;07:00-19:00
11.73435;45.52565;VI CAMISANO VICENTINO VIA PIAZZOLA (SP24) - LOC. TORRE ROSSA;VI;CAMISANO VICENTINO;VIA PIAZZOLA (SP24) - LOC. TORRE ROSSA;1,549;07:00-19:00;08:00-13:00;07:00-19:00
11.56462;45.33608;VI CAMPIGLIA DEI BERICI VIA DONANZOLA, 91 (SP113 MEDIANA);VI;CAMPIGLIA DEI BERICI;VIA DONANZOLA, 91 (SP113 MEDIANA);1,599;07:30-12:30/15:00-19:30;Chiuso;07:30-12:30/15:00-18:00
11.3842;45.57095;VI CASTELGOMBERTO VIA PECORI GIRALDI, 63 (SP246);VI;CASTELGOMBERTO;VIA PECORI GIRALDI, 63 (SP246);1,649;07:30-12:30/14:30-19:00;Chiuso;07:30-12:30/14:30-19:00
11.45539;45.76655;VI CHIUPPANO VIA PONTE DEI GRANATIERI, 2;VI;CHIUPPANO;VIA PONTE DEI GRANATIERI, 2;1,699;07:00-13:00/14:00-19:30;08:30-12:30;07:00-13:00/14:00-19:30
11.65496;45.49607;VI GRUMOLO DELLE ABBADESSE VIA MALERBE, 2 - LOC. VANCIMUGLIO;VI;GRUMOLO DELLE ABBADESSE;VIA MALERBE, 2 - LOC. VANCIMUGLIO;1,649;07:30-12:30/14:30-19:30;Chiuso;07:30-12:30/14:30-19:30
11.37938;45.38237;VI LONIGO SP17 (TANG.LE), KM 1,200;VI;LONIGO;SP17 (TANG.LE), KM 1,200;1,419;07:30-12:30/14:30-19:00;Chiuso;07:30-12:30
11.3796;45.4163;VI LONIGO SP17 ALMISANESE - LOC. ALMISANO;VI;LONIGO;SP17 ALMISANESE - LOC. ALMISANO;1,399;07:30-19:00;Chiuso;07:30-12:30
11.45365;45.6803;VI MARANO VICENTINO VIA ANTONIO VOLPATO - LOC. MOLINETTA DI SOPRA;VI;MARANO VICENTINO;VIA ANTONIO VOLPATO - LOC. MOLINETTA DI SOPRA;1,799;07:30-12:30/15:00-19:00;Chiuso;07:30-12:30
11.6923;45.76;VI MAROSTICA VIA MARSAN, 60 (SP248);VI;MAROSTICA;VIA MARSAN, 60 (SP248);1,659;07:00-12:30/15:00-19:30;Chiuso;07:00-12:30/15:00-19:30
11.39215;45.50982;VI MONTECCHIO MAGGIORE VIA MOLINETTO (SP1 ARZIGNANESE);VI;MONTECCHIO MAGGIORE;VIA MOLINETTO (SP1 ARZIGNANESE);1,629;07:30-12:30/15:00-19:00;Chiuso;07:30-12:30
11.6755;45.7108;VI NOVE VIA PARINI, 4 (ANG. SP52 BASSANESE) - LOC. CROSARA;VI;NOVE;VIA PARINI, 4 (ANG. SP52 BASSANESE) - LOC. CROSARA;1,659;07:30-12:30/14:30-19:00;08:00-12:30;07:30-12:30/14:30-19:00
11.53;45.285;VI NOVENTA VICENTINA VIA BROLI, 81/A;VI;NOVENTA VICENTINA;VIA BROLI, 81/A;1,600;07:30-12:30/15:30-19:30;07:30-12:30;07:30-12:30/15:30-19:30
11.65065;45.72121;VI PIANEZZE VIA DELL'INDUSTRIA, 40/A (SP248, KM 23,900);VI;PIANEZZE;VIA DELL'INDUSTRIA, 40/A (SP248, KM 23,900);1,589;07:00-12:30/15:00-19:00;Chiuso;07:00-12:30/15:00-18:00
11.3771;45.68835;VI SAN VITO DI LEGUZZANO VIA MARTIRI DELLA LIBERTÀ, 24;VI;SAN VITO DI LEGUZZANO;VIA MARTIRI DELLA LIBERTÀ, 24;1,424;07:30-12:30/14:30-19:00;Chiuso;07:30-12:30
11.4164;45.7424;VI SANTORSO VIA MARTIRI DELLA LIBERTÀ, 45;VI;SANTORSO;VIA MARTIRI DELLA LIBERTÀ, 45;1,599;07:30-12:25/15:00-18:55;Chiuso;07:30-12:25/15:00-18:55
11.3886;45.6941;VI SCHIO VIA VICENZA (SP46) - LOC. PONTE D'ORO;VI;SCHIO;VIA VICENZA (SP46) - LOC. PONTE D'ORO;1,699;07:30-12:30/14:30-19:30;07:30-12:30;07:30-12:30/14:30-19:30
11.392;45.71765;VI SCHIO VIALE DELL'INDUSTRIA, 140;VI;SCHIO;VIALE DELL'INDUSTRIA, 140;1,469;07:00-12:30/14:00-19:00;Chiuso;07:00-12:30
11.41845;45.7243;VI SCHIO VIALE DELL'INDUSTRIA, 251;VI;SCHIO;VIALE DELL'INDUSTRIA, 251;1,699;07:30-12:30/14:30-19:00;Chiuso;07:30-12:30
11.47145;45.71585;VI THIENE VIA DEL COSTO, 118;VI;THIENE;VIA DEL COSTO, 118;1,699;07:30-12:30/15:00-19:00;Chiuso;07:30-12:30
11.4688;45.68995;VI THIENE VIA DELL'AUTOSTRADA, 11;VI;THIENE;VIA DELL'AUTOSTRADA, 11;1,499;07:00-19:00;Chiuso;07:30-12:30
11.5743;45.55415;VI VICENZA STRADA DI BERTESINA, 80 (SP25);VI;VICENZA;STRADA DI BERTESINA, 80 (SP25);1,569;07:00-22:00;08:00-12:30/19:00-22:00;07:30-12:30/14:30-19:30
11.59485;45.5266;VI VICENZA VIA GIUSEPPE SCOLARI - Q.RE CASALE;VI;VICENZA;VIA GIUSEPPE SCOLARI - Q.RE CASALE;1,439;08:00-18:00;Chiuso;08:00-18:00
11.5517;45.5652;VI VICENZA VIALE CRICOLI, 70;VI;VICENZA;VIALE CRICOLI, 70;1,399;07:00-20:00;07:00-20:00;07:00-20:00
11.51365;45.5516;VI VICENZA VIALE DEL SOLE, 114;VI;VICENZA;VIALE DEL SOLE, 114;1,599;07:30-12:30/15:00-19:00;Chiuso;08:00-13:30
11.00289;45.32883;VR BUTTAPIETRA VIA ISOLA, 35 (SS12 DELL'ABETONE E DEL BRENNERO, KM 273,525);VR;BUTTAPIETRA;VIA ISOLA, 35 (SS12 DELL'ABETONE E DEL BRENNERO, KM 273,525);1,777;07:00-20:30;07:00-12:30/14:00-20:00;07:00-20:30
11.18815;45.19283;VR CASALEONE VIA FAVAL, 39;VR;CASALEONE;VIA FAVAL, 39;1,879;07:00-20:00;Chiuso;07:00-14:00
10.78174;45.44214;VR CASTELNUOVO DEL GARDA VIA PALAZZINA;VR;CASTELNUOVO DEL GARDA;VIA PALAZZINA;1,859;06:30-20:30;06:30-20:30;06:30-20:30
10.80217;45.54384;VR CAVAION VERONESE VIA GESSO, 6 (SP 11);VR;CAVAION VERONESE;VIA GESSO, 6 (SP 11);1,715;08:00-12:30/15:00-19:00;08:00-12:30/15:00-19:00;08:00-12:30/15:00-19:00
11.1764;45.42675;VR COLOGNOLA AI COLLI VIA MONTANARA, 37 - LOC. PIEVE;VR;COLOGNOLA AI COLLI;VIA MONTANARA, 37 - LOC. PIEVE;1,385;07:30-12:30/15:00-19:00;;07:30-12:30
11.2555;45.202;VR LEGNAGO SS434 TRANSPOLESANA, KM 34,674;VR;LEGNAGO;SS434 TRANSPOLESANA, KM 34,674;1,619;07:30-12:30/15:00-19:30;Chiuso;07:30-12:30
11.28075;45.18601;VR LEGNAGO VIA PADANA INFERIORE OVEST, 5 (SS10, KM331.320) - LOC. SAN PIETRO DI LEGNAGO;VR;LEGNAGO;VIA PADANA INFERIORE OVEST, 5 (SS10, KM331.320) - LOC. SAN PIETRO DI LEGNAGO;1,949;07:00-20:00;07:00-13:00;07:00-20:00
10.82255;45.31415;VR MOZZECANE VIA CATERINA BON BRENZONI, 130;VR;MOZZECANE;VIA CATERINA BON BRENZONI, 130;1,359;06:30-20:30;07:30-13:00;06:30-20:30
10.93395;45.5111;VR NEGRAR VIA SAN VITO, 64 (SP12);VR;NEGRAR;VIA SAN VITO, 64 (SP12);1,699;07:30-12:30/14:30-19:00;Chiuso;07:30-12:30/14:30-19:00
11.05255;45.1912;VR NOGARA VIA MOLINO DI SOPRA, 46 (SS12 DELL'ABETONE E DEL BRENNERO);VR;NOGARA;VIA MOLINO DI SOPRA, 46 (SS12 DELL'ABETONE E DEL BRENNERO);1,459;07:00-19:00;Chiuso;07:00-16:00
10.8582;45.2852;VR NOGAROLE ROCCA VIA MEDIANA (SP3) - LOC. PRADELLE;VR;NOGAROLE ROCCA;VIA MEDIANA (SP3) - LOC. PRADELLE;1,359;06:00-20:00;07:30-13:00;06:00-19:30
11.13415;45.3033;VR OPPEANO VIA DEL LUPO, 9 - LOC. CA' DEGLI OPPI;VR;OPPEANO;VIA DEL LUPO, 9 - LOC. CA' DEGLI OPPI;1,499;7:00-12:20/14:30-19:30;Chiuso;7:00-12:20/14:00-19:30
11.08475;45.29085;VR OPPEANO VIA VILLAFONTANA, 35 (SP2) - LOC. VILLAFONTANA;VR;OPPEANO;VIA VILLAFONTANA, 35 (SP2) - LOC. VILLAFONTANA;1,499;07:30-12:30/14:30-19:00;07:30-12:00;07:30-12:30/14:30-19:00
10.88825;45.36635;VR POVEGLIANO VERONESE RACCORDO SR62 DELLA CISA - LOC. LE CHÉ;VR;POVEGLIANO VERONESE;RACCORDO SR62 DELLA CISA - LOC. LE CHÉ;1,689;07:00-20:00;Chiuso;07:00-20:00
11.17665;45.35575;VR RONCO ALL'ADIGE VIA FRACANZANA (SP19) - LOC. ALBARO;VR;RONCO ALL'ADIGE;VIA FRACANZANA (SP19) - LOC. ALBARO;1,549;07:00-18:50;08:00-12:50;07:00-18:50
11.2517;45.3879;VR SAN BONIFACIO VIA CIRCONVALLAZIONE (SR38 PORCILANA, KM 11,200);VR;SAN BONIFACIO;VIA CIRCONVALLAZIONE (SR38 PORCILANA, KM 11,200);1,359;06:30-20:30;07:30-13:00;06:30-20:30
11.02755;45.39652;VR SAN GIOVANNI LUPATOTO VIA MONTE CERVINO, 3;VR;SAN GIOVANNI LUPATOTO;VIA MONTE CERVINO, 3;1,599;07:00-19:00;Chiuso;07:00-19:00
11.0765;45.41945;VR SAN MARTINO BUON ALBERGO VIA PONTARA SANDRI;VR;SAN MARTINO BUON ALBERGO;VIA PONTARA SANDRI;1,659;07:00-20:00;07:00-13:00;07:00-20:00
11.103107;45.417925;VR SAN MARTINO BUON ALBERGO VIA QUATTRO RUOTE#;VR;SAN MARTINO BUON ALBERGO;VIA QUATTRO RUOTE#;1,799;07:00-20:00;07:00-12:30/14:30-20:00;07:00-20:00
10.8729;45.5198;VR SAN PIETRO IN CARIANO SP1 KM 2,400;VR;SAN PIETRO IN CARIANO;SP1 KM 2,400;1,699;07:00-19:00;Chiuso;07:00-19:00
10.93275;45.48235;VR SAN PIETRO IN CARIANO VIA BRENNERO - LOC. NASSAR;VR;SAN PIETRO IN CARIANO;VIA BRENNERO - LOC. NASSAR;1,649;07:00-20:00;07:00-13:00;07:00-20:00
10.87135;45.41395;VR SOMMACAMPAGNA A4 ADS MONTE BALDO EST (KM 272,200);VR;SOMMACAMPAGNA;A4 ADS MONTE BALDO EST (KM 272,200);1,530;00:00-24:00;00:00-24:00;00:00-24:00
10.8544;45.4097;VR SOMMACAMPAGNA CIRCONVALLAZIONE EUROPA, 12 (SP25);VR;SOMMACAMPAGNA;CIRCONVALLAZIONE EUROPA, 12 (SP25);1,359;06:30-19:30;07:00-13:00;07:00-19:30
10.7508;45.3562;VR VALEGGIO SUL MINCIO VIA SAN GIOVANNI BOSCO, 40 (SP24, KM 1,300);VR;VALEGGIO SUL MINCIO;VIA SAN GIOVANNI BOSCO, 40 (SP24, KM 1,300);1,799;07:30-19:00;Chiuso;07:30-19:00
10.89575;45.44585;VR VERONA STRADA BRESCIANA, 79 - LOC. BASSONE;VR;VERONA;STRADA BRESCIANA, 79 - LOC. BASSONE;1,499;07:00-19:30;08:00-12:00;07:30-19:00
11.06416;45.40472;VR VERONA TANGENZIALE SUD, KM 16,900 (DIR. EST);VR;VERONA;TANGENZIALE SUD, KM 16,900 (DIR. EST);1,339;06:30-19:30;Chiuso;07:30-12:30
10.93905;45.40125;VR VERONA TANGENZIALE SUD, KM 7,000 (DIR. EST);VR;VERONA;TANGENZIALE SUD, KM 7,000 (DIR. EST);1,359;07:00-19:00;Chiuso;07:00-13:00
11.05225;45.4522;VR VERONA VIA ANTONIO DA LEGNAGO 1/C;VR;VERONA;VIA ANTONIO DA LEGNAGO 1/C;1,699;07:30-12:30/14:30-19:00;Chiuso;07:30-12:30/14:30-19:00
10.9939;45.4237;VR VERONA VIA AVESANI, 17 - LOC. BASSO ACQUAR;VR;VERONA;VIA AVESANI, 17 - LOC. BASSO ACQUAR;1,545;06:15-20:00;06:15-20:00;06:15-20:00
10.9937;45.4285;VR VERONA VIA BASSO ACQUAR, 25/C;VR;VERONA;VIA BASSO ACQUAR, 25/C;1,457;07:00-12:30/14:30-19:00;Chiuso;07:00-12:30/14:30-19:00
10.89635;45.44795;VR VERONA VIA BASSONE, 78 - LOC. BASSONE;VR;VERONA;VIA BASSONE, 78 - LOC. BASSONE;1,899;07:00-20:00;07:00-20:00;07:00-20:00
10.995153;45.353957;"VR VERONA VIA BELFIORE; 219\/A (SS12; KM 276;400) ~ LOC. MAGNANO";VR;VERONA;"VIA BELFIORE; 219\/A (SS12; KM 276;400) ~ LOC. MAGNANO";1,549;07:00-20:00;08:00-15:00;07:00-20:00
11.0057;45.40325;VR VERONA VIA LEGNAGO, 147/B - LOC. BORGO ROMA;VR;VERONA;VIA LEGNAGO, 147/B - LOC. BORGO ROMA;1,599;07:00-19:00;07:00-13:00;07:00-19:00
10.9932;45.38885;VR VERONA VIA MEZZACAMPAGNA 17-42 - LOC. CA' DI DAVID;VR;VERONA;VIA MEZZACAMPAGNA 17-42 - LOC. CA' DI DAVID;1,539;Chiuso;Chiuso;Chiuso
10.9299;45.41695;VR VERONA VIA SOMMACAMPAGNA, 59 - INTERPORTO QUADRANTE EUROPA;VR;VERONA;VIA SOMMACAMPAGNA, 59 - INTERPORTO QUADRANTE EUROPA;1,330;07:30-18:30;Chiuso;Chiuso
10.97186;45.38454;VR VERONA VIA VIGASIO, 91 - LOC. CA' DI DAVID/SACRA FAMIGLIA;VR;VERONA;VIA VIGASIO, 91 - LOC. CA' DI DAVID/SACRA FAMIGLIA;1,599;07:30-12:30/15:00-19:30;Chiuso;07:30-18:30
10.9513;45.3314;VR VIGASIO SP 25;VR;VIGASIO;SP 25;1,429;07:30-12:30/14:30-19:30;Chiuso;07:30-12:30
11.35925;45.13945;VR VILLA BARTOLOMEA SS434 TRANSPOLESANA  (KM 45,829 - DIR. NORD-OVEST);VR;VILLA BARTOLOMEA;SS434 TRANSPOLESANA  (KM 45,829 - DIR. NORD-OVEST);1,390;05:00-21:00;Chiuso;05:00-13:00
10.8345;45.33904;VR VILLAFRANCA DI VERONA LOC. BROCCIOLO, 1/A;VR;VILLAFRANCA DI VERONA;LOC. BROCCIOLO, 1/A;1,830;06:30-21:00;06:30-20:30;06:30-21:00
10.8974;45.3858;VR VILLAFRANCA DI VERONA VIA BORGO BELLO, 43 (SR62) - LOC. CA' DELL'ORA;VR;VILLAFRANCA DI VERONA;VIA BORGO BELLO, 43 (SR62) - LOC. CA' DELL'ORA;1,689;7:00-13:00-14:00-20:00;08:00-12:30;7:00-13:00-14:00-20:00
10.8463;45.365;VR VILLAFRANCA DI VERONA VIA SOMMACAMPAGNA, 44 (SP26);VR;VILLAFRANCA DI VERONA;VIA SOMMACAMPAGNA, 44 (SP26);1,399;07:30-20:00;08:00-12:00;07:30-20:00
10.84545;45.373408;"VR VILLAFRANCA DI VERONA VIA SOMMACAMPAGNA; 75 (SP26)";VR;VILLAFRANCA DI VERONA;"VIA SOMMACAMPAGNA; 75 (SP26)";1,359;06:30-20.30;07:30-13:00;06:30-20.30
11.04881;45.36965;VR ZEVIO VIA SPARTIDORI (SS434 TRANSPOLESANA, KM 7,400) - LOC. MACCACHIOVE;VR;ZEVIO;VIA SPARTIDORI (SS434 TRANSPOLESANA, KM 7,400) - LOC. MACCACHIOVE;1,439;07:30-12:30/14:30-19:00;Chiuso;07:30-12:15
11.37541;45.33789;VR ZIMELLA VIA STAZIONE, 7/A (SP500, KM 19,250);VR;ZIMELLA;VIA STAZIONE, 7/A (SP500, KM 19,250);1,394;07:00-20:00;07:00-12:00;07:00-20:00
12.62985;45.97435;PN PORDENONE VIA POLCENIGO, 12;PN;PORDENONE;VIA POLCENIGO, 12;1,569;07:30-12:20/14:30-19:30;08:00-12:00;07:30-12:20/14:30-19:30
12.4625;45.9437;PN SACILE VIALE EUROPA, 1;PN;SACILE;VIALE EUROPA, 1;1,598;08:00-13:00/15:00-19:30;09:00-13:00;08:00-13:00/15:00-19:30
12.8542;46.09905;PN SPILIMBERGO VIA VIVARO, 7 - LOC. TAURIANO;PN;SPILIMBERGO;VIA VIVARO, 7 - LOC. TAURIANO;1,699;07:30-13:00/14:00-19:00;Chiuso;07:30-13:00/14:00-19:00
12.7949;45.95275;PN ZOPPOLA VIA CODROIPO, 10 (SS13 KM. 91,400) - LOC. ORCENICO INFERIORE;PN;ZOPPOLA;VIA CODROIPO, 10 (SS13 KM. 91,400) - LOC. ORCENICO INFERIORE;1,699;07:30-12:30/15:00-19:00;Chiuso;07:30-12:30
13.1738;46.08245;UD MARTIGNACCO VIA SPILIMBERGO, 152 (SR464, KM 43) - LOC. CASANOVA;UD;MARTIGNACCO;VIA SPILIMBERGO, 152 (SR464, KM 43) - LOC. CASANOVA;1,699;07:00-12:30/14:00-19:30;Chiuso;07:00-19:30
13.3414;46.51;UD PONTEBBA FRAZIONE LAGLESIE SAN LEOPOLDO, 1 - AUTOPORTO;UD;PONTEBBA;FRAZIONE LAGLESIE SAN LEOPOLDO, 1 - AUTOPORTO;1,629;06:00-20:00;06:00-20:00;06:00-20:00
13.20055;45.85785;UD PORPETTO STRADA PONTE DI PIETRA, 5 (VARIANTE SP80);UD;PORPETTO;STRADA PONTE DI PIETRA, 5 (VARIANTE SP80);1,299;07:30–12:00/14:30–19:00;Chiuso;07:30–12:00/14:30–19:00
13.257707;46.0161;"UD UDINE TANGENZIALE SUD G. CONTI; 300 (SS676; KM 1;148)";UD;UDINE;"TANGENZIALE SUD G. CONTI; 300 (SS676; KM 1;148)";1,599;07:00–19:00;Chiuso;07:30–12:30
13.265;46.1071;UD UDINE VIA CJARANDE, 101 (SP15, KM 1,850) – LOC. GODIA;UD;UDINE;VIA CJARANDE, 101 (SP15, KM 1,850) – LOC. GODIA;1,599;07:00-19:30;07:00-19:30;07:00-19:30
13.23995;46.0218;UD UDINE VIA LUMIGNACCO, 501;UD;UDINE;VIA LUMIGNACCO, 501;1,487;07:00-12:30/14:30-19:00;Chiuso;07:00-12:30/14:30-19:00
13.232;46.0932;UD UDINE VIA TRICESIMO 155;UD;UDINE;VIA TRICESIMO 155;1,699;08:00-12:30/14:30-19:00;Chiuso;08:00-12:30/14:30-19:00
13.2463;46.0336;UD UDINE VIALE KONRAD ADENAUER, 20;UD;UDINE;VIALE KONRAD ADENAUER, 20;1,699;07:00-19:30;Chiuso;07:00-19:30
8.89905;44.4685;GE GENOVA VIA LEVATI, 1 ROSSO - LOC. BOLZANETO;GE;GENOVA;VIA LEVATI, 1 ROSSO - LOC. BOLZANETO;1,585;05:00-20:00;07:00-12:30/14:00-20:00;05:00-20:00
8.9615;44.4356;GE GENOVA VIA PIACENZA, 141 ROSSO - LOC. GAVETTE;GE;GENOVA;VIA PIACENZA, 141 ROSSO - LOC. GAVETTE;1,549;07:30-20:30;08:00-13:00/14:30-19:30;07:30-20:30
8.0248;43.92105;IM IMPERIA VIA NAZIONALE (SS28, KM 136,600) - LOC. PASSO ROCCHE;IM;IMPERIA;VIA NAZIONALE (SS28, KM 136,600) - LOC. PASSO ROCCHE;1,616;08:00-12:30/14:30-19:00;Chiuso;08:00-12:30/14:30-19:00
9.92325;44.1088;SP ARCOLA SS1 AURELIA, KM 401,509 - LOC. RESSORA;SP;ARCOLA;SS1 AURELIA, KM 401,509 - LOC. RESSORA;1,709;07:30-19:00;Chiuso;07:30-12:30-15:00-19:00
9.89285;44.16786;SP BOLANO VIA CISA, 50 (SS330) - LOC. CEPARANA;SP;BOLANO;VIA CISA, 50 (SS330) - LOC. CEPARANA;1,565;07:00-12:30/14:00-19:00;Chiuso;07:00-12:30
9.8588;44.11455;SP LA SPEZIA PIAZZALE STAGNONI;SP;LA SPEZIA;PIAZZALE STAGNONI;1,499;Chiuso;Chiuso;Chiuso
9.8613;44.1131;SP LA SPEZIA VIA DEGLI STAGNONI, 62;SP;LA SPEZIA;VIA DEGLI STAGNONI, 62;1,799;07:00-12:30/14:30-20:00;07:30-12:30/14:30-20:00;07:00-12:30/14:30-20:00
9.98305;44.077;SP SARZANA VIALE XXV APRILE, 48 - LOC. FALASCHI;SP;SARZANA;VIALE XXV APRILE, 48 - LOC. FALASCHI;1,588;07:30-12:30/14:30-19:30;08:00-13:00/15:00-20:00;07:30-12:30/14:30-19:30
9.91675;44.13795;SP VEZZANO LIGURE A12 ADS MAGRA EST;SP;VEZZANO LIGURE;A12 ADS MAGRA EST;1,899;00:00-24:00;00:00-24:00;00:00-24:00
8.2881;44.40185;SV CAIRO MONTENOTTE VIA DELLA RESISTENZA, 34;SV;CAIRO MONTENOTTE;VIA DELLA RESISTENZA, 34;1,510;07:00-12:30/13:30-20:00;07:00-13:00;07:00-12:30/13:30-20:00
8.201;44.3688;SV MILLESIMO SS28 BIS - VIA LOC. MONASTERO, 2;SV;MILLESIMO;SS28 BIS - VIA LOC. MONASTERO, 2;1,399;07:30-12:30/13:30-20:00;08:30-12:30/14:30-18:30;07:30-12:30/13:30-20:00
8.42655;44.26885;SV VADO LIGURE STRADA DI SCORRIMENTO VELOCE (SS1 DIR/A) - LOC. BOSSARINO;SV;VADO LIGURE;STRADA DI SCORRIMENTO VELOCE (SS1 DIR/A) - LOC. BOSSARINO;1,329;06:00-19:00;Chiuso;07:30-12:00
10.9755;44.16865;BO ALTO RENO TERME VIA I MAGGIO, 40 (SP57 MADOLMA) - LOC. PUCCIGA;BO;ALTO RENO TERME;VIA I MAGGIO, 40 (SP57 MADOLMA) - LOC. PUCCIGA;1,799;07:30-12:30/16:00-19:00;Chiuso;07:30-12:30/16:00-19:00
11.36966;44.61475;BO BENTIVOGLIO VIA GALLIERA, 19/A (SP4) - Z.I. DI STIATICO;BO;BENTIVOGLIO;VIA GALLIERA, 19/A (SP4) - Z.I. DI STIATICO;1,639;07:00-19:00;08:30-12:30/14:00-18:00;07:00-19:00
11.37604;44.62033;BO BENTIVOGLIO VIA RENATA VIGANO' - Z.I. INTERPORTO;BO;BENTIVOGLIO;VIA RENATA VIGANO' - Z.I. INTERPORTO;1,431;07:00-12:30/14:00-18:00;Chiuso;Chiuso
11.39265;44.498057;BO BOLOGNA VIA A. GAZZONI 4\/2 ~ Q.RE SAN VITALE;BO;BOLOGNA;VIA A. GAZZONI 4\/2 ~ Q.RE SAN VITALE;1,595;07:00-20:00;07:00-20:00;07:00-20:00
11.25506;44.52507;BO BOLOGNA VIA ALBERELLI, 1 (ANG.SS9 EMILIA) - LOC. BORGO PANIGALE;BO;BOLOGNA;VIA ALBERELLI, 1 (ANG.SS9 EMILIA) - LOC. BORGO PANIGALE;1,549;06:00-20:00;Chiuso;06:00-20:00
11.40051;44.49453;BO BOLOGNA VIA ENRICO MATTEI, 27 (SP253 SAN VITALE) - Q.RE SAN VITALE;BO;BOLOGNA;VIA ENRICO MATTEI, 27 (SP253 SAN VITALE) - Q.RE SAN VITALE;1,628;06:10-22:00;06:10-22:00;06:10-22:00
11.422552;44.488754;BO BOLOGNA VIA GALEAZZO MARESCOTTI ~ LOC. CASELLE\/VILLANOVA;BO;BOLOGNA;VIA GALEAZZO MARESCOTTI ~ LOC. CASELLE\/VILLANOVA;1,449;07:00-20:00;09:00-13:00/15:00-19:00;07:00-20:00
11.42116;44.48893;BO BOLOGNA VIA GALEAZZO MARESCOTTI 61 - LOC. CASELLE/VILLANOVA;BO;BOLOGNA;VIA GALEAZZO MARESCOTTI 61 - LOC. CASELLE/VILLANOVA;1,429;07:30-13.00/14:30-19:00;Chiuso;07:30-13:00
11.24235;44.5285;BO BOLOGNA VIA MARCO EMILIO LEPIDO 204/5 (SS9 EMILIA) - LOC. LAVINO DI MEZZO;BO;BOLOGNA;VIA MARCO EMILIO LEPIDO 204/5 (SS9 EMILIA) - LOC. LAVINO DI MEZZO;1,496;06:00-19:00;Chiuso;06:00-19:00
11.26225;44.49225;BO BOLOGNA VIA NUOVA BAZZANESE, 5 (SP569 ASSE ATTR. SUD-OVEST DIR. MO) - LOC. CASTELDEBOLE;BO;BOLOGNA;VIA NUOVA BAZZANESE, 5 (SP569 ASSE ATTR. SUD-OVEST DIR. MO) - LOC. CASTELDEBOLE;1,526;08:00-12:00/15:00-19:00;Chiuso;08:00-12:00/15:00-19:00
11.26103;44.49197;BO BOLOGNA VIA NUOVA BAZZANESE, 8 (SP569 ASSE ATTR. SUD-OVEST, DIR. BO) - LOC. CASTELDEBOLE;BO;BOLOGNA;VIA NUOVA BAZZANESE, 8 (SP569 ASSE ATTR. SUD-OVEST, DIR. BO) - LOC. CASTELDEBOLE;1,496;06:30-12:30/14:30-19:00;Chiuso;Chiuso
11.363;44.5197;BO BOLOGNA VIA STALINGRADO, 71 - ZONA FIERA;BO;BOLOGNA;VIA STALINGRADO, 71 - ZONA FIERA;1,629;07:30-20:20;Chiuso;07:30-20:20
11.26542;44.51557;BO BOLOGNA VIALE ALCIDE DE GASPERI, 277 - LOC. BORGO PANIGALE;BO;BOLOGNA;VIALE ALCIDE DE GASPERI, 277 - LOC. BORGO PANIGALE;1,499;07:30-13:00/14:00-18:30;Chiuso;07:30-12:30
11.516;44.51325;BO BUDRIO VIA ZENZALINO SUD, KM 1.670 - LOC. CENTO;BO;BUDRIO;VIA ZENZALINO SUD, KM 1.670 - LOC. CENTO;1,669;07:00-19:30;07:00-13:00;07:00-19:30
11.277;44.5915;BO CALDERARA DI RENO VIA PRATI 24/A (SP18, KM 5,700);BO;CALDERARA DI RENO;VIA PRATI 24/A (SP18, KM 5,700);1,499;07:00-12:30/15:00-19:00;Chiuso;07:00-12:30
11.2551;44.4917;BO CASALECCHIO DI RENO VIA MARGOTTI, 2/4 - ZONA ARTIGIANALE CA' BASSA;BO;CASALECCHIO DI RENO;VIA MARGOTTI, 2/4 - ZONA ARTIGIANALE CA' BASSA;1,499;06:00-21:45;06:00-21:45;06:00-21:45
11.39263;44.56785;BO CASTEL MAGGIORE VIA G. MATTEOTTI, 185 (SP46) - LOC. SABBIUNO;BO;CASTEL MAGGIORE;VIA G. MATTEOTTI, 185 (SP46) - LOC. SABBIUNO;1,609;07:00-20:00;08:00-19:00;07:00-20:00
11.3601;44.5682;BO CASTEL MAGGIORE VIA GALLIERA, 22 (SP4);BO;CASTEL MAGGIORE;VIA GALLIERA, 22 (SP4);1,499;06:30-20:30;Chiuso;06:30-20:30
11.3553;44.56645;BO CASTEL MAGGIORE VIALE EUROPA/VIA PIO LA TORRE, 11/B;BO;CASTEL MAGGIORE;VIALE EUROPA/VIA PIO LA TORRE, 11/B;1,699;07:00-19:30;09:00-13:00/15:00-18:30;07:00-19:30
11.59865;44.4297;BO CASTEL SAN PIETRO TERME A14 ADS SILLARO EST (KM 37,400);BO;CASTEL SAN PIETRO TERME;A14 ADS SILLARO EST (KM 37,400);1,599;00:00-24:00;00:00-24:00;00:00-24:00
11.5718;44.4088;BO CASTEL SAN PIETRO TERME VIA EMILIA PONENTE, 1318 (SS9 EMILIA, KM 91,000) - LOC. MAGIONE;BO;CASTEL SAN PIETRO TERME;VIA EMILIA PONENTE, 1318 (SS9 EMILIA, KM 91,000) - LOC. MAGIONE;1,348;06:00-22:00;06:00-22:00;06:00-22:00
11.54297;44.41917;BO CASTEL SAN PIETRO TERME VIA MALVEZZA, 90 (ANG. SS9 EMILIA, KM 92,700) - LOC. GALLO BOLOGNESE;BO;CASTEL SAN PIETRO TERME;VIA MALVEZZA, 90 (ANG. SS9 EMILIA, KM 92,700) - LOC. GALLO BOLOGNESE;1,513;06:30-20:00;Chiuso;06:30-20:00
11.42633;44.52237;BO CASTENASO VIA DEL FRULLO, 40 - LOC. FRULLO;BO;CASTENASO;VIA DEL FRULLO, 40 - LOC. FRULLO;1,509;05:00-20:00;08:00-13:00/14:00-20:00;05:00-20:00
11.49023;44.50128;BO CASTENASO VIA NASICA, 108/4 - (SP253 DI SAN VITALE) - LOC. FOSSAMARZA;BO;CASTENASO;VIA NASICA, 108/4 - (SP253 DI SAN VITALE) - LOC. FOSSAMARZA;1,449;06:00–19:00;Chiuso;07:00-18:00
11.1215;44.73035;BO CREVALCORE VIA DI MEZZO PONENTE, 1965 (SP568);BO;CREVALCORE;VIA DI MEZZO PONENTE, 1965 (SP568);1,799;07:00-19:30;08:00-13:00;07:00-19:30
11.43128;44.589;BO GRANAROLO DELL'EMILIA SS64 PORRETTANA KM 107,835 - LOC. LOVOLETO;BO;GRANAROLO DELL'EMILIA;SS64 PORRETTANA KM 107,835 - LOC. LOVOLETO;1,609;07:00-19:00;08:30-12:30/15:00-19:00;07:00-19:00
11.7234;44.37515;BO IMOLA VIA I° MAGGIO, 87;BO;IMOLA;VIA I° MAGGIO, 87;1,629;06:00-20:00;Chiuso;07:30-19:00
11.7351;44.37445;BO IMOLA VIA LASIE, 9/D (ANG. SP610 SELICE);BO;IMOLA;VIA LASIE, 9/D (ANG. SP610 SELICE);1,629;06:00-22:00;06:00-22:00;06:00-22:00
11.6858;44.3407;BO IMOLA VIA MONTANARA, 49/A (SP610 SELICE);BO;IMOLA;VIA MONTANARA, 49/A (SP610 SELICE);1,629;06:00-22:00;06:00-22:00;06:00-22:00
11.76515;44.41635;BO IMOLA VIA SELICE (SP610) - LOC. FLUNO;BO;IMOLA;VIA SELICE (SP610) - LOC. FLUNO;1,760;07:30-12:30/15:00-19:00;Chiuso;07:30-12:30
11.724906;44.362405;"BO IMOLA VIA SELICE; 213\/A (SP610)";BO;IMOLA;"VIA SELICE; 213\/A (SP610)";1,559;07:00-20:00;Chiuso;07:00-20:00
11.46531;44.63522;BO MALALBERGO VIA ASINARI, 24/A (SP44) - LOC. CASONI;BO;MALALBERGO;VIA ASINARI, 24/A (SP44) - LOC. CASONI;1,609;07:00-20:00;00:00-24:00;07:00-12:30/14:30-20:00
11.627504;44.481306;"BO MEDICINA VIA SAN VITALE OVEST; 377 (SP253)";BO;MEDICINA;"VIA SAN VITALE OVEST; 377 (SP253)";1,549;15:00-19:30;Chiuso;07:00-13:00
11.63797;44.61253;BO MOLINELLA VIA CANALE, 5;BO;MOLINELLA;VIA CANALE, 5;1,679;07:00-20:00;08:00-13:00;07:00-20:00
11.65925;44.61595;BO MOLINELLA VIA DEGLI ALPINI, 1;BO;MOLINELLA;VIA DEGLI ALPINI, 1;1,639;07:00-19:30;08:30-12:30;07:00-19:30
11.67106;44.63133;BO MOLINELLA VIA PROVINCIALE INFERIORE, 61;BO;MOLINELLA;VIA PROVINCIALE INFERIORE, 61;1,583;06:30-20:00;07:00-13:00;06:30-20:00
11.1983;44.4643;BO MONTE SAN PIETRO VIA LAVINO, 3/B (SP26), LOC. PONTE RIVABELLA;BO;MONTE SAN PIETRO;VIA LAVINO, 3/B (SP26), LOC. PONTE RIVABELLA;1,759;07:00-19:00;Chiuso;07:00-13:00/14:00-19:00
11.35265;44.44022;BO PIANORO VIA DE GASPERI, 1 - LOC. RASTIGNANO;BO;PIANORO;VIA DE GASPERI, 1 - LOC. RASTIGNANO;1,629;07:00-13:00/14:30-19:00;Chiuso;07:30-12:30
11.37058;44.63222;BO SAN GIORGIO DI PIANO VIA PROVINCIALE BOLOGNA, 15/1 (SP4, KM 12,800);BO;SAN GIORGIO DI PIANO;VIA PROVINCIALE BOLOGNA, 15/1 (SP4, KM 12,800);1,639;07:00-19:30;Chiuso;07:00-19:30
11.2281;44.62385;BO SAN GIOVANNI IN PERSICETO VIA ANTONIO MARZOCCHI, 54 (SP3 KM 2,530);BO;SAN GIOVANNI IN PERSICETO;VIA ANTONIO MARZOCCHI, 54 (SP3 KM 2,530);1,489;07:00-12:30/15:00-19:00;Chiuso;07:00-12:30/15:30-18:00
11.2028;44.619;BO SAN GIOVANNI IN PERSICETO VIA BOLOGNA, 170A (SP568, KM 26,500);BO;SAN GIOVANNI IN PERSICETO;VIA BOLOGNA, 170A (SP568, KM 26,500);1,499;07:30-12:30/15:00-19:30;Chiuso;07:30-12:30
11.1784;44.6582;BO SAN GIOVANNI IN PERSICETO VIA CREVALCORE (SP568, KM 21,723) - LOC. AMOLA;BO;SAN GIOVANNI IN PERSICETO;VIA CREVALCORE (SP568, KM 21,723) - LOC. AMOLA;1,599;06:30-19:30;Chiuso;06:30-19:30
11.16513;44.64735;BO SAN GIOVANNI IN PERSICETO VIA MODENA, 112/C (SP255);BO;SAN GIOVANNI IN PERSICETO;VIA MODENA, 112/C (SP255);1,599;06:30-20:00;06:30-12:30;06:30-20:00
11.4773;44.469;BO SAN LAZZARO DI SAVENA COMPLANARE SUD, KM 5,800 - LOC. COLUNGA;BO;SAN LAZZARO DI SAVENA;COMPLANARE SUD, KM 5,800 - LOC. COLUNGA;1,344;06:00-19:45;Chiuso;07:00-17:00
11.4186;44.4696;BO SAN LAZZARO DI SAVENA VIA PAOLO POGGI, 4;BO;SAN LAZZARO DI SAVENA;VIA PAOLO POGGI, 4;1,637;07:00-18:55;Chiuso;07:00-18:55
11.42645;44.70145;BO SAN PIETRO IN CASALE VIA STANGOLINI, 1676 (SP20) - LOC. GAVASETO;BO;SAN PIETRO IN CASALE;VIA STANGOLINI, 1676 (SP20) - LOC. GAVASETO;1,609;07:00-20:00;07:00-20:00;07:00-20:00
11.14755;44.6524;BO SANT'AGATA BOLOGNESE VIA PERSICETO, 35/D (SP255);BO;SANT'AGATA BOLOGNESE;VIA PERSICETO, 35/D (SP255);1,559;07:00-19:30;Chiuso;07:00-19:30
11.2339;44.38122;BO SASSO MARCONI VIA FIACCACOLLO, 1 (ANG. SS64 PORRETTANA) - LOC. FONTANA;BO;SASSO MARCONI;VIA FIACCACOLLO, 1 (ANG. SS64 PORRETTANA) - LOC. FONTANA;1,490;06:00-22:00;06:00-22:00;06:00-22:00
11.1825;44.534;BO VALSAMOGGIA VIA LUNGA, 30 - LOC. VIA LUNGA;BO;VALSAMOGGIA;VIA LUNGA, 30 - LOC. VIA LUNGA;1,599;07:00-19:00;Chiuso;07:00-13:00
11.10427;44.50833;BO VALSAMOGGIA VIA MORETTO, 2 - LOC. MUFFA;BO;VALSAMOGGIA;VIA MORETTO, 2 - LOC. MUFFA;1,599;06:30-19:30;Chiuso;06:30-19:30
11.09855;44.5061;BO VALSAMOGGIA VIA PROVINCIALE EST 20/A-B - LOC. BAZZANO;BO;VALSAMOGGIA;VIA PROVINCIALE EST 20/A-B - LOC. BAZZANO;1,599;07:30-12:30/15:00-19:00;Chiuso;07:30-12:30
12.1765;44.2179;FC BERTINORO A14 ADS BEVANO EST (KM 89,500);FC;BERTINORO;A14 ADS BEVANO EST (KM 89,500);1,605;00:00-24:00;00:00-24:00;00:00-24:00
12.2049;44.11125;FC CESENA E45 SGC ORTE-RAVENNA, ADS SAN VITTORE EST (SS3BIS, KM 219,400);FC;CESENA;E45 SGC ORTE-RAVENNA, ADS SAN VITTORE EST (SS3BIS, KM 219,400);1,548;06:00-20:30;07:00-20:00;07:00-20:00
12.2042;44.11155;FC CESENA E45 SGC ORTE-RAVENNA, ADS SAN VITTORE OVEST (SS3BIS, KM 219,400);FC;CESENA;E45 SGC ORTE-RAVENNA, ADS SAN VITTORE OVEST (SS3BIS, KM 219,400);1,548;06:00-21:00;06:00-21:00;06:00-21:00
12.27845;44.1669;FC CESENA VIA CERVESE, 3179 (SS71BIS) - LOC. VILLACHIAVICHE;FC;CESENA;VIA CERVESE, 3179 (SS71BIS) - LOC. VILLACHIAVICHE;1,549;06:30-21:30;06:30-21:30;06:30-21:30
12.19385;44.15755;FC CESENA VIA EMILIA PONENTE, 3250 (SS9 EMILIA) - LOC. DIEGARO;FC;CESENA;VIA EMILIA PONENTE, 3250 (SS9 EMILIA) - LOC. DIEGARO;1,548;06:00-20:00;Chiuso;06:00-20:00
12.2219;44.1563;FC CESENA VIA LA MALFA, 3101 (SS726 TANG.LE - EX SECANTE NORD);FC;CESENA;VIA LA MALFA, 3101 (SS726 TANG.LE - EX SECANTE NORD);1,547;06:00-21:00;08:00-12:00;06:00-21:00
12.22724;44.17252;FC CESENA VIA TORINO, 1689 (SP140) - LOC. PIEVESESTINA;FC;CESENA;VIA TORINO, 1689 (SP140) - LOC. PIEVESESTINA;1,547;06:00-21:00;Chiuso;06:00-21:00
12.2252;44.17381;FC CESENA VIA TORINO, 1904 (SP140) - LOC. PIEVESESTINA;FC;CESENA;VIA TORINO, 1904 (SP140) - LOC. PIEVESESTINA;1,549;07:00-19:30;09:00-13:00/15:00-19:00;07:00-19:30
12.221;44.16;FC CESENA VIA VIGNE DI PIEVESESTINA, 225 - LOC. PIEVESESTINA/CASE GENTILI;FC;CESENA;VIA VIGNE DI PIEVESESTINA, 225 - LOC. PIEVESESTINA/CASE GENTILI;1,549;06:30-21:30;06:30-21:30;06:30-21:30
12.38879;44.20184;FC CESENATICO SS16 ADRIATICA, KM 180,500;FC;CESENATICO;SS16 ADRIATICA, KM 180,500;1,589;Apr+set 07:00-20:00;Apr 07:30-12:30;Apr+set 07:00-20:00
12.0813;44.234;FC FORLÌ VIA COSTANZO II, 17;FC;FORLÌ;VIA COSTANZO II, 17;1,549;07:30-19:00;07:30-12:30;07:30-19:00
12.0745;44.1649;FC FORLÌ VIA DEL BIDENTE, 210/P (SS310, KM 82.410) - LOC. CARPENA;FC;FORLÌ;VIA DEL BIDENTE, 210/P (SS310, KM 82.410) - LOC. CARPENA;1,549;07:30-12:30/15:00-19:00;Chiuso;07:30-12:30
12.08201;44.2157;FC FORLÌ VIA ENRICO MATTEI, 4;FC;FORLÌ;VIA ENRICO MATTEI, 4;1,499;07:30-19:30;08:00-12:30/15:00-19:00;07:30-19:30
12.0204;44.2355;FC FORLÌ VIA PADULLI, 17/19;FC;FORLÌ;VIA PADULLI, 17/19;1,499;06:00-21:50;06:00-21:50;06:00-21:50
12.09575;44.25575;FC FORLÌ VIA RAVEGNANA, 538/P (SS67 TOSCO ROMAGNOLA, KM 197,000) - LOC. PIEVE ACQUEDOTTO;FC;FORLÌ;VIA RAVEGNANA, 538/P (SS67 TOSCO ROMAGNOLA, KM 197,000) - LOC. PIEVE ACQUEDOTTO;1,549;07:00-19:00;Chiuso;07:00-19:00
12.09855;44.1975;FC FORLÌ VIALE ROMA, 400 (SS9 EMILIA, KM 42,500 BIS) - LOC. RONCO;FC;FORLÌ;VIALE ROMA, 400 (SS9 EMILIA, KM 42,500 BIS) - LOC. RONCO;1,499;07:00-20:00;07:30-12:30/15:00-20:00;07:00-20:00
12.3542;44.11445;FC GAMBETTOLA VIA MALBONA, 13;FC;GAMBETTOLA;VIA MALBONA, 13;1,500;07:00-19:30;07:00-12:30;07:00-19:30
12.4029;44.1498;FC GATTEO VIA RIGOSSA DESTRA (SP 108) - LOC. SANT'ANGELO;FC;GATTEO;VIA RIGOSSA DESTRA (SP 108) - LOC. SANT'ANGELO;1,449;07:00-20:00;07:00-20:00;07:00-20:00
12.1904;43.9505;FC MERCATO SARACENO E45 SGC ORTE-RAVENNA, ADS MERCATO SARACENO OVEST (SS3BIS, KM 200,306);FC;MERCATO SARACENO;E45 SGC ORTE-RAVENNA, ADS MERCATO SARACENO OVEST (SS3BIS, KM 200,306);1,499;07:30-13:00/14:30-19:00;Chiuso;07:30-12:30
12.4086;44.1162;FC SAVIGNANO SUL RUBICONE A14 ADS RUBICONE OVEST (KM 111,300);FC;SAVIGNANO SUL RUBICONE;A14 ADS RUBICONE OVEST (KM 111,300);1,719;00:00-24:00;00:00-24:00;00:00-24:00
12.3754;44.0917;FC SAVIGNANO SUL RUBICONE VIA EMILIA PONENTE (SS9, KM 15,685);FC;SAVIGNANO SUL RUBICONE;VIA EMILIA PONENTE (SS9, KM 15,685);1,548;06:00-20:00;Chiuso;06:00-20:00
11.786;44.6495;FE ARGENTA VIA NAZIONALE, 78/B (ANG.SS16 ADRIATICA) - LOC. CONSANDOLO;FE;ARGENTA;VIA NAZIONALE, 78/B (ANG.SS16 ADRIATICA) - LOC. CONSANDOLO;1,599;07:00-20:45;08:00-12:15/15:00-20:15;07:00-20:45
12.10119;44.57394;FE ARGENTA VIA VALLE UMANA, 47/C - LOC. ANITA;FE;ARGENTA;VIA VALLE UMANA, 47/C - LOC. ANITA;1,599;07:00-12:30/13:30-20:00;07:00-12:30;07:00-12:30/13:30-20:00
11.4047;44.90026;FE BONDENO VIA ZERBINATE, 28/A;FE;BONDENO;VIA ZERBINATE, 28/A;1,699;07:00-13:00/14:30-19:30;Chiuso;07:00-13:00/14:30-19:30
11.2594;44.72398;FE CENTO VIA DEL CURATO, 100;FE;CENTO;VIA DEL CURATO, 100;1,699;07:00-19:30;07:00-12:30;07:00-19:30
11.29725;44.74475;FE CENTO VIA FERRARESE, 41/A;FE;CENTO;VIA FERRARESE, 41/A;1,699;06:30-21:00;07:00-12:30;06:30-21:00
11.30209;44.75185;FE CENTO VIA STATALE CORPORENO, 7 (SP66) - LOC. CORPORENO;FE;CENTO;VIA STATALE CORPORENO, 7 (SP66) - LOC. CORPORENO;1,699;07:00-12:30/14:00-19:00;07:30-12:30;07:00-12:30/14:00-19:00
12.10725;44.84363;FE CODIGORO VIA BELLINI, 12;FE;CODIGORO;VIA BELLINI, 12;1,349;07:00-19:00;07:00-13:00;07:00-19:00
12.18205;44.78775;FE COMACCHIO SS309 ROMEA, KM 38,500 - LOC. VACCOLINO;FE;COMACCHIO;SS309 ROMEA, KM 38,500 - LOC. VACCOLINO;1,299;07:00-12:30/14:30-19:00;08:30-12:00;08:00-12:30/14:30-19:00
12.22055;44.71165;FE COMACCHIO VIA ROMEA VECCHIA (SS309 ROMEA, KM 29.800) - LOC. SAN GIUSEPPE;FE;COMACCHIO;VIA ROMEA VECCHIA (SS309 ROMEA, KM 29.800) - LOC. SAN GIUSEPPE;1,599;08:00-13:00/14:30-19:30;08:00-13:00/14:30-19:30;08:00-13:00/14:30-19:30
11.81758;44.88405;FE COPPARO VIA DEL LAVORO, 38;FE;COPPARO;VIA DEL LAVORO, 38;1,399;08:00-13:00/15:00-19:00;Chiuso;08:00-13:00
11.57065;44.8801;FE FERRARA A13 ADS PO EST (KM 43.4);FE;FERRARA;A13 ADS PO EST (KM 43.4);1,649;00:00-24:00;00:00-24:00;00:00-24:00
11.569601;44.878803;"FE FERRARA A13 ADS PO OVEST (KM 43;4)";FE;FERRARA;"A13 ADS PO OVEST (KM 43;4)";1,649;00:00-24:00;00:00-24:00;00:00-24:00
11.58465;44.84105;FE FERRARA VIA ARGINONE, 325;FE;FERRARA;VIA ARGINONE, 325;1,499;07:30-12:30/15:00-19:00;Chiuso;07:30-12:30
11.5702;44.74155;FE FERRARA VIA BOLOGNA, 1451 (SS64 PORRETTANA) - LOC. MONTALBANO;FE;FERRARA;VIA BOLOGNA, 1451 (SS64 PORRETTANA) - LOC. MONTALBANO;1,499;07:00-21:00;07:00-14:00;07:00-21:00
11.5737;44.8002;FE FERRARA VIA BOLOGNA, 714 (SS64 PORRETTANA) - LOC. CHIESUOL DEL FOSSO;FE;FERRARA;VIA BOLOGNA, 714 (SS64 PORRETTANA) - LOC. CHIESUOL DEL FOSSO;1,489;07:00-12:30/15:00-19:00;Chiuso;Chiuso
11.5971;44.84865;FE FERRARA VIA BONGIOVANNI, 31 - ZONA DORO;FE;FERRARA;VIA BONGIOVANNI, 31 - ZONA DORO;1,499;07:00-20:00;Chiuso;07:00-21:00
11.65105;44.84415;FE FERRARA VIA LANFRANCO CARETTI, 1;FE;FERRARA;VIA LANFRANCO CARETTI, 1;1,369;07:30-13:00/14:00-19:00;08:00-13:00;07:30-13:00/14:00-19:00
11.63273;44.8121;FE FERRARA VIA RAVENNA, 262;FE;FERRARA;VIA RAVENNA, 262;1,489;07:00-19:30;07:00-19:30;07:00-19:30
12.0128;44.8111;FE FISCAGLIA VIA DEL MARE, 28/A - LOC. MIGLIARINO;FE;FISCAGLIA;VIA DEL MARE, 28/A - LOC. MIGLIARINO;1,499;06:00-21:00;06:00-21:00;06:00-21:00
11.92405;44.81555;FE JOLANDA DI SAVOIA VIA DEL MARE 1/B (SP15, KM 21,950) - LOC. PONTE ROVERE;FE;JOLANDA DI SAVOIA;VIA DEL MARE 1/B (SP15, KM 21,950) - LOC. PONTE ROVERE;1,489;07:30-19:30;08:00-12:30;07:30-19:30
11.96175;44.74725;FE OSTELLATO VIA S. CAMILLO, 96 - LOC. CAMPOLUNGO;FE;OSTELLATO;VIA S. CAMILLO, 96 - LOC. CAMPOLUNGO;1,499;07:00-10:00/14:00-19:00;Chiuso;07:00-10:00/14:00-19:00
11.48066;44.77312;FE POGGIO RENATICO VIA LAMBERTINI , 1;FE;POGGIO RENATICO;VIA LAMBERTINI , 1;1,399;06:30-20:00;Chiuso;07:30-13:00
11.7848;44.70885;FE PORTOMAGGIORE VIA PROVINCIALE PER FERRARA, 95 (SP29);FE;PORTOMAGGIORE;VIA PROVINCIALE PER FERRARA, 95 (SP29);1,799;06:30-19:30;Chiuso;06:30-13:30
11.7088;44.7288;FE VOGHIERA SS16, KM 92,650 - LOC. MONTESANTO;FE;VOGHIERA;SS16, KM 92,650 - LOC. MONTESANTO;1,499;07:30-18:30;Chiuso;07:30-18:30
11.03845;44.73705;MO BOMPORTO VIA GORGHETTO, 2 (SP2 PANARIA BASSA);MO;BOMPORTO;VIA GORGHETTO, 2 (SP2 PANARIA BASSA);1,494;07:30-12:30/14:30-18:30;Chiuso;07:30-12:30
10.84935;44.70435;MO CAMPOGALLIANO A22 ADS CAMPOGALLIANO EST (KM 309);MO;CAMPOGALLIANO;A22 ADS CAMPOGALLIANO EST (KM 309);1,599;00:00-24:00;00:00-24:00;00:00-24:00
10.8472;44.7028;MO CAMPOGALLIANO A22 ADS CAMPOGALLIANO OVEST (KM 309);MO;CAMPOGALLIANO;A22 ADS CAMPOGALLIANO OVEST (KM 309);1,653;00:00-24:00;00:00-24:00;00:00-24:00
10.87917;44.80535;MO CARPI SS413 ROMANA NORD, 41/B;MO;CARPI;SS413 ROMANA NORD, 41/B;1,498;07:00-21:00;07:00-13:00;07:00-21:00
10.89747;44.8428;MO CARPI STRADA ROMANA NORD, 127 (SP413, KM 41.500) - LOC. FOSSOLI;MO;CARPI;STRADA ROMANA NORD, 127 (SP413, KM 41.500) - LOC. FOSSOLI;1,499;07:25-12:30/14:00-19:30;08:30-12:30;07:25-12:30/14:00-19:30
10.874;44.761;MO CARPI VIA MARX, 160 - LOC. QUARTIROLO;MO;CARPI;VIA MARX, 160 - LOC. QUARTIROLO;1,639;07:30-12:30/15:00-19:00;Chiuso;07:30-12:30
10.8643;44.79145;MO CARPI VIALE DELL'INDUSTRIA, 3;MO;CARPI;VIALE DELL'INDUSTRIA, 3;1,499;07:30-12:30/14:30-19:00;Chiuso;07:30-12:30
11.08038;44.58544;MO CASTELFRANCO EMILIA VIA EMILIA EST, 83/B (SS9 EMILIA);MO;CASTELFRANCO EMILIA;VIA EMILIA EST, 83/B (SS9 EMILIA);1,599;07:00-20:00;07:00-20:30;07:00-20:30
11.03653;44.82722;MO CAVEZZO VIA VOLTURNO, 124;MO;CAVEZZO;VIA VOLTURNO, 124;1,599;07:00-12:30/15:00-19:00;Chiuso;07:00-12:30
11.277;44.83725;MO FINALE EMILIA VIA PER MODENA, 49/A;MO;FINALE EMILIA;VIA PER MODENA, 49/A;1,689;07:00-19:30;07:00-12:30;07:00-19:30
10.80715;44.54353;MO FIORANO MODENESE CIRCONDARIALE SAN FRANCESCO, 206;MO;FIORANO MODENESE;CIRCONDARIALE SAN FRANCESCO, 206;1,459;07:00-20:00;Chiuso;Chiuso
10.8315;44.5494;MO FIORANO MODENESE VIA PEDEMONTANA, 105 (SP467);MO;FIORANO MODENESE;VIA PEDEMONTANA, 105 (SP467);1,479;07:00-19:30;Chiuso;07:00-12:30
10.82694;44.5701;MO FORMIGINE ASSE VIARIO MODENA-SASSUOLO (SS724, KM 17,000 - DIR. MODENA) - LOC. PONTE FOSSA;MO;FORMIGINE;ASSE VIARIO MODENA-SASSUOLO (SS724, KM 17,000 - DIR. MODENA) - LOC. PONTE FOSSA;1,399;07:30-13:00/15:00-19:30;07:30-13:00;07:30-13:00/15:00-19:30
10.8888;44.5314;MO MARANELLO VIA CARRANDELLE, 2100 (SP467 PEDEMONTANA, KM 30.700) - LOC. POZZA;MO;MARANELLO;VIA CARRANDELLE, 2100 (SP467 PEDEMONTANA, KM 30.700) - LOC. POZZA;1,477;07:30-12:30/15:00-19:30;Chiuso;Chiuso
10.89295;44.53095;MO MARANELLO VIA CARRANDELLE, 2415 (SP467 PEDEMONTANA) - LOC. POZZA;MO;MARANELLO;VIA CARRANDELLE, 2415 (SP467 PEDEMONTANA) - LOC. POZZA;1,499;07:00-19:00;Chiuso;07:00-13:00
11.0622;44.85529;MO MEDOLLA VIA MATTEOTTI, 51;MO;MEDOLLA;VIA MATTEOTTI, 51;1,499;07:00-19:55;07:00-12:55;07:00-19:55
11.0487;44.8629;MO MIRANDOLA SS12VAR VARIANTE DI MIRANDOLA KM 3,300 - LOC. SAN GIACOMO RONCOLE;MO;MIRANDOLA;SS12VAR VARIANTE DI MIRANDOLA KM 3,300 - LOC. SAN GIACOMO RONCOLE;1,719;07:00-19:30;08:00-12:30;07:00-12:30/15:00-19:30
11.0433;44.89535;MO MIRANDOLA STRADA PER CONCORDIA, 70 (SP8);MO;MIRANDOLA;STRADA PER CONCORDIA, 70 (SP8);1,657;07:00-12:30/14:30-19:00;Chiuso;07:00-12:30/14:30-19:00
10.8538;44.60635;MO MODENA ASSE VIARIO MODENA-SASSUOLO, 1601 (SS724, KM 12,400 - DIR. MODENA) - LOC. BAGGIOVARA;MO;MODENA;ASSE VIARIO MODENA-SASSUOLO, 1601 (SS724, KM 12,400 - DIR. MODENA) - LOC. BAGGIOVARA;1,449;07:00-19:00;Chiuso;07:00-19:00
10.93815;44.6817;MO MODENA STR. NAZ. CANALETTO NORD, 678 (SS12, KM 189,200) - LOC. SAN MATTEO;MO;MODENA;STR. NAZ. CANALETTO NORD, 678 (SS12, KM 189,200) - LOC. SAN MATTEO;1,399;06:30-12:30/13:30-19:00;Chiuso;07:00-12:30
10.88941;44.66455;MO MODENA TANG.LE NORD PIRANDELLO, 49/51;MO;MODENA;TANG.LE NORD PIRANDELLO, 49/51;1,474;07:00-12:30/15:00-19:00;Chiuso;07:00-13:00
10.9641;44.62955;MO MODENA VIA ARMANDO PICA, 11;MO;MODENA;VIA ARMANDO PICA, 11;1,639;07:30-12:30/15:00-19:30;Chiuso;07:30-12:30
10.93415;44.6561;MO MODENA VIA CANALETTO SUD, 62;MO;MODENA;VIA CANALETTO SUD, 62;1,474;07:00-12:30/15:00-19:00;Chiuso;07:00-12:30
10.9534;44.6209;MO MODENA VIA COLLEGAROLA, 215 - LOC. COLLEGAROLA;MO;MODENA;VIA COLLEGAROLA, 215 - LOC. COLLEGAROLA;1,639;07:00-20:00;07:00-12:50;07:00-20:00
10.88148;44.65696;MO MODENA VIA EMILIA OVEST, 842 - LOC. BRUCIATA;MO;MODENA;VIA EMILIA OVEST, 842 - LOC. BRUCIATA;1,469;07:30-12:30-15:00-19:00;Chiuso;07:30-12:30
10.88475;44.61695;MO MODENA VIA GIARDINI, 1171 (SP486) - LOC. SALICETA SAN GIULIANO;MO;MODENA;VIA GIARDINI, 1171 (SP486) - LOC. SALICETA SAN GIULIANO;1,699;07:30-19.00;Chiuso;07:30-19.00
10.888;44.6468;MO MODENA VIA LEONARDO DA VINCI, 330;MO;MODENA;VIA LEONARDO DA VINCI, 330;1,685;07:00-12:30/15:00-19:00;Chiuso;07:00-12:30
10.9572;44.6541;MO MODENA VIA PAPA GIOVANNI XXIII, 36 (TANG.LE NORD PASTERNAK);MO;MODENA;VIA PAPA GIOVANNI XXIII, 36 (TANG.LE NORD PASTERNAK);1,699;7:00-13:00/14:30-19:30;Chiuso;7:30-13:00/15:00-19:00
10.7895;44.585;MO SASSUOLO VIA ANCORA, 500/502 (SP15 DI MAGRETA);MO;SASSUOLO;VIA ANCORA, 500/502 (SP15 DI MAGRETA);1,499;07:00-21:00;08:00-13.00/15.00-20:00;07:00-21:00
10.80202;44.55976;MO SASSUOLO VIA RADICI IN PIANO;MO;SASSUOLO;VIA RADICI IN PIANO;1,399;07:00-19:00;Chiuso;07:00-12:30
11.01065;44.5451;MO SPILAMBERTO VIA MODENESE, 1493 (SP623 PASSO BRASA);MO;SPILAMBERTO;VIA MODENESE, 1493 (SP623 PASSO BRASA);1,499;06:30-20:30;Chiuso;07:30-19:00
11.01195;44.5405;MO SPILAMBERTO VIA SAN VITO, 329;MO;SPILAMBERTO;VIA SAN VITO, 329;1,599;07:00-20:00;07:00-20:00;07:00-20:00
11.0219;44.51515;MO SPILAMBERTO VIA VIGNOLESE, 1993 (SP623 PASSO BRASA);MO;SPILAMBERTO;VIA VIGNOLESE, 1993 (SP623 PASSO BRASA);1,734;07:00-20:00;08:00-13:30/14:00-19:00;07:00-20:00
9.853;45.0438;PC CAORSO SP10R PADANA INFERIORE, KM 200,669;PC;CAORSO;SP10R PADANA INFERIORE, KM 200,669;1,499;07:00-12:30/14:00-19:00;08:30-12.30;07:00-12:30/14:00-17:00
9.39772;45.06274;PC CASTEL SAN GIOVANNI VIA BARDONEGGIA SUPERIORE  - LOC. DOGANA;PC;CASTEL SAN GIOVANNI;VIA BARDONEGGIA SUPERIORE  - LOC. DOGANA;1,399;08:00-19:00;Chiuso;08:00-19:00
9.452755;45.080054;PC CASTEL SAN GIOVANNI VIA DELLA CASCINETTA#;PC;CASTEL SAN GIOVANNI;VIA DELLA CASCINETTA#;1,433;07:00-19:00;Chiuso;07:00-19:00
9.92335;44.99495;PC CORTEMAGGIORE VIA GALLUZZI 27/A (SP587);PC;CORTEMAGGIORE;VIA GALLUZZI 27/A (SP587);1,799;06:45-12:30/14:30-19:30;08:30-12:30;06:45-12:30/14:30-19:30
9.9058;44.9616;PC FIORENZUOLA D'ARDA A1 ADS ARDA OVEST (KM 73,5);PC;FIORENZUOLA D'ARDA;A1 ADS ARDA OVEST (KM 73,5);1,589;00:00-24:00;00:00-24:00;00:00-24:00
9.89;44.9415;PC FIORENZUOLA D'ARDA SS9 VIA EMILIA, KM 241,923;PC;FIORENZUOLA D'ARDA;SS9 VIA EMILIA, KM 241,923;1,499;06:40-19:30;Chiuso;06:40-19:00
9.8916;44.9337;PC FIORENZUOLA D'ARDA VIA EMILIA (SS9BIS, KM 240,700 - TANG.LE SUD);PC;FIORENZUOLA D'ARDA;VIA EMILIA (SS9BIS, KM 240,700 - TANG.LE SUD);1,418;07:30-12:30/15:00-19:00;Chiuso;07:30-12:30
9.9009;44.93;PC FIORENZUOLA D'ARDA VIA SAN PROTASO;PC;FIORENZUOLA D'ARDA;VIA SAN PROTASO;1,699;07:00-19:00;08:00-13:00;07:00-19:00
9.9583;45.092;PC MONTICELLI D’ONGINA VIA BREDA, 79 (SP10/R CAORSANA, KM 211,500) - LOC. VALMONTANA;PC;MONTICELLI D’ONGINA;VIA BREDA, 79 (SP10/R CAORSANA, KM 211,500) - LOC. VALMONTANA;1,649;06:30-19:30;07:30-12:30;06:30-19:30
9.689;45.0236;PC PIACENZA STRADA VAL NURE, 118/K - LOC. CA' TORRICELLE;PC;PIACENZA;STRADA VAL NURE, 118/K - LOC. CA' TORRICELLE;1,759;07:00-12:30/14:30-19:30;Chiuso;07:00-12:30/15:00-19:00
9.6885;45.0184;PC PIACENZA STRADA VAL NURE, 15 (SP654, KM 4,176) - LOC. SAN BONICO;PC;PIACENZA;STRADA VAL NURE, 15 (SP654, KM 4,176) - LOC. SAN BONICO;1,759;07:00-20:00;08:00-13:00;07:00-20:00
9.7026;45.0288;PC PIACENZA TANG.LE SUD (KM 7 - DIR. SANT'ANTONIO);PC;PIACENZA;TANG.LE SUD (KM 7 - DIR. SANT'ANTONIO);1,599;07:00-19:30;Chiuso;07:00-19:30
9.80135;44.99185;PC PONTENURE VIA EMILIA PARMENSE EST (SS9, KM 249,900);PC;PONTENURE;VIA EMILIA PARMENSE EST (SS9, KM 249,900);1,497;06:30-12:30/14:30-19:30;08:00-12:00;07:30-12:30/14:30-19:30
9.60915;44.94845;PC RIVERGARO SP28 - LOC. GEROLO;PC;RIVERGARO;SP28 - LOC. GEROLO;1,190;Chiuso;Chiuso;Chiuso
9.6019;44.9152;PC RIVERGARO SS45, KM 121,300 - LOC. DIARA;PC;RIVERGARO;SS45, KM 121,300 - LOC. DIARA;1,727;07:30-13:00/14:30-19:30;Chiuso;07:30-13:00/14:30-19:30
9.508;45.0554;PC SARMATO VIA EMILIA PIACENTINA (SP10R, KM 174,300);PC;SARMATO;VIA EMILIA PIACENTINA (SP10R, KM 174,300);1,379;07:00-19:00;Chiuso;07:00-12:00
9.734703;44.471406;"PR ALBARETO VIA ZANRÈ (SS523 KM 33;700) ~ LOC. GOTRA";PR;ALBARETO;"VIA ZANRÈ (SS523 KM 33;700) ~ LOC. GOTRA";1,599;07:00-12:30/14:30-20:00;07:00-12:30/14:30-20:00;07:00-12:30/14:30-20:00
10.23864;44.73755;PR COLLECCHIO SP15 DI SALA, 18 - LOC. PILASTRELLO;PR;COLLECCHIO;SP15 DI SALA, 18 - LOC. PILASTRELLO;1,699;07:00-13:00/14:30-19:00;Chiuso;07:00-15:00
10.2287;44.75775;PR COLLECCHIO TANG.LE DI COLLECCHIO (SR62, KM 107,000);PR;COLLECCHIO;TANG.LE DI COLLECCHIO (SR62, KM 107,000);1,499;07:30-19:00;Chiuso;07:30-19:00
10.08351;44.87667;PR FIDENZA SP12 PER SORAGNA, KM 1,840 - LOC. SAN MICHELE CAMPAGNA;PR;FIDENZA;SP12 PER SORAGNA, KM 1,840 - LOC. SAN MICHELE CAMPAGNA;1,399;06:00-20:00;Chiuso;07:00-19:00
10.0774;44.8598;PR FIDENZA VIA XXIV MAGGIO, 30;PR;FIDENZA;VIA XXIV MAGGIO, 30;1,498;06:30-20:00;06:30-20:00;06:30-20:00
10.1102;44.6957;PR FORNOVO DI TARO STRADA DELLA CISA 1;PR;FORNOVO DI TARO;STRADA DELLA CISA 1;1,589;07:00-20:00;07:00-20:00;07:00-20:00
10.27017;44.6211;PR LANGHIRANO VIA ROMA, 77;PR;LANGHIRANO;VIA ROMA, 77;1,649;06:30-19:50;06:30-12:00;06:30-19:50
10.17765;44.80405;PR NOCETO VIA DON MINZONI, 33 (SP357);PR;NOCETO;VIA DON MINZONI, 33 (SP357);1,699;06:30-12:30;Chiuso;06:30-12:30
10.15385;44.83965;PR NOCETO VIA EMILIA (SS9, KM 217,300) - LOC. SANGUINARO;PR;NOCETO;VIA EMILIA (SS9, KM 217,300) - LOC. SANGUINARO;1,499;06:30-20:30;Chiuso;07:30-18:30
10.3786;44.8279;PR PARMA A1 ADS SAN MARTINO EST (KM 114);PR;PARMA;A1 ADS SAN MARTINO EST (KM 114);1,689;00:00-24:00;00:00-24:00;00:00-24:00
10.37941;44.8256;PR PARMA A1 ADS SAN MARTINO OVEST (KM 115);PR;PARMA;A1 ADS SAN MARTINO OVEST (KM 115);1,605;00:00-24:00;00:00-24:00;00:00-24:00
10.2812;44.79865;PR PARMA ADS IL VIANDANTE TANG. OVEST (DIR. LA SPEZIA);PR;PARMA;ADS IL VIANDANTE TANG. OVEST (DIR. LA SPEZIA);1,444;07:30-12:30/14:30-19:30;Chiuso;07:30-13.00
10.3705;44.7313;PR PARMA SP513R KM 7,700 - LOC. PILASTRELLO;PR;PARMA;SP513R KM 7,700 - LOC. PILASTRELLO;1,499;07:30-19:00;Chiuso;07:30-19:00
10.3146;44.86635;PR PARMA STR. BAGANZOLA, 275/A (SP9, KM 6,650) - LOC. BAGANZOLA;PR;PARMA;STR. BAGANZOLA, 275/A (SP9, KM 6,650) - LOC. BAGANZOLA;1,399;07:30-12:30/15:00-19:00;Chiuso;07:30-12:30
10.39132;44.7795;PR PARMA STRADA ROCCATAGLIATA (ANG. SS9 EMILIA KM 198,350) - LOC. SAN PROSPERO;PR;PARMA;STRADA ROCCATAGLIATA (ANG. SS9 EMILIA KM 198,350) - LOC. SAN PROSPERO;1,479;07:00-21:00;07:00-21:00;07:00-21:00
10.2861;44.80965;PR PARMA STRADA VICINALE RASORI, 1/A (ANG. VIA EMILIA OVEST);PR;PARMA;STRADA VICINALE RASORI, 1/A (ANG. VIA EMILIA OVEST);1,599;06:30-20:30;06:30-20:30;06:30-20:30
10.3616;44.8006;PR PARMA TANGENZIALE UNIONE EUROPEA, 92/A - DIR. REGGIO EMILIA;PR;PARMA;TANGENZIALE UNIONE EUROPEA, 92/A - DIR. REGGIO EMILIA;1,489;06:45-13:00/14:00-19:30;Chiuso;06:45-13:00/14:00-19:00
10.3588;44.8123;PR PARMA VIA BURLA, 14;PR;PARMA;VIA BURLA, 14;1,599;07:30-12:30/15:00-19:00;08:30-13:00;07:30-18:30
10.3408;44.8496;PR PARMA VIA COLORNO (SP343R) - LOC. PARADIGNA;PR;PARMA;VIA COLORNO (SP343R) - LOC. PARADIGNA;1,489;07:30-19:30;Chiuso;07:30-19:00
10.3597;44.84475;PR PARMA VIA FORLANINI 48/C - Q.RE SPIP;PR;PARMA;VIA FORLANINI 48/C - Q.RE SPIP;1,449;06:30-20:00;Chiuso;06:30-13:00
10.4108;44.7744;PR PARMA VIA MARCO EMILIO LEPIDO, 239/D (SS9 EMILIA) - LOC. SAN PROSPERO;PR;PARMA;VIA MARCO EMILIO LEPIDO, 239/D (SS9 EMILIA) - LOC. SAN PROSPERO;1,489;07:30-19:00;Chiuso;07:30-19:00
10.38058;44.72975;PR PARMA VIA MONTECHIARUGOLO, 66/A - LOC. FONTANA DI PILASTRELLO;PR;PARMA;VIA MONTECHIARUGOLO, 66/A - LOC. FONTANA DI PILASTRELLO;1,298;07:00-20:00;07:00-20:00;07:00-20:00
10.3137;44.7934;PR PARMA VIALE MILAZZO, 42/A;PR;PARMA;VIALE MILAZZO, 42/A;1,489;00:00-24:00;00:00-24:00;00:00-24:00
10.00275;44.82135;PR SALSOMAGGIORE TERME VIA SALVO D'ACQUISTO, 47;PR;SALSOMAGGIORE TERME;VIA SALVO D'ACQUISTO, 47;1,599;07:00-12:30/14:30-19:30;Chiuso;07:00-12:30/14:30-18:30
9.98737;44.81529;PR SALSOMAGGIORE TERME VIALE DEL LAVORO, 14;PR;SALSOMAGGIORE TERME;VIALE DEL LAVORO, 14;1,599;07:00-12:45/14:45-19:30;Chiuso;07:30-12:30/15:00-19:00
10.2605;44.9145;PR SISSA TRECASALI STRADA TORTA - LOC. SAN QUIRICO;PR;SISSA TRECASALI;STRADA TORTA - LOC. SAN QUIRICO;1,457;07:00-20:00;08:30-12:30;07:00-20:00
10.34975;44.89521;PR TORRILE SP343R VARIANTE ASOLANA, KM 11,083 - LOC. SAN POLO;PR;TORRILE;SP343R VARIANTE ASOLANA, KM 11,083 - LOC. SAN POLO;1,448;07:30-12:30/15:00-19:30;Chiuso;07:30-12:30
10.38321;44.64346;PR TRAVERSETOLO VIA VERDI, 34/A;PR;TRAVERSETOLO;VIA VERDI, 34/A;1,599;06:30-20:00;06:30-13:00;06:30-20:00
11.77277;44.33064;RA CASTEL BOLOGNESE VIA EMILIA (SS9), KM 72.500 - LOC. ALBERAZZO;RA;CASTEL BOLOGNESE;VIA EMILIA (SS9), KM 72.500 - LOC. ALBERAZZO;1,479;06:50-20:30;07:30-12:30/15:30-19:30;06:50-20:30
11.81978;44.31222;RA CASTEL BOLOGNESE VIA EMILIA LEVANTE 1670 (SS9) - LOC. PONTE DEL CASTELLO;RA;CASTEL BOLOGNESE;VIA EMILIA LEVANTE 1670 (SS9) - LOC. PONTE DEL CASTELLO;1,449;07:00-12:30/15:00-19:30;08:00-12:00/15:00-19:00;07:30-12:30
12.31525;44.2834;RA CERVIA VIA ROMEA NORD, 133 (SS16) - LOC. SAVIO;RA;CERVIA;VIA ROMEA NORD, 133 (SS16) - LOC. SAVIO;1,409;07:00-20:00;07:00-20:00;07:00-20:00
12.30646;44.29359;RA CERVIA VIA SANTERNO, 4 - LOC. SAVIO;RA;CERVIA;VIA SANTERNO, 4 - LOC. SAVIO;1,589;Apr 07:00-20:00;Apr 07:30-20:00;Apr 07:00-20:00
11.93705;44.36525;RA FAENZA VIA ALTINI, 102 (SP8 NAVIGLIO, KM 6,072) - LOC. GRANAROLO FAENTINO;RA;FAENZA;VIA ALTINI, 102 (SP8 NAVIGLIO, KM 6,072) - LOC. GRANAROLO FAENTINO;1,549;07:30-12:30/15:00-19:00;Chiuso;07:30-12:30
11.85816;44.29628;RA FAENZA VIA EMILIA PONENTE, 10 (SS9);RA;FAENZA;VIA EMILIA PONENTE, 10 (SS9);1,500;07:00-21:50;07:00-21:50;07:00-21:50
11.8594;44.2951;RA FAENZA VIA EMILIA PONENTE, 21 (ANG. SS9);RA;FAENZA;VIA EMILIA PONENTE, 21 (ANG. SS9);1,500;07:00-21:00;07:00-21:00;07:00-21:00
11.9026;44.3183;RA FAENZA VIA GRANAROLO, 187;RA;FAENZA;VIA GRANAROLO, 187;1,527;07:30-12:30/15:30-19:00;Chiuso;07:30-12:30
11.8952;44.3191;RA FAENZA VIA PANA, 1/A;RA;FAENZA;VIA PANA, 1/A;1,450;07:00-12:30/15:00-19:00;Chiuso;07:00-12:30
11.9359;44.4194;RA LUGO VIA PIRATELLO, 10/1;RA;LUGO;VIA PIRATELLO, 10/1;1,599;07:15-12:30/15:00-19:15;Chiuso;07:30-19:30
11.9004;44.4326;RA LUGO VIA PIRATELLO, 98/3 (SP253);RA;LUGO;VIA PIRATELLO, 98/3 (SP253);1,599;07:00-19:00;Chiuso;07:00-12:30/14:30-19:00
11.8845;44.454508;RA LUGO VIA PROVINCIALE FIUMAZZO (SP26) ~ LOC. CÀ DI LUGO;RA;LUGO;VIA PROVINCIALE FIUMAZZO (SP26) ~ LOC. CÀ DI LUGO;1,599;7:00-19:00;Chiuso;7:00-19:00
12.285;44.3097;RA RAVENNA VIA ADRIATICA, 53 (SS16 ADRIATICA, KM 165,800) - LOC. SAVIO;RA;RAVENNA;VIA ADRIATICA, 53 (SS16 ADRIATICA, KM 165,800) - LOC. SAVIO;1,234;07:00-13:00/15:00-19:00;Chiuso;07:00-13:00/15:00-19:00
12.17555;44.40735;RA RAVENNA VIA CLASSICANA, 629 (SS16 ADRIATICA, KM 150,245 - DIR. PD);RA;RAVENNA;VIA CLASSICANA, 629 (SS16 ADRIATICA, KM 150,245 - DIR. PD);1,386;06:00-19:30;07:00-19:00;07:00-19:00
12.1648;44.4238;RA RAVENNA VIA FAENTINA, 163;RA;RAVENNA;VIA FAENTINA, 163;1,599;07:00-19:30;Chiuso;07:00-12:30
12.19595;44.38634;RA RAVENNA VIA RAVEGNANA KM 213,8;RA;RAVENNA;VIA RAVEGNANA KM 213,8;1,599;07:00-19:00;Chiuso;07:00-13:00
12.21;44.44525;RA RAVENNA VIA ROMEA NORD, 170 (SS309 DIR);RA;RAVENNA;VIA ROMEA NORD, 170 (SS309 DIR);1,579;06:00-21:00;07:00-20:00;06:00-21:00
12.2327;44.416;RA RAVENNA VIALE EUROPA, 21;RA;RAVENNA;VIALE EUROPA, 21;1,349;07:00-20:00;08:00-12:00;07:00-20:00
12.22684;44.40751;RA RAVENNA VIALE EUROPA, 91;RA;RAVENNA;VIALE EUROPA, 91;1,699;07:30-12.30/15:30-19:00;Chiuso;07:30-12.30
11.74025;44.27635;RA RIOLO TERME VIA XI APRILE 1945, 1;RA;RIOLO TERME;VIA XI APRILE 1945, 1;1,479;7:00-12:30/15:30-19:30;Chiuso;7:00-12:30/15:30-19:30
12.0466;44.4018;RA RUSSI A14 DIR ADS S.EUFEMIA OVEST (KM 19,900);RA;RUSSI;A14 DIR ADS S.EUFEMIA OVEST (KM 19,900);1,498;06:00-22:00;06:00-22:00;06:00-22:00
12.04131;44.38481;RA RUSSI VIA FAENTINA NORD, 52 (SP302) - LOC. BORGO ZAMPARTINO;RA;RUSSI;VIA FAENTINA NORD, 52 (SP302) - LOC. BORGO ZAMPARTINO;1,599;07:00-12:30/14:30-19:30;Chiuso;07:00-12:30/14:30-19:30
10.66664;44.77058;RE BAGNOLO IN PIANO VIA EUROPA, 4;RE;BAGNOLO IN PIANO;VIA EUROPA, 4;1,599;07:30-12:30/15:00-19:00;07:30-12:30;07:30-13:00
10.7749;44.5951;RE CASALGRANDE VIA CIRCONVALLAZIONE 13 (SP51 KM 6,900) - LOC. SALVATERRA;RE;CASALGRANDE;VIA CIRCONVALLAZIONE 13 (SP51 KM 6,900) - LOC. SALVATERRA;1,382;07:30-19:30;Chiuso;07:30-12:30
10.77845;44.6021;RE CASALGRANDE VIA CIRCONVALLAZIONE, 10 (SP51 KM 5,950) - LOC. SALVATERRA;RE;CASALGRANDE;VIA CIRCONVALLAZIONE, 10 (SP51 KM 5,950) - LOC. SALVATERRA;1,599;07:30-12:30/14:00-19:00;Chiuso;07:30-12:30
10.7439;44.57775;RE CASALGRANDE VIA RIPA (SP467R PEDEMONTANA, KM 3,340) - LOC. DINAZZANO SCALO;RE;CASALGRANDE;VIA RIPA (SP467R PEDEMONTANA, KM 3,340) - LOC. DINAZZANO SCALO;1,599;07:00-13:00/15:00-19:00;Chiuso;07:30-12:30
10.76875;44.55114;RE CASALGRANDE VIA TURATI, 70 (SP486R DEL PASSO DELLE RADICI) - LOC. MULINO DI VEGGIA;RE;CASALGRANDE;VIA TURATI, 70 (SP486R DEL PASSO DELLE RADICI) - LOC. MULINO DI VEGGIA;1,500;07:00-20:00;07:00-20:00;07:00-20:00
10.4585;44.456;RE CASTELNOVO NÈ MONTI VIA RISORGIMENTO, 2 (SS63, KM 73.900) - LOC. FELINA;RE;CASTELNOVO NÈ MONTI;VIA RISORGIMENTO, 2 (SS63, KM 73.900) - LOC. FELINA;1,699;07:30-12:30/15:00-19:00;Chiuso;07:30-12:30/15:00-19:00
10.5272;44.68805;RE CAVRIAGO VIA BRODOLINI, 1;RE;CAVRIAGO;VIA BRODOLINI, 1;1,599;07:30-12:30/15:00-19:00;Chiuso;07:30-12:30/15:00-19:00
10.51675;44.68654;RE CAVRIAGO VIA GIRONDOLA, 72;RE;CAVRIAGO;VIA GIRONDOLA, 72;1,599;07:00-20:00;08:00-20:00;07:00-20:00
10.75635;44.7642;RE CORREGGIO CORREGGIO (RE), STRADA STATALE PER REGGIO, 36/A (SS468) - LOC. SAN PROSPERO;RE;CORREGGIO;CORREGGIO (RE), STRADA STATALE PER REGGIO, 36/A (SS468) - LOC. SAN PROSPERO;1,499;07:30-19:00;Chiuso;07:30-12:30
10.76415;44.72715;RE CORREGGIO VIA DELLA PACE, 14 (SP113, KM 10,290) - LOC. PRATO;RE;CORREGGIO;VIA DELLA PACE, 14 (SP113, KM 10,290) - LOC. PRATO;1,549;07:00-19:00;08:00-13:00;07:00-19:00
10.674;44.899;RE GUASTALLA SP62R VARIANTE CISPADANA, KM 12,200 - LOC. SAN GIACOMO;RE;GUASTALLA;SP62R VARIANTE CISPADANA, KM 12,200 - LOC. SAN GIACOMO;1,397;07:00-19:30;08:00-13:00;07:00-19:30
10.4792;44.6971;RE MONTECCHIO EMILIA STRADA PER BARCO, 40;RE;MONTECCHIO EMILIA;STRADA PER BARCO, 40;1,499;07:00-12:30/14:00-19:30;Chiuso;07:00-12:30/14:00-19:30
10.74255;44.84995;RE NOVELLARA VIA TANGENZIALE GALVAGNINA, 7;RE;NOVELLARA;VIA TANGENZIALE GALVAGNINA, 7;1,395;7:00-14:00/16:30-19:00;Chiuso;7:00-12:30
10.53712;44.8553;RE POVIGLIO VIA ROMANA, 173 (SS358 KM 12.800) - LOC. S. ANNA;RE;POVIGLIO;VIA ROMANA, 173 (SS358 KM 12.800) - LOC. S. ANNA;1,499;08:00-12:30/15:00-19:00;Chiuso;08:00-12:30
10.53775;44.636;RE QUATTRO CASTELLA VIA CIRCONVALLAZIONE, 1 (SP23) - LOC. MONTECAVOLO;RE;QUATTRO CASTELLA;VIA CIRCONVALLAZIONE, 1 (SP23) - LOC. MONTECAVOLO;1,619;07:00-12:30/15:00-19:30;Chiuso;07:00-14:00
10.74289;44.65916;RE REGGIO EMILIA VIA CARTESIO, 19A (SS9 EMILIA, KM 162,000) - LOC. BAGNO;RE;REGGIO EMILIA;VIA CARTESIO, 19A (SS9 EMILIA, KM 162,000) - LOC. BAGNO;1,509;07:30-12:30/15:00-19:00;Chiuso;07:30-12:30
10.66616;44.6832;RE REGGIO EMILIA VIA CURIE, 14 - LOC. SAN MAURIZIO;RE;REGGIO EMILIA;VIA CURIE, 14 - LOC. SAN MAURIZIO;1,599;06:30-20:30;06:30-20:30;06:30-20:30
10.5976;44.71055;RE REGGIO EMILIA VIA F.LLI CERVI, 75 (SS9 EMILIA, KM 179,400) - LOC. PIEVE MODOLENA;RE;REGGIO EMILIA;VIA F.LLI CERVI, 75 (SS9 EMILIA, KM 179,400) - LOC. PIEVE MODOLENA;1,599;07:00-22:00;07:00-20:30;07:00-22:00
10.6158;44.6919;RE REGGIO EMILIA VIA FRANCIA, 1;RE;REGGIO EMILIA;VIA FRANCIA, 1;1,559;07:00-19:00;Chiuso;07:30-12:30/14:30-19:30
10.5586;44.72405;RE REGGIO EMILIA VIA GIAMBATTISTA VICO, 9/G (SS9 EMILIA, KM 182,900) - LOC. CELLA;RE;REGGIO EMILIA;VIA GIAMBATTISTA VICO, 9/G (SS9 EMILIA, KM 182,900) - LOC. CELLA;1,599;07:30-12:30/15:00-19:00;Chiuso;07:30-12:30/15:00-19:00
10.6022;44.67585;RE REGGIO EMILIA VIA INGHILTERRA, 101/A - LOC. BARAGALLA;RE;REGGIO EMILIA;VIA INGHILTERRA, 101/A - LOC. BARAGALLA;1,599;07:30-19:30;Chiuso;08:30-19:30
10.65886;44.70655;RE REGGIO EMILIA VIA MARTIRI DI PIAZZA TIEN AN MEN, 2 (SS722 TANG.LE NORD);RE;REGGIO EMILIA;VIA MARTIRI DI PIAZZA TIEN AN MEN, 2 (SS722 TANG.LE NORD);1,499;07:00-18:45;Chiuso;07:00-12:30
10.504;44.74275;RE REGGIO EMILIA VIA NEWTON, 11 (SS9 EMILIA, KM 187,600) - LOC. GAIDA;RE;REGGIO EMILIA;VIA NEWTON, 11 (SS9 EMILIA, KM 187,600) - LOC. GAIDA;1,499;Chiuso;Chiuso;Chiuso
10.6427;44.72;RE REGGIO EMILIA VIA RODOLFO MORANDI, 3 - LOC. MANCASALE;RE;REGGIO EMILIA;VIA RODOLFO MORANDI, 3 - LOC. MANCASALE;1,599;06:00-18:45;Chiuso;06:00-11:45
10.5877;44.6593;RE REGGIO EMILIA VIA SANT'AMBROGIO, 3 (SP23) - LOC. RIVALTA;RE;REGGIO EMILIA;VIA SANT'AMBROGIO, 3 (SP23) - LOC. RIVALTA;1,619;07:30-12:30/15:00-19:30;Chiuso;07:30-12:30
10.66011;44.6715;RE REGGIO EMILIA VIALE OSVALDO PIACENTINI, 3 (SP114, KM 3,350 - TANG.LE SUD-EST);RE;REGGIO EMILIA;VIALE OSVALDO PIACENTINI, 3 (SP114, KM 3,350 - TANG.LE SUD-EST);1,579;07:30-19:30;Chiuso;07:30-12:30
10.83046;44.921;RE REGGIOLO VIA CISPADANA;RE;REGGIOLO;VIA CISPADANA;1,699;07:00-12:30/15:00-19:00;Chiuso;07:00-12:30
10.4381;44.7649;RE SANT'ILARIO D'ENZA VIA XXV APRILE OVEST, 17B/C (SS9, KM 193,500);RE;SANT'ILARIO D'ENZA;VIA XXV APRILE OVEST, 17B/C (SS9, KM 193,500);1,499;07:00-19:00;Chiuso;07:00-17:00
10.71679;44.59132;RE SCANDIANO VIA BROLO SOTTO, 72 (ANG. SP467R PEDEMONTANA) - LOC. CHIOZZA;RE;SCANDIANO;VIA BROLO SOTTO, 72 (ANG. SP467R PEDEMONTANA) - LOC. CHIOZZA;1,578;06:00-21:00;06:00-13:00/14:00-21:00;06:00-21:00
12.73175;43.9524;RN CATTOLICA SS16 ADRIATICA, KM 221,900;RN;CATTOLICA;SS16 ADRIATICA, KM 221,900;1,499;07:00-20:00;07:00-20:00;07:00-20:00
12.66865;43.94495;RN MISANO ADRIATICO VIA TAVOLETO, 156 (SP35) - LOC. LA CELLA;RN;MISANO ADRIATICO;VIA TAVOLETO, 156 (SP35) - LOC. LA CELLA;1,499;06:30-20:00;06:30-12:30/14:30-20:00;06:30-20:00
12.6196;43.99415;RN RICCIONE A14 ADS MONTEFELTRO OVEST (KM 133,600);RN;RICCIONE;A14 ADS MONTEFELTRO OVEST (KM 133,600);1,719;00:00-24:00;00:00-24:00;00:00-24:00
12.62285;43.99115;RN RICCIONE VIALE MESTRE;RN;RICCIONE;VIALE MESTRE;1,499;06:30-21:00;06:30-21:00;06:30-21:00
12.546;44.0186;RN RIMINI STRADA CONSOLARE RIMINI-SAN MARINO, 111 (SS72, KM 3,311) - LOC. LA FASOLINA;RN;RIMINI;STRADA CONSOLARE RIMINI-SAN MARINO, 111 (SS72, KM 3,311) - LOC. LA FASOLINA;1,689;06:30-20:00;Chiuso;06:30-20:00
12.45472;44.02412;RN RIMINI VIA ANACLETO RICCI 16 (SP258R) - LOC. CORPOLO';RN;RIMINI;VIA ANACLETO RICCI 16 (SP258R) - LOC. CORPOLO';1,597;07:00-20:00;07:30-19:00;07:00-20:00
12.5817;44.0462;RN RIMINI VIA FLAMINIA, 191 - Q.RE COLONNELLA;RN;RIMINI;VIA FLAMINIA, 191 - Q.RE COLONNELLA;1,729;07:00-19:30;Chiuso;07:00-19:30
12.5927;44.0389;RN RIMINI VIA G. PALMIRI, 9 - ZONA BEFANE;RN;RIMINI;VIA G. PALMIRI, 9 - ZONA BEFANE;1,719;07:30-12:30/14:30-19:30;Chiuso;07:30-12:30/14:30-19:30
12.47301;44.06657;RN RIMINI VIA MONTALACCIO, 2 - LOC. SANTA GIUSTINA;RN;RIMINI;VIA MONTALACCIO, 2 - LOC. SANTA GIUSTINA;1,619;06:00-21:00;06:00-21:00;06:00-21:00
12.48455;44.0967;RN RIMINI VIA TOLEMAIDE, 71 (SP136, KM 2,500) - LOC. TORRE PEDRERA;RN;RIMINI;VIA TOLEMAIDE, 71 (SP136, KM 2,500) - LOC. TORRE PEDRERA;1,399;06:30-20:30;06:30-20:30;06:30-20:30
12.48145;44.09225;RN RIMINI VIA TOLEMAIDE, 86 (SP136) - LOC. TORRE PEDRERA;RN;RIMINI;VIA TOLEMAIDE, 86 (SP136) - LOC. TORRE PEDRERA;1,599;07:00-20:30;07:00-20:30;07:00-20:30
12.69045;43.93485;RN SAN GIOVANNI IN MARIGNANO SP17, KM 4,700 - LOC. PIANVENTENA;RN;SAN GIOVANNI IN MARIGNANO;SP17, KM 4,700 - LOC. PIANVENTENA;1,499;06:30-20:00;07:00-12:30;06:30-20:00
12.7271;43.9181;RN SAN GIOVANNI IN MARIGNANO VIA TAVULLIA (SP58, KM 2,605) - LOC. SANTA MARIA IN PIETRAFITTA;RN;SAN GIOVANNI IN MARIGNANO;VIA TAVULLIA (SP58, KM 2,605) - LOC. SANTA MARIA IN PIETRAFITTA;1,499;07:30-12:30/15:00-19:00;Chiuso;07:30-12:30/15:00-18:00
12.46115;44.02825;RN SANTARCANGELO DI ROMAGNA VIA DI SOPRA, 110 (ANG.SS258 MARECCHIESE) - LOC. SAN MARTINO DEI MULINI;RN;SANTARCANGELO DI ROMAGNA;VIA DI SOPRA, 110 (ANG.SS258 MARECCHIESE) - LOC. SAN MARTINO DEI MULINI;1,649;07:00-13:00/15:00-19:30;Chiuso;07:00-13:00/15:00-19:30
12.4319;44.0485;RN SANTARCANGELO DI ROMAGNA VIA SANTARCANGIOLESE, 1391 (SP14) - LOC. SAN MICHELE;RN;SANTARCANGELO DI ROMAGNA;VIA SANTARCANGIOLESE, 1391 (SP14) - LOC. SAN MICHELE;1,677;07:00-20:00;07:30-12:30;07:00-20:00
12.4651;44.07645;RN SANTARCANGELO DI ROMAGNA VIA TOSI, 1254;RN;SANTARCANGELO DI ROMAGNA;VIA TOSI, 1254;1,449;08:00-12:00/14:30-18:30;Chiuso;08:00-12:00
12.30015;43.9085;RN TALAMELLO VIA DELL'INDUSTRIA, 20 - LOC. CAMPIANO;RN;TALAMELLO;VIA DELL'INDUSTRIA, 20 - LOC. CAMPIANO;1,659;07:00-12:30/14:30-19:30;Chiuso;07:00-12:30
12.40535;43.96495;RN VERUCCHIO VIA STATALE MARECCHIA (SS258, KM 68.500) - LOC. DOGANA;RN;VERUCCHIO;VIA STATALE MARECCHIA (SS258, KM 68.500) - LOC. DOGANA;1,597;07:00-19:30;Chiuso;07:00-13:00
11.80828;43.45431;AR AREZZO RACCORDO AREZZO-BATTIFOLLE, KM 4,830 (DIR. BATTIFOLLE) - LOC. S. GIULIANO;AR;AREZZO;RACCORDO AREZZO-BATTIFOLLE, KM 4,830 (DIR. BATTIFOLLE) - LOC. S. GIULIANO;1,659;06:00-20:00;06:00-20:00;06:00-20:00
11.79668;43.44472;AR AREZZO RACCORDO AREZZO-BATTIFOLLE, KM 6,500 (DIR. AREZZO) - LOC. S. GIULIANO;AR;AREZZO;RACCORDO AREZZO-BATTIFOLLE, KM 6,500 (DIR. AREZZO) - LOC. S. GIULIANO;1,599;07:30-12:30/15:30-19:00;Chiuso;07:30-12:30
11.78365;43.43905;AR AREZZO RACCORDO AREZZO-BATTIFOLLE, KM 7,489 (DIR. AREZZO) - LOC. BATTIFOLLE;AR;AREZZO;RACCORDO AREZZO-BATTIFOLLE, KM 7,489 (DIR. AREZZO) - LOC. BATTIFOLLE;1,539;06:00-19:30;06:00-19:30;06:00-19:30
11.807302;43.455554;"AR AREZZO SP21 DI PESCAIOLA; LOC. SAN GIULIANO";AR;AREZZO;"SP21 DI PESCAIOLA; LOC. SAN GIULIANO";1,659;07:30-12:30/15:00-19:00;Chiuso;Chiuso
11.84805;43.41675;AR AREZZO SR71 UMBRO CASENTINESE ROMAGNOLA, KM 141.600 - LOC. MADONNA DI MEZZASTRADA;AR;AREZZO;SR71 UMBRO CASENTINESE ROMAGNOLA, KM 141.600 - LOC. MADONNA DI MEZZASTRADA;1,547;07:30-12:30/15:30-19:00;Chiuso;07:30-12:30
11.832186;43.476052;AR AREZZO SS69 KM 62 ~ LOC. S.LEO;AR;AREZZO;SS69 KM 62 ~ LOC. S.LEO;1,699;07:00-12:30/15:00-19:00;Chiuso;07:00-12:30
11.866;43.44615;AR AREZZO SS73 KM 141,435;AR;AREZZO;SS73 KM 141,435;1,659;06:30-19:30;Chiuso;06:30-19:30
11.86839;43.47725;AR AREZZO VIA SETTE PONTI, 41;AR;AREZZO;VIA SETTE PONTI, 41;1,699;00:00-24:00;00:00-24:00;00:00-24:00
11.88008;43.45196;AR AREZZO VIALE MECENATE, 81/A;AR;AREZZO;VIALE MECENATE, 81/A;1,799;05:00-01:00;05:00-01:00;05:00-01:00
11.8032;43.6947;AR BIBBIENA VIA BONCONTE DA MONTEFELTRO, 9 (SR71 VAR) - LOC. LE CHIANE;AR;BIBBIENA;VIA BONCONTE DA MONTEFELTRO, 9 (SR71 VAR) - LOC. LE CHIANE;1,599;7:30-12:30/15:00-19:00;Chiuso;8:00-12:30
11.7632;43.40749;AR CIVITELLA IN VAL DI CHIANA A1 ADS BADIA AL PINO OVEST (KM 362,3);AR;CIVITELLA IN VAL DI CHIANA;A1 ADS BADIA AL PINO OVEST (KM 362,3);1,599;00:00-24:00;00:00-24:00;00:00-24:00
11.76855;43.4086;AR CIVITELLA IN VAL DI CHIANA VIA DEI BOSCHI, 2 - LOC. BADIA AL PINO;AR;CIVITELLA IN VAL DI CHIANA;VIA DEI BOSCHI, 2 - LOC. BADIA AL PINO;1,659;07:30-13:00/15:00-19:00;Chiuso;07:30-13:00
11.95945;43.2502;AR CORTONA SP31 DI MANZANO, 1047 - LOC. CAMUCIA;AR;CORTONA;SP31 DI MANZANO, 1047 - LOC. CAMUCIA;1,599;07:00-12:30/14:30-20:00;07:30-12:30;07:00-12:30/14:30-19:30
11.82755;43.2425;AR FOIANO DELLA CHIANA VIA DEL PORTO, 4-8;AR;FOIANO DELLA CHIANA;VIA DEL PORTO, 4-8;1,529;07:30-12:30/15:00-20:00;Chiuso;07:30-12:30
11.80935;43.22365;AR FOIANO DELLA CHIANA VIA DELLE FARNIOLE, 27 - LOC. FARNIOLE;AR;FOIANO DELLA CHIANA;VIA DELLE FARNIOLE, 27 - LOC. FARNIOLE;1,559;06:30-20:30;06:30-20:30;06:30-20:30
11.81875;43.259;AR FOIANO DELLA CHIANA VIA DI AREZZO, 49/A/B (SP327, KM 17,200) - LOC. IL CAGGIO;AR;FOIANO DELLA CHIANA;VIA DI AREZZO, 49/A/B (SP327, KM 17,200) - LOC. IL CAGGIO;1,699;07:00-19:00;07:00-12:00;07:00-19:00
11.756;43.32825;AR MONTE SAN SAVINO VIA MISERICORDIA, 623 (SP25) - LOC. VERTIGHE;AR;MONTE SAN SAVINO;VIA MISERICORDIA, 623 (SP25) - LOC. VERTIGHE;1,999;07:00-13:00/14:30-20:00;Chiuso;07:00-13:00/14:30-19:30
11.55325;43.53956;AR MONTEVARCHI VIA AMMIRAGLIO BURZAGLI, 235 (SS69);AR;MONTEVARCHI;VIA AMMIRAGLIO BURZAGLI, 235 (SS69);1,730;07:00-20:00;07:00-13:00;07:00-13:00
11.7748;43.7242;AR POPPI VIA ARETINA 14 (SS70 CONSUMA KM 35,360 DIR. AREZZO);AR;POPPI;VIA ARETINA 14 (SS70 CONSUMA KM 35,360 DIR. AREZZO);1,699;07:00-12:30/15:00-19:30;Chiuso;07:00-12:30
12.1185;43.5765;AR SANSEPOLCRO E45 SGC ORTE-RAVENNA, ADS CITTÀ DEL PALIO DELLA BALESTRA EST (SS3BIS, KM 138,850);AR;SANSEPOLCRO;E45 SGC ORTE-RAVENNA, ADS CITTÀ DEL PALIO DELLA BALESTRA EST (SS3BIS, KM 138,850);1,599;06:00-20:00;06:00-20:00;06:00-20:00
12.1178;43.5764;AR SANSEPOLCRO E45 SGC ORTE-RAVENNA, ADS CITTÀ DI PIERO DELLA FRANCESCA OVEST (SS3BIS, KM 138,850);AR;SANSEPOLCRO;E45 SGC ORTE-RAVENNA, ADS CITTÀ DI PIERO DELLA FRANCESCA OVEST (SS3BIS, KM 138,850);1,599;06:00-22:00;07:00-20:00;07:00-20:00
12.1206;43.5667;AR SANSEPOLCRO VIA SENESE ARETINA, 102-104 (SS73);AR;SANSEPOLCRO;VIA SENESE ARETINA, 102-104 (SS73);1,499;06:30-19:30;06:30-19:30;06:30-19:30
12.12165;43.56645;AR SANSEPOLCRO VIA SENESE ARETINA, 121 (SS73);AR;SANSEPOLCRO;VIA SENESE ARETINA, 121 (SS73);1,599;07:00-12:30/15:00-19:00;Chiuso;07:30-12:30
11.2282;43.98924;FI BARBERINO DI MUGELLO VIA DEL LAGO (SP131) - LOC. CAVALLINA;FI;BARBERINO DI MUGELLO;VIA DEL LAGO (SP131) - LOC. CAVALLINA;1,665;00:00-24:00;00:00-24:00;00:00-24:00
11.1998;43.59205;FI BARBERINO TAVARNELLE VIA L. DA VINCI, 148, LOC. PONTE NUOVO/Z.I. SAMBUCA;FI;BARBERINO TAVARNELLE;VIA L. DA VINCI, 148, LOC. PONTE NUOVO/Z.I. SAMBUCA;1,699;07:30-12:30/15:00-19:00;Chiuso;07:00-12:30
10.9689;43.593;FI CASTELFIORENTINO VIA MACHIAVELLI, 14 - LOC. PROFETI;FI;CASTELFIORENTINO;VIA MACHIAVELLI, 14 - LOC. PROFETI;1,499;07:00-12:30/15:00-19:00;Chiuso;07:00-12:30
11.0088;43.578;FI CASTELFIORENTINO VIA MONTE OLIVO, 40 - LOC. PETRAZZI;FI;CASTELFIORENTINO;VIA MONTE OLIVO, 40 - LOC. PETRAZZI;1,798;07:00-20:00;07:00-13:00;07:00-20:00
11.0186;43.5668;FI CERTALDO VIA TOSCANA;FI;CERTALDO;VIA TOSCANA;1,699;07:30-19:00;Chiuso;07:30-12:30/15:00-19:00
10.91205;43.6878;FI EMPOLI SR429 DI VAL D'ELSA (KM 32,665, DIR. NORD) - LOC. BRUSCIANA;FI;EMPOLI;SR429 DI VAL D'ELSA (KM 32,665, DIR. NORD) - LOC. BRUSCIANA;1,695;06:00-21:00;08:00-13:00/16:00-18:30;07:00-12:00/16:30-19:00
10.9685;43.71675;FI EMPOLI VIA PIOVOLA, 63;FI;EMPOLI;VIA PIOVOLA, 63;1,798;07:00-20:00;07:00-13:00;07:00-20:00
10.8947;43.70095;FI EMPOLI VIA VAL D'ELSA (SP10) - LOC. OSTERIA BIANCA;FI;EMPOLI;VIA VAL D'ELSA (SP10) - LOC. OSTERIA BIANCA;1,798;00:00-24:00;00:00-24:00;00:00-24:00
10.9611;43.69175;FI EMPOLI VIA VAL D'ORME NUOVA, 10 (SP51, KM 2,550) - LOC. CASENUOVE;FI;EMPOLI;VIA VAL D'ORME NUOVA, 10 (SP51, KM 2,550) - LOC. CASENUOVE;1,699;07:00-12:30/15:00-19:00;Chiuso;07:00-12:30
11.4959;43.59755;FI FIGLINE E INCISA VALDARNO SP69 - LOC. CARRESI;FI;FIGLINE E INCISA VALDARNO;SP69 - LOC. CARRESI;1,798;07:00-20:00;07:00-13:00;07:00-20:00
11.2771;43.80055;FI FIRENZE VIA FAENTINA, 380 - LOC. PONTE ALLA BADIA;FI;FIRENZE;VIA FAENTINA, 380 - LOC. PONTE ALLA BADIA;1,699;08:00-12:30/15:00-19:00;Chiuso;08:30-12:30
11.31632;43.7687;FI FIRENZE VIA ROCCA TEDALDA KM 87,379 - LOC. ROVEZZANO;FI;FIRENZE;VIA ROCCA TEDALDA KM 87,379 - LOC. ROVEZZANO;1,649;07:00-21:00;08:00-13:00/15:30-19:00;07:00-21:00
11.22824;43.74573;FI FIRENZE VIA SENESE - LOC. I ROSSI;FI;FIRENZE;VIA SENESE - LOC. I ROSSI;1,649;07:00-12:30/15:00-19:00;07:00-12:30;07:00-12:30/15:00-19:00
11.2234;43.81715;FI FIRENZE VIA SESTESE, 97/99 - Q.RE CASTELLO;FI;FIRENZE;VIA SESTESE, 97/99 - Q.RE CASTELLO;1,561;07:00-12:30/15:00-19:00;Chiuso;07:00-12:00
11.19925;43.77291;FI FIRENZE VIALE ETRURIA;FI;FIRENZE;VIALE ETRURIA;1,699;07:00-20:30;07:00-14:00;07:00-20:30
11.3043;43.75615;FI FIRENZE VIALE EUROPA - LOC. BADIA A RIPOLI;FI;FIRENZE;VIALE EUROPA - LOC. BADIA A RIPOLI;1,649;07:00-20:00;07:00-20:00;07:00-20:00
11.2091;43.799;FI FIRENZE VIALE GUIDONI;FI;FIRENZE;VIALE GUIDONI;1,699;07:00-20:00;15:00-20:00;07:00-20:00
11.2062;43.765;FI FIRENZE VIALE PIETRO NENNI, 21;FI;FIRENZE;VIALE PIETRO NENNI, 21;1,552;07:00-12:30/15:00-19:00;Chiuso;07:00-12:30
11.21525;43.80442;FI FIRENZE VIALE XI AGOSTO, 100;FI;FIRENZE;VIALE XI AGOSTO, 100;1,649;06:30-21:30;06:30-21:30;06:30-21:30
11.33175;44.16325;FI FIRENZUOLA SP65 FUTA KM 56,558 - LOC. PIETRAMALA;FI;FIRENZUOLA;SP65 FUTA KM 56,558 - LOC. PIETRAMALA;1,187;15:00-19:00;15:00-19:00;15:00-19:00
10.8209;43.72445;FI FUCECCHIO VIA C. BATTISTI, 176;FI;FUCECCHIO;VIA C. BATTISTI, 176;1,899;07:30-12:30/15:00-19:30;Chiuso;07:30-12:30
10.80975;43.7368;FI FUCECCHIO VIA PISTOIESE, 5/A (SR436, KM 21,707);FI;FUCECCHIO;VIA PISTOIESE, 5/A (SR436, KM 21,707);1,699;06:30-19:30;Chiuso;06:30-13:00
10.8209;43.70855;FI FUCECCHIO VIA SAMMINIATESE (SR436 FRANCESCA) - LOC. SAN PIERINO;FI;FUCECCHIO;VIA SAMMINIATESE (SR436 FRANCESCA) - LOC. SAN PIERINO;1,599;07:00-12:30/14:30-19:00;Chiuso;07:00-12:30
11.31265;43.60015;FI GREVE IN CHIANTI SR222 KM 21,800 - LOC. SELVA PIANA;FI;GREVE IN CHIANTI;SR222 KM 21,800 - LOC. SELVA PIANA;1,699;07:30-12:30/15:00-19:00;Chiuso;07:00-12:30
11.10615;43.73578;FI LASTRA A SIGNA SGC FI-PI-LI, ADS LASTRA A SIGNA (KM 10,200);FI;LASTRA A SIGNA;SGC FI-PI-LI, ADS LASTRA A SIGNA (KM 10,200);1,629;07:30–12:30/15:00–18:00;Chiuso;07:30–12:30/15:00–18:00
11.06444;43.70966;FI LASTRA A SIGNA SP12 KM 12,730 - LOC. GINESTRA FIORENTINA;FI;LASTRA A SIGNA;SP12 KM 12,730 - LOC. GINESTRA FIORENTINA;1,699;07:00-12:30/15:00-19:00;Chiuso;07:30-12:30
11.0529;43.7149;FI LASTRA A SIGNA VIA CHIANTIGIANA (SP12, KM 13,800) - LOC. GINESTRA FIORENTINA;FI;LASTRA A SIGNA;VIA CHIANTIGIANA (SP12, KM 13,800) - LOC. GINESTRA FIORENTINA;1,798;00:00-24:00;00:00-24:00;00:00-24:00
11.1224;43.7708;FI LASTRA A SIGNA VIA DEGLI SCALPELLINI, 1;FI;LASTRA A SIGNA;VIA DEGLI SCALPELLINI, 1;1,699;07:00-19:00;07:30-12:30;07:30-18:00
11.42625;43.77135;FI PONTASSIEVE SS67VAR, KM 1,335 (DIR. EST);FI;PONTASSIEVE;SS67VAR, KM 1,335 (DIR. EST);1,699;07:30-12.30/15:00-19:00;Chiuso;07:30-12.30
11.52645;43.6726;FI REGGELLO VIA DEL MEARINO - LOC. CASCIA;FI;REGGELLO;VIA DEL MEARINO - LOC. CASCIA;1,699;07:15-12:45/15:00-19:30;Chiuso;07:15-12:45/15:00-18:00
11.4495;43.704;FI RIGNANO SULL'ARNO LOC. PIAN DELL'ISOLA, 33;FI;RIGNANO SULL'ARNO;LOC. PIAN DELL'ISOLA, 33;1,699;07:00-12:30/15:00-19:00;;07:00-12:30
11.18815;43.61895;FI SAN CASCIANO IN VAL DI PESA RA3 FI-SI (AUTOPALIO) - ADS SAN CASCIANO EST (LOC. BARGINO);FI;SAN CASCIANO IN VAL DI PESA;RA3 FI-SI (AUTOPALIO) - ADS SAN CASCIANO EST (LOC. BARGINO);1,809;06:00-21:00;06:00-21:00;06:00-21:00
11.19105;43.60595;FI SAN CASCIANO IN VAL DI PESA RA3 FI-SI (AUTOPALIO) - ADS SAN CASCIANO OVEST (KM 41,890);FI;SAN CASCIANO IN VAL DI PESA;RA3 FI-SI (AUTOPALIO) - ADS SAN CASCIANO OVEST (KM 41,890);1,499;06:00-20:45;06:00-20:45;06:00-20:45
11.1512;43.7726;FI SCANDICCI VIA DEI PRATONI, 11/13 - LOC. BADIA A SETTIMO;FI;SCANDICCI;VIA DEI PRATONI, 11/13 - LOC. BADIA A SETTIMO;1,599;07:00-20:00;Chiuso;07:00-20:00
11.16162;43.76512;FI SCANDICCI VIA PISANA - LOC. PISCETTO;FI;SCANDICCI;VIA PISANA - LOC. PISCETTO;1,649;07:30-12:30/15:00-19:00;07:00-12:30;07:30-12:30/15:00-19:00
11.33862;43.96359;FI SCARPERIA E SAN PIERO VIA LA TORRE, 33/B/C (SP551 TRAVERSA DEL MUGELLO) - LOC. PETRONA;FI;SCARPERIA E SAN PIERO;VIA LA TORRE, 33/B/C (SP551 TRAVERSA DEL MUGELLO) - LOC. PETRONA;1,649;07:00-12:30/15:00-19:00;Chiuso;07:00-12:30
11.30595;43.96185;FI SCARPERIA E SAN PIERO VIA MASSORONDINAIO -  LOC. ISCHIETI;FI;SCARPERIA E SAN PIERO;VIA MASSORONDINAIO -  LOC. ISCHIETI;1,547;07:30-12:30/14:30-18:30;Chiuso;07:30-12:30/14:30-18:30
11.1724;43.8198;FI SESTO FIORENTINO A11 ADS PERETOLA NORD (KM 3,0);FI;SESTO FIORENTINO;A11 ADS PERETOLA NORD (KM 3,0);1,544;00:00-24:00;00:00-24:00;00:00-24:00
11.1736;43.8181;FI SESTO FIORENTINO A11 ADS PERETOLA SUD (KM 3,0);FI;SESTO FIORENTINO;A11 ADS PERETOLA SUD (KM 3,0);1,544;00:00-24:00;00:00-24:00;00:00-24:00
11.1759;43.8408;FI SESTO FIORENTINO VIA FERRUCCIO PARRI - LOC. VOLPAIA;FI;SESTO FIORENTINO;VIA FERRUCCIO PARRI - LOC. VOLPAIA;1,598;07:00-19:00;Chiuso;07:00-12:30/15:00-18:00
11.2068;43.81985;FI SESTO FIORENTINO VIA PIERPAOLO PASOLINI 200 - LOC. PIANA DI QUINTO;FI;SESTO FIORENTINO;VIA PIERPAOLO PASOLINI 200 - LOC. PIANA DI QUINTO;1,599;08:00-19:00;Chiuso;08:00-12:30/14:30-19:00
11.101;43.7871;FI SIGNA VIALE DELL'ARTE DELLA PAGLIA, 9;FI;SIGNA;VIALE DELL'ARTE DELLA PAGLIA, 9;1,699;07:00-12:30/15:00-19:00;Chiuso;07:00-12:30
11.26575;42.9289;GR CIVITELLA PAGANICO SS223, ADS LA PACE (KM 19,800 - DIR. NORD);GR;CIVITELLA PAGANICO;SS223, ADS LA PACE (KM 19,800 - DIR. NORD);1,699;07:30-12:30/15:00-19:30;15:00-19:30;15:00-19:30
10.7732;42.9358;GR FOLLONICA SP152 VECCHIA AURELIA, KM 42,500) - LOC. BIVIO RONDELLI;GR;FOLLONICA;SP152 VECCHIA AURELIA, KM 42,500) - LOC. BIVIO RONDELLI;1,455;07:30-12:30/15:30-19:30;07:30-12:30/15:30-19:30;07:30-12:30/15:30-19:30
10.7815;42.93935;GR FOLLONICA SS439 SARZANESE VALDERA KM 174,600;GR;FOLLONICA;SS439 SARZANESE VALDERA KM 174,600;1,499;07:00-20:00;07:30-13:00/16:30-20:30;07:00-20:00
11.0939;42.7498;GR GROSSETO SP158 DELLE COLLACCHIE - Q.RE SAN GIOVANNI;GR;GROSSETO;SP158 DELLE COLLACCHIE - Q.RE SAN GIOVANNI;1,799;07:00-13:00/15:00-19:00;Chiuso;07:00-13:00/15:00-19:00
11.08415;42.801;GR GROSSETO VIA AURELIA NORD (SP152, KM 1,350) - LOC. RUGGINOSA;GR;GROSSETO;VIA AURELIA NORD (SP152, KM 1,350) - LOC. RUGGINOSA;1,799;07:00-20:00;07:00-18:00;07:00-20:00
11.08947;42.79086;GR GROSSETO VIA AURELIA NORD - LOC. LA RUGGINOSA;GR;GROSSETO;VIA AURELIA NORD - LOC. LA RUGGINOSA;1,495;07:30-13:00/15:00-19:00;Chiuso;07:30-13:00
11.0991;42.77885;GR GROSSETO VIA AURELIA NORD, 1 (KM 162);GR;GROSSETO;VIA AURELIA NORD, 1 (KM 162);1,547;07:00-12:30/15:00-19:00;Chiuso;07:00-12:30
11.09285;42.7846;GR GROSSETO VIA AURELIA NORD, 236 (SP152) - LOC. RUGGINOSA/QUATTRO PODERI;GR;GROSSETO;VIA AURELIA NORD, 236 (SP152) - LOC. RUGGINOSA/QUATTRO PODERI;1,498;07:30-20:00;07:30-13:00;07:30-20:00
11.13275;42.76245;GR GROSSETO VIA SCANSANESE (SP159);GR;GROSSETO;VIA SCANSANESE (SP159);1,537;07:30-19:30;07:30-19:30;07:30-19:30
10.58685;43.00625;LI CAMPIGLIA MARITTIMA VIA DEI FALEGNAMI, 30 - LOC. CAMPO ALLA CROCE;LI;CAMPIGLIA MARITTIMA;VIA DEI FALEGNAMI, 30 - LOC. CAMPO ALLA CROCE;1,709;07:00-20:00;07:30-20:00;07:00-20:00
10.54525;43.1216;LI CASTAGNETO CARDUCCI SS1 VARIANTE AURELIA, KM 257,665 (DIR. LI);LI;CASTAGNETO CARDUCCI;SS1 VARIANTE AURELIA, KM 257,665 (DIR. LI);1,720;07:00-19:00;Chiuso;07:00-19:00
10.5244;43.3301;LI CECINA PER LA VAL DI CECINA (SR68) - LOC. PALAZZI;LI;CECINA;PER LA VAL DI CECINA (SR68) - LOC. PALAZZI;1,498;07:00-20:30;07:00-20:30;07:00-20:30
10.496305;43.622256;"LI COLLESALVETTI SGC FI~PI~LI; ADS GRECCIANO NORD (KM 64;591)";LI;COLLESALVETTI;"SGC FI~PI~LI; ADS GRECCIANO NORD (KM 64;591)";1,559;06:00-19:30;06:00-12:00;06:00-19:30
10.49634;43.62132;LI COLLESALVETTI SGC FI-PI-LI, ADS GRECCIANO SUD (KM 64,640);LI;COLLESALVETTI;SGC FI-PI-LI, ADS GRECCIANO SUD (KM 64,640);1,607;06:00-20:45;00:00-01:00/06:00-24:00;06:00-20:45
10.42535;43.61215;LI COLLESALVETTI SGC FI-PI-LI, ADS MORTAIOLO SUD (KM 70,650);LI;COLLESALVETTI;SGC FI-PI-LI, ADS MORTAIOLO SUD (KM 70,650);1,559;05:00-19:30;07:00-19:00;06:00-19:30
10.3571;43.57955;LI COLLESALVETTI VIA AIACCIA, 74 - LOC. STAGNO;LI;COLLESALVETTI;VIA AIACCIA, 74 - LOC. STAGNO;1,545;08:00-12:30/15:00-19:30;Chiuso;08:00-12:30/15:00-19:30
10.37515;43.60096;LI COLLESALVETTI VIA DELLE COLLINE, 100 - Z.I. INTERPORTO;LI;COLLESALVETTI;VIA DELLE COLLINE, 100 - Z.I. INTERPORTO;1,649;06:30-19:00;Chiuso;07:00-12:00
10.31605;43.5711;LI LIVORNO VIA DELLE CATERATTE, 73 (SP40);LI;LIVORNO;VIA DELLE CATERATTE, 73 (SP40);1,599;06:30-12:30/15:00-19:30;07:30-12:30;06:30-12:30
10.46879;43.38627;LI ROSIGNANO MARITTIMO VIA PER ROSIGNANO;LI;ROSIGNANO MARITTIMO;VIA PER ROSIGNANO;1,549;07:30-13:00/15:00-20:00;08:30-12:30;07:30-13:00/15:00-20:00
10.5566;43.0796;LI SAN VINCENZO STRADA PER CAMPIGLIA MARITTIMA (SP20) - LOC. MASSETO/SAN VINCENZO SUD;LI;SAN VINCENZO;STRADA PER CAMPIGLIA MARITTIMA (SP20) - LOC. MASSETO/SAN VINCENZO SUD;1,549;07:00-12:30/14:00-18:00;Chiuso;08:00-13:00/14:00-18:00
10.64488;43.82834;LU ALTOPASCIO VIA LUCCHESE ROMANA, 24 (SP3, KM 6,000) - LOC. TURCHETTO;LU;ALTOPASCIO;VIA LUCCHESE ROMANA, 24 (SP3, KM 6,000) - LOC. TURCHETTO;1,599;07:30-12:30/14:30-19:30;Chiuso;07:30-12:30/15:00-18:00
10.253;43.8961;LU CAMAIORE VIA SANTA MARIA GORETTI;LU;CAMAIORE;VIA SANTA MARIA GORETTI;1,549;;;
10.5836;43.8602;LU CAPANNORI VIALE EUROPA, 10 - LOC. LAMMARI;LU;CAPANNORI;VIALE EUROPA, 10 - LOC. LAMMARI;1,699;07:00-12:30/15:00-19:30;Chiuso;07:30-12:30
10.4552;44.04972;LU GALLICANO VIA ROMA  - LOC. ZINEPRI;LU;GALLICANO;VIA ROMA  - LOC. ZINEPRI;1,899;07:00-12:00/14:30-19:00;Chiuso;08:00-12:00
10.55909;43.84742;LU LUCCA VIA DELLA MADONNINA - LOC. ANTRACCOLI;LU;LUCCA;VIA DELLA MADONNINA - LOC. ANTRACCOLI;1,799;07:00-19:30;Chiuso;07:00-19:30
10.46635;43.8485;LU LUCCA VIA SARZANESE, 155 - LOC. S. ANGELO;LU;LUCCA;VIA SARZANESE, 155 - LOC. S. ANGELO;1,479;07:00-21:00;07:30-12:45/14:30-21:00;07:00-21:00
10.4934;43.81745;LU LUCCA VIA SOTTOMONTE - LOC. PONTETETTO;LU;LUCCA;VIA SOTTOMONTE - LOC. PONTETETTO;1,599;07:30-13:00/14:30-19:30;Chiuso;07:30-13:00
10.29199;43.87996;LU MASSAROSA VIA MONTRAMITO;LU;MASSAROSA;VIA MONTRAMITO;1,479;07:00-24:00;07:00-24:00;07:00-24:00
10.3315;43.8738;LU MASSAROSA VIA SARZANESE NORD, 819;LU;MASSAROSA;VIA SARZANESE NORD, 819;1,699;07:30-12:30/15:00-19:00;08:30-12:00;07:30-12:30/15:00-19:00
10.22225;43.93415;LU PIETRASANTA VIA AURELIA - LOC. SAPONIERA;LU;PIETRASANTA;VIA AURELIA - LOC. SAPONIERA;1,479;07:00-21:00;07:00-12:45/14:30-21:00;07:00-21:00
10.2184;43.93105;LU PIETRASANTA VIALE UNITA' D'ITALIA, 121;LU;PIETRASANTA;VIALE UNITA' D'ITALIA, 121;1,599;07:00-19:30;08:00-12:30/15:30-19:00;07:00-19:00
10.6043;43.8273;LU PORCARI VIA AVVOCATO DEL MAGRO - LOC. FRIZZONE;LU;PORCARI;VIA AVVOCATO DEL MAGRO - LOC. FRIZZONE;1,799;07:00-20:00;Chiuso;07:00-20:00
10.00635;44.20345;MS AULLA VIA GUIDO ROSSA - LOC. PALLERONE;MS;AULLA;VIA GUIDO ROSSA - LOC. PALLERONE;1,599;08:00-13:00/14:00-19:00;Chiuso;08:00-12:30
10.05828;44.04616;MS CARRARA VIA COVETTA, 3 - LOC. AVENZA;MS;CARRARA;VIA COVETTA, 3 - LOC. AVENZA;1,479;07:00-21:00;07:00-21:00;07:00-21:00
10.06525;44.0567;MS CARRARA VIALE XX SETTEMBRE;MS;CARRARA;VIALE XX SETTEMBRE;1,699;07:30-12:00/15:00-19:00;Chiuso;07:30-12:00/15:00-19:00
10.0785;44.03105;MS MASSA VIA BOZZONE, 143 - LOC. PARTACCIA;MS;MASSA;VIA BOZZONE, 143 - LOC. PARTACCIA;1,699;07:00-12:30/14:30-19:30;07:00-12:30/15:30-19:30;07:00-12:30/14:30-19:30
10.48005;43.68455;PI CASCINA VIA CARLO LEVI 20/23 - LOC. NAVACCHIO;PI;CASCINA;VIA CARLO LEVI 20/23 - LOC. NAVACCHIO;1,699;07:00-19:30;Chiuso;07:00-12:00/15:00-19:00
10.54045;43.6685;PI CASCINA VIA NAZARIO SAURO, 124;PI;CASCINA;VIA NAZARIO SAURO, 124;1,769;06:00-20:00;07:00-12:00;06:00-20:00
10.541002;43.663307;"PI CASCINA VIA RIO POZZALE; 102";PI;CASCINA;"VIA RIO POZZALE; 102";1,769;07:30-13:00/14:30-19:30;Chiuso;07:30-13:00/14:30-19:30
10.74589;43.72215;PI CASTELFRANCO DI SOTTO VIA PROVINCIALE FRANCESCA BIS (SP66);PI;CASTELFRANCO DI SOTTO;VIA PROVINCIALE FRANCESCA BIS (SP66);1,699;07:30-12:40/15:00-19:30;Chiuso;07:30-12:40/15:30-18:30
10.54725;43.32565;PI MONTESCUDAIO SP26 DEI 3 COMUNI - LOC. MEZZAVIA;PI;MONTESCUDAIO;SP26 DEI 3 COMUNI - LOC. MEZZAVIA;1,699;07:30-12:30/15:00-19:00;Chiuso;07:30-12:30
10.5424;43.3165;PI MONTESCUDAIO VIA DEL POGGETTO, 7 - LOC. LAGHETTO-POGGIO GAGLIARDO;PI;MONTESCUDAIO;VIA DEL POGGETTO, 7 - LOC. LAGHETTO-POGGIO GAGLIARDO;1,798;07:00-20:30;07:00-20:30;07:00-20:30
10.279;43.679;PI PISA LUNGARNO GABRIELE D'ANNUNZIO SNC - LOC. MARINA DI PISA;PI;PISA;LUNGARNO GABRIELE D'ANNUNZIO SNC - LOC. MARINA DI PISA;1,699;07:30-12:30/15:00-19:00;Chiuso;07:30-12:30
10.3645;43.6541;PI PISA VIA AURELIA SUD, 10 (SS1 KM 328,240) - LOC. COLTANO;PI;PISA;VIA AURELIA SUD, 10 (SS1 KM 328,240) - LOC. COLTANO;1,599;07:00-20:00;Chiuso;07:00-19:00
10.379;43.7114;PI PISA VIA DELLA FOSSA DUCARIA;PI;PISA;VIA DELLA FOSSA DUCARIA;1,569;07:30-12:30/15:00-19:00;Chiuso;07:30–12:30
10.4163;43.6896;PI PISA VIA EMILIA, 366 (SS206, KM 44,340) - LOC. SANT'ERMETE;PI;PISA;VIA EMILIA, 366 (SS206, KM 44,340) - LOC. SANT'ERMETE;1,699;07:00-19:30;08:00-13:00;07:00-19:30
10.43025;43.6753;PI PISA VIA EMILIA, 450 (SS206, KM 42,260) - Z.I. OSPEDALETTO;PI;PISA;VIA EMILIA, 450 (SS206, KM 42,260) - Z.I. OSPEDALETTO;1,999;06:00-20:00;07:00-12:30;06:00-20:00
10.3921;43.73245;PI PISA VIA SAN JACOPO, 137;PI;PISA;VIA SAN JACOPO, 137;1,699;07:00-12:30/14:30-19:00;Chiuso;07:00-12:30/14:30-19:00
10.43635;43.70165;PI PISA VIA SAN PIO DA PIETRELCINA;PI;PISA;VIA SAN PIO DA PIETRELCINA;1,599;06:30-20:00;06:30-20:00;06:30-20:00
10.5885;43.63465;PI PONTEDERA SGC FI-PI-LI, ADS PONTEDERA NORD (KM 56,875);PI;PONTEDERA;SGC FI-PI-LI, ADS PONTEDERA NORD (KM 56,875);1,397;07:00-19:30;07:00-13:00;07:00-19:30
10.61795;43.6416;PI PONTEDERA SGC FI-PI-LI, ADS S. LUCIA (KM 54,140);PI;PONTEDERA;SGC FI-PI-LI, ADS S. LUCIA (KM 54,140);1,499;07:00-19:00;Chiuso;07:00-19:00
10.61655;43.6421;PI PONTEDERA SGC FI-PI-LI, ADS VALDERA (KM 54,200);PI;PONTEDERA;SGC FI-PI-LI, ADS VALDERA (KM 54,200);1,499;07:00-19:00;07:00-19:00;07:00-19:00
10.62855;43.6382;PI PONTEDERA SR439 SARZANESE, KM 61,815 - LOC. LA BORRA;PI;PONTEDERA;SR439 SARZANESE, KM 61,815 - LOC. LA BORRA;1,499;07:30-19:00;08:00-12:00/15:30-19:00;08:00-12:00/15:30-19:00
10.6063;43.6477;PI PONTEDERA STRADA DI PATTO (DIR. PONTEDERA);PI;PONTEDERA;STRADA DI PATTO (DIR. PONTEDERA);1,499;07:00-13:00/14:00-19:00;Chiuso;07:00-13:00/14:00-16:00
10.612506;43.652305;"PI PONTEDERA STRADA DI PATTO; KM 1;200 (DIR. PONSACCO)";PI;PONTEDERA;"STRADA DI PATTO; KM 1;200 (DIR. PONSACCO)";1,699;07:00-19:30;Chiuso;07:00-14:00
10.65065;43.64155;PI PONTEDERA VIA DELLE COLLINE PER LEGOLI (SP11 KM.2.808) - LOC. VAL DI CAVA;PI;PONTEDERA;VIA DELLE COLLINE PER LEGOLI (SP11 KM.2.808) - LOC. VAL DI CAVA;1,599;07:00-19:00;Chiuso;07:00-19:00
10.6832;43.61315;PI PONTEDERA VIA DELLE COLLINE PER LEGOLI (SP11, KM 7,100) - LOC. FORCOLI;PI;PONTEDERA;VIA DELLE COLLINE PER LEGOLI (SP11, KM 7,100) - LOC. FORCOLI;1,459;07:30-13:00/14.00-19:00;Chiuso;07:30-13:00/14.00-19:00
10.59645;43.6405;PI PONTEDERA VIA DI GELLO EST, 1;PI;PONTEDERA;VIA DI GELLO EST, 1;1,359;06:30-20:30;07:00-13:00;06:30-20:30
10.6268;43.6458;PI PONTEDERA VIA VICINALE DELLO SBIADO, 99/B - LOC. LA BORRA;PI;PONTEDERA;VIA VICINALE DELLO SBIADO, 99/B - LOC. LA BORRA;1,499;07:30-12:30/14:30-19:30;Chiuso;07:30-12:30/14:30-19:30
10.46085;43.7487;PI SAN GIULIANO TERME VIA DELLE SORGENTI, 20 - LOC. ASCIANO;PI;SAN GIULIANO TERME;VIA DELLE SORGENTI, 20 - LOC. ASCIANO;1,699;07:00-19:00;09:00-13:00;07:00-13:00
10.83145;43.69345;PI SAN MINIATO VIA DEI MILLE (SR436, KM 28,000) - LOC. SAN MINIATO BASSO;PI;SAN MINIATO;VIA DEI MILLE (SR436, KM 28,000) - LOC. SAN MINIATO BASSO;1,699;08:00-12:30/15:30-19:00;Chiuso;08:00-12:30
10.7882;43.69925;PI SAN MINIATO VIA L. DA VINCI, 59/61 - LOC. SAN DONATO;PI;SAN MINIATO;VIA L. DA VINCI, 59/61 - LOC. SAN DONATO;1,278;07:00-20:00;07:00-13:00;07:30-19:30
10.69856;43.54702;PI TERRICCIOLA VIA VOLTERRANA (SS439) - LOC. LA ROSA;PI;TERRICCIOLA;VIA VOLTERRANA (SS439) - LOC. LA ROSA;1,699;08:00-12:30/15:00-20:00;Chiuso;08:00-12:30/15:00-20:00
10.60254;43.70367;PI VICOPISANO VIA FRANCESCA NORD, 29/A - LOC. PIAN DI VICO;PI;VICOPISANO;VIA FRANCESCA NORD, 29/A - LOC. PIAN DI VICO;1,699;07:30-12:30/15:00-19:00;Chiuso;07:30-12:00
11.0305;43.8945;PO PRATO V.LE DELL’UNIONE EUROPEA (II^ TANG.LE OVEST, DIR. NORD) - LOC. BARDENA;PO;PRATO;V.LE DELL’UNIONE EUROPEA (II^ TANG.LE OVEST, DIR. NORD) - LOC. BARDENA;1,552;7:30-12:30/15:00-19:00;Chiuso;7:30-12:30
11.08855;43.90185;PO PRATO V.LE F.LLI CERVI, 98 - TANG. OVEST;PO;PRATO;V.LE F.LLI CERVI, 98 - TANG. OVEST;1,599;07:00-18:00;Chiuso;07:00-13:00
11.06225;43.87535;PO PRATO VIA ALLENDE;PO;PRATO;VIA ALLENDE;1,899;07:00-19:00;Chiuso;07:00-19:00
11.12305;43.85575;PO PRATO VIA FERRUCCI, 367/2 - LOC. MEZZANA;PO;PRATO;VIA FERRUCCI, 367/2 - LOC. MEZZANA;1,599;07:00-13:00/14:00-19:00;Chiuso;07:00-13:00
11.0658;43.87705;PO PRATO VIA SIRIO;PO;PRATO;VIA SIRIO;1,699;08:00-19:30;Chiuso;08:00-13:00/14:30-19:30
11.0538;43.85765;PO PRATO VIALE XVI APRILE 1992;PO;PRATO;VIALE XVI APRILE 1992;1,547;08:00-13:00/15:00-18:30;Chiuso;08:00-13:00
10.7415;43.860802;"PT BUGGIANO VIA PONTE BUGGIANESE; 150 ~ LOC. PITTINI";PT;BUGGIANO;"VIA PONTE BUGGIANESE; 150 ~ LOC. PITTINI";1,550;07:00-20:00;14:00-20:00;07:00-20:00
10.7192;43.8344;PT CHIESINA UZZANESE VIA DELLE REGIONI;PT;CHIESINA UZZANESE;VIA DELLE REGIONI;1,699;07:30-12:30/15:00-19:00;Chiuso;07:30-12:30/15:00-19:00
10.76105;43.85945;PT MASSA E COZZILE VIA PINO;PT;MASSA E COZZILE;VIA PINO;1,699;07:30-19:30;08:30-19:00;07:30-19:30
10.80175;43.8598;PT MONSUMMANO TERME VIA DEL TERZO, 79;PT;MONSUMMANO TERME;VIA DEL TERZO, 79;1,699;07:30-12:30/15:00-19:00;Chiuso;07:30-12:30
11.01235;43.91762;PT MONTALE VIA GARIBALDI, 37;PT;MONTALE;VIA GARIBALDI, 37;1,599;07:30-12:30/15:00-19:00;Chiuso;07:30-12:30
10.89671;43.94992;PT PISTOIA RACCORDO DI PISTOIA (SS716), KM 0,600;PT;PISTOIA;RACCORDO DI PISTOIA (SS716), KM 0,600;1,699;07:00-19:30;07:00-13:30/15:30:19:30;07:00-19:30
10.9392;43.93128;PT PISTOIA VIA ENRICO FERMI - LOC. SANT'AGOSTINO;PT;PISTOIA;VIA ENRICO FERMI - LOC. SANT'AGOSTINO;1,699;07:30-12:30/15:00-19:00;Chiuso;07:30-12:30
10.88636;43.94464;PT PISTOIA VIA GORA E BARBATOLE, 260 - LOC. PONTE ALLE TAVOLE;PT;PISTOIA;VIA GORA E BARBATOLE, 260 - LOC. PONTE ALLE TAVOLE;1,549;07:00-21:00;07:00-13:00;07:00-21:00
10.89646;43.93375;PT PISTOIA VIALE SALVO D'ACQUISTO, 22;PT;PISTOIA;VIALE SALVO D'ACQUISTO, 22;1,699;07:30-12:30/15:00-19:00;08:00-12:30/15:00-19:00;07:30-12:30/15:00-19:00
11.007;43.8659;PT QUARRATA TANG.LE QUARRATA-PRATO (SP44) - LOC. CASERANA;PT;QUARRATA;TANG.LE QUARRATA-PRATO (SP44) - LOC. CASERANA;1,679;07:00-12:30/14:30-19:00;Chiuso;07:00-12:30/14:30-19:00
11.8898;43.02425;SI CHIUSI SP146, KM 8,357 - LOC. MACCIANO;SI;CHIUSI;SP146, KM 8,357 - LOC. MACCIANO;1,799;07:00-12:30/15:30-19:00;Chiuso;07:30-12:30
11.1426;43.434;SI COLLE DI VAL D'ELSA SS68 - LOC. PONTE DELL'ARMI;SI;COLLE DI VAL D'ELSA;SS68 - LOC. PONTE DELL'ARMI;1,590;07:30-13:00/14:30-20:00;07:30-12:20/15:00-20:00;07:30-13:00/14:30-20:00
11.14115;43.40655;SI COLLE DI VAL D'ELSA STRADA COMUNALE DI SELVAMAGGIO - LOC. SAN MARZIALE;SI;COLLE DI VAL D'ELSA;STRADA COMUNALE DI SELVAMAGGIO - LOC. SAN MARZIALE;1,590;07:30-12:30/15:00-19:00;Chiuso;07:30-12:30
11.86455;43.1366;SI MONTEPULCIANO A1 ADS MONTEPULCIANO EST (KM 395);SI;MONTEPULCIANO;A1 ADS MONTEPULCIANO EST (KM 395);1,529;00:00-24:00;00:00-24:00;00:00-24:00
11.82195;43.12055;SI MONTEPULCIANO VIA PROVINCIALE, 30 - LOC. BIVIO DI NOTTOLA;SI;MONTEPULCIANO;VIA PROVINCIALE, 30 - LOC. BIVIO DI NOTTOLA;1,699;07:30-13:00/15:30-19:30;Chiuso;07:30-13:00/15:30-19:30
11.3021;43.3493;SI MONTERIGGIONI TANG.LE DI SIENA (SS674 KM 1,047 - DIR. NORD) - ADS MONTECELSO;SI;MONTERIGGIONI;TANG.LE DI SIENA (SS674 KM 1,047 - DIR. NORD) - ADS MONTECELSO;1,699;07:00-19:30;08:00-12:30/15:00-19:30;07:00-12:30/14:00-19:30
11.12956;43.47687;SI POGGIBONSI VIA LE LAME, 3;SI;POGGIBONSI;VIA LE LAME, 3;1,590;07:00-20:00;Chiuso;07:00-20:00
11.6354;43.2538;SI RAPOLANO TERME RACCORDO SIENA-BETTOLLE - ADS SERRE SUD (E78/SS715, KM 29,448);SI;RAPOLANO TERME;RACCORDO SIENA-BETTOLLE - ADS SERRE SUD (E78/SS715, KM 29,448);1,599;06:30-12:30/14:00-20:00;07:00-12:30/15:00-19:30;06:30-12:30/14:00-20:00
11.33445;43.29442;SI SIENA STRADA MASSETANA ROMANA, 74 - LOC. CERCHIAIA;SI;SIENA;STRADA MASSETANA ROMANA, 74 - LOC. CERCHIAIA;1,489;07:30-13:00/14:30-19:30;07:30-12:30;07:30-13:00/14:30-19:30
11.30516;43.31585;SI SIENA TANG.LE DI SIENA (SS674 KM 5,287 - DIR. NORD) - ADS SIENA TANGENZIALE;SI;SIENA;TANG.LE DI SIENA (SS674 KM 5,287 - DIR. NORD) - ADS SIENA TANGENZIALE;1,519;07:00-19:00;Chiuso;07:00-19:00
11.35309;43.31749;SI SIENA VIALE TOSELLI, 120;SI;SIENA;VIALE TOSELLI, 120;1,607;07:10-12:30/15:00-19:00;Chiuso;07:10-12:30
11.75585;43.2188;SI SINALUNGA VIA CASALPIANO, 99;SI;SINALUNGA;VIA CASALPIANO, 99;1,745;07:00-19:30;Chiuso;07:00-19:00
12.52005;43.07815;PG BASTIA UMBRA SS147 ASSISANA KM 2,000 - LOC. OSPEDALICCHIO;PG;BASTIA UMBRA;SS147 ASSISANA KM 2,000 - LOC. OSPEDALICCHIO;1,689;07:00-20:00;07:00-13:00/14:00-20:00;07:00-20:00
12.5435;43.0524;PG BASTIA UMBRA VIA DEL LAVORO;PG;BASTIA UMBRA;VIA DEL LAVORO;1,589;07:00-19:30;08:00-13:00;07:00-19:30
12.04246;43.10432;PG CASTIGLIONE DEL LAGO SS71, KM 98,200 - LOC. LA CASCINA;PG;CASTIGLIONE DEL LAGO;SS71, KM 98,200 - LOC. LA CASCINA;1,499;07:00-12:30/15:30-18:30;Chiuso;07:00-12:30/15:30-18:30
12.0215;43.14945;PG CASTIGLIONE DEL LAGO VIA TRASIMENO, 22 (SS71, KM 106,400) - LOC. MARCHETTI;PG;CASTIGLIONE DEL LAGO;VIA TRASIMENO, 22 (SS71, KM 106,400) - LOC. MARCHETTI;1,549;07:00-12:30/15:00-19:00;07:00-12:30;07:00-12:30
11.9709;43.00215;PG CITTÀ DELLA PIEVE SR71, KM 83,000 - LOC. PO' BANDINO;PG;CITTÀ DELLA PIEVE;SR71, KM 83,000 - LOC. PO' BANDINO;1,599;07:00-13:00/14:30-20:00;Chiuso;07:00-13:00/14:30-20:00
12.24425;43.47225;PG CITTÀ DI CASTELLO VIA DELLE SCIENZIATE - LOC. SALAIOLO;PG;CITTÀ DI CASTELLO;VIA DELLE SCIENZIATE - LOC. SALAIOLO;1,599;06:30-22:00;06:30-13:00/14:30-19:30;06:30-22:00
12.24975;43.42475;PG CITTÀ DI CASTELLO VIALE UMBRIA - LOC. SANTA LUCIA;PG;CITTÀ DI CASTELLO;VIALE UMBRIA - LOC. SANTA LUCIA;1,599;07:00-20:00;Chiuso;07:00-20:00
12.3821;42.9173;PG COLLAZZONE VIA DELLE BARCHE (SP375);PG;COLLAZZONE;VIA DELLE BARCHE (SP375);1,699;07:00-19:00;Chiuso;07:00-19:00
12.31022;43.1007;PG CORCIANO VIA NILDE IOTTI - LOC. ELLERA;PG;CORCIANO;VIA NILDE IOTTI - LOC. ELLERA;1,459;00:00-24:00;00:00-24:00;00:00-24:00
12.26735;43.1292;PG CORCIANO VIA TOGLIATTI, 115 - LOC. TAVERNE;PG;CORCIANO;VIA TOGLIATTI, 115 - LOC. TAVERNE;1,559;07:00-20:00;07:00-20:00;07:00-20:00
12.4276;42.9996;PG DERUTA VIA TIBERINA NORD, 42 - LOC. PONTE NUOVO;PG;DERUTA;VIA TIBERINA NORD, 42 - LOC. PONTE NUOVO;1,829;07:00/19:00;Chiuso;07:00/19:00
12.7287;42.91335;PG FOLIGNO SS3 FLAMINIA, KM 147,544 - LOC. SANT'ERACLIO;PG;FOLIGNO;SS3 FLAMINIA, KM 147,544 - LOC. SANT'ERACLIO;1,694;06:00-19:00;Chiuso;07:00-13:00
12.678208;42.968507;PG FOLIGNO VIA ANTONIO DA SANGALLO ~ Z.I. PACIANA;PG;FOLIGNO;VIA ANTONIO DA SANGALLO ~ Z.I. PACIANA;1,640;00:00-24:00;00:00-24:00;00:00-24:00
12.68665;42.9637;PG FOLIGNO VIA FIAMENGA, 66 (SR316);PG;FOLIGNO;VIA FIAMENGA, 66 (SR316);1,699;06:30-19:00;Chiuso;06:30-19:00
12.72865;42.9252;PG FOLIGNO VIA FLAMINIA (EX-SS3, KM 148,800), LOC. SANT'ERACLIO;PG;FOLIGNO;VIA FLAMINIA (EX-SS3, KM 148,800), LOC. SANT'ERACLIO;1,589;06:00-21:00;06:00-21:00;06:00-21:00
12.7567;43.25674;PG GUALDO TADINO SP241 GUALDO-GUBBIO - LOC. FONTIVOLE;PG;GUALDO TADINO;SP241 GUALDO-GUBBIO - LOC. FONTIVOLE;1,488;07:30-12:30/13:30-19:30;07:30-13:00;07:30-12:30/13:30-19:30
12.78647;43.21429;PG GUALDO TADINO VIA FLAMINIA SUD (SS3, KM 186,300);PG;GUALDO TADINO;VIA FLAMINIA SUD (SS3, KM 186,300);1,699;07:00-12:30/15:00-19:00;Chiuso;07:00-12:30/15:00-19:00
12.5462;43.36305;PG GUBBIO CORSO SEMONTE (SS219 KM 22,400);PG;GUBBIO;CORSO SEMONTE (SS219 KM 22,400);1,549;07:30-19:30;07:30-13:00/14:30-19:30;07:30-19:30
12.56224;43.34815;PG GUBBIO VIA DEL BOTTAGNONE;PG;GUBBIO;VIA DEL BOTTAGNONE;1,549;07:00-19:00;08:00-12:00;07:00-19:00
12.24395;43.1374;PG MAGIONE VIA FRA' FILIPPO LONGO (SS75 BIS, KM 22,700) - LOC. BACANELLA;PG;MAGIONE;VIA FRA' FILIPPO LONGO (SS75 BIS, KM 22,700) - LOC. BACANELLA;1,399;07:00-19:00;Chiuso;07:00-12:30
12.2613;43.05535;PG MAGIONE VIA PIEVAIOLA (SR220, KM 11.810) - LOC. AGELLO;PG;MAGIONE;VIA PIEVAIOLA (SR220, KM 11.810) - LOC. AGELLO;1,699;07:00-19:30;Chiuso;07:00-19:30
12.1543;43.18555;PG PASSIGNANO SUL TRASIMENO VIA A. LOMBRONI - LOC. S. DONATO;PG;PASSIGNANO SUL TRASIMENO;VIA A. LOMBRONI - LOC. S. DONATO;1,599;07:00-12:30/15:30-19:30;Chiuso;07:00-12:30/15:30-19:30
12.46493;43.10848;PG PERUGIA E45 SGC ORTE-RAVENNA, ADS PONTE VALLECEPPI OVEST (SS3BIS, KM 76,000);PG;PERUGIA;E45 SGC ORTE-RAVENNA, ADS PONTE VALLECEPPI OVEST (SS3BIS, KM 76,000);1,420;07:30-12:30/16:00-19:00;Chiuso;07:30-12:30
12.3197;43.0993;PG PERUGIA STR. LACUGNANO ELLERA;PG;PERUGIA;STR. LACUGNANO ELLERA;1,359;00:00-24:00;00:00-24:00;00:00-24:00
12.51425;43.1214;PG PERUGIA VARIANTE PG-AN, 7/A (SS318, KM 4,000 - DIR. AN);PG;PERUGIA;VARIANTE PG-AN, 7/A (SS318, KM 4,000 - DIR. AN);1,439;07:30-12:30/15:00-19:30;Chiuso;07:30-12:30
12.46715;43.1077;PG PERUGIA VIA CASCIOLANO, 78 - LOC. PONTE VALLECEPPI/LIDARNO;PG;PERUGIA;VIA CASCIOLANO, 78 - LOC. PONTE VALLECEPPI/LIDARNO;n.p.;Chiuso;Chiuso;Chiuso
12.32744;43.08054;PG PERUGIA VIA CORCIANESE - LOC. SANTA SABINA;PG;PERUGIA;VIA CORCIANESE - LOC. SANTA SABINA;1,459;07:00-20:00;07:00-20:00;07:00-20:00
12.422;43.12875;PG PERUGIA VIA DELLA MOLINELLA 19/A (SP172, KM 2.000) - LOC. PONTE RIO;PG;PERUGIA;VIA DELLA MOLINELLA 19/A (SP172, KM 2.000) - LOC. PONTE RIO;1,559;07:00-20:00;07:00-20:00;07:00-20:00
12.41454;43.03769;PG PERUGIA VIA DELLE FASCINE 100 - LOC. SAN MARTINO IN CAMPO;PG;PERUGIA;VIA DELLE FASCINE 100 - LOC. SAN MARTINO IN CAMPO;1,559;07:00-20:00;07:00-13:00;07:00-20:00
12.3479;43.07875;PG PERUGIA VIA G.DOTTORI  - LOC. SANT'ANDREA DELLE FRATTE;PG;PERUGIA;VIA G.DOTTORI  - LOC. SANT'ANDREA DELLE FRATTE;1,399;07:00-21:00;07:00-21:00;07:00-21:00
12.4281;43.0747;PG PERUGIA VIA GUSTAVO BENUCCI - Z.I. BALANZANO (IS);PG;PERUGIA;VIA GUSTAVO BENUCCI - Z.I. BALANZANO (IS);1,419;06:30-20:00;07:30-12:30/14:30-19:30;06:30-20:00
12.42949;43.07525;PG PERUGIA VIA GUSTAVO BENUCCI, 238 - Z.I. BALANZANO (IP);PG;PERUGIA;VIA GUSTAVO BENUCCI, 238 - Z.I. BALANZANO (IP);1,459;00:00-24:00;00:00-24:00;00:00-24:00
12.366;43.0941;PG PERUGIA VIA PIETRO TUZI, 6;PG;PERUGIA;VIA PIETRO TUZI, 6;1,459;00:00-24:00;00:00-24:00;00:00-24:00
12.3574;43.09225;PG PERUGIA VIALE BERLINGUER, 3 (SR220) - LOC. CENTOVA;PG;PERUGIA;VIALE BERLINGUER, 3 (SR220) - LOC. CENTOVA;1,339;06:00-20:00;07:00-13:00;06:00-20:00
12.35795;43.0928;PG PERUGIA VIALE BERLINGUER, 6 (SR220) - LOC. CENTOVA;PG;PERUGIA;VIALE BERLINGUER, 6 (SR220) - LOC. CENTOVA;1,339;06:00-20:30;06:00-13:00;06:00-20:30
12.2019;43.513;PG SAN GIUSTINO VIA EUROPA, 10 (SS3 BIS KM 148,030) - LOC. SELCI LAMA;PG;SAN GIUSTINO;VIA EUROPA, 10 (SS3 BIS KM 148,030) - LOC. SELCI LAMA;1,599;07:00-13:00/15:00-19:30;Chiuso;07:00-13:00/15:00-19:30
12.767;42.773;PG SPOLETO SS3 FLAMINIA NORD KM 130.200 - LOC. CORTACCIONE;PG;SPOLETO;SS3 FLAMINIA NORD KM 130.200 - LOC. CORTACCIONE;1,369;07:00-12:30/15:00-19:00;Chiuso;07:00-12:30/15:00-19:00
12.3955;42.87925;PG TODI E45 SGC ORTE-RAVENNA (SS3BIS, KM 44,450) - LOC. PANTALLA;PG;TODI;E45 SGC ORTE-RAVENNA (SS3BIS, KM 44,450) - LOC. PANTALLA;1,759;06:00-22:00;06:00-22:00;06:00-22:00
12.72957;42.88035;PG TREVI VIA FLAMINIA (SS3, KM 143,300);PG;TREVI;VIA FLAMINIA (SS3, KM 143,300);1,799;00:00-24:00;00:00-24:00;00:00-24:00
12.37345;43.292;PG UMBERTIDE SS219 EUGUBINA KM 14,000 - LOC. PIAN D'ASSINO;PG;UMBERTIDE;SS219 EUGUBINA KM 14,000 - LOC. PIAN D'ASSINO;1,499;06:00-20:00;06:00-20:00;06:00-20:00
12.0183;42.8767;TR FABRO A1 ADS FABRO EST (KM 427);TR;FABRO;A1 ADS FABRO EST (KM 427);1,599;00:00-24:00;00:00-24:00;00:00-24:00
12.4523;42.4852;TR NARNI SS675 UMBRO-LAZIALE (RACC. TERNI-ORTE - DIR.ORTE) - LOC. S. LIBERATO;TR;NARNI;SS675 UMBRO-LAZIALE (RACC. TERNI-ORTE - DIR.ORTE) - LOC. S. LIBERATO;1,599;00:00-24:00;00:00-24:00;00:00-24:00
12.533501;42.555756;"TR NARNI VIA TIBERINA (SS3 TER); KM 11;800 ~ LOC. CASA TOPPA";TR;NARNI;"VIA TIBERINA (SS3 TER); KM 11;800 ~ LOC. CASA TOPPA";1,599;07:00-21:00;07:00-21:00;07:00-21:00
12.1254;42.71915;TR ORVIETO VIALE I MAGGIO, 105;TR;ORVIETO;VIALE I MAGGIO, 105;1,599;07:00-12:30/15:00-19:00;Chiuso;07:00-12:30/15:00-19:00
12.6098;42.56985;TR TERNI SS675 UMBRO-LAZIALE, KM 8+246 (RACC. TERNI-ORTE DIR. TERNI);TR;TERNI;SS675 UMBRO-LAZIALE, KM 8+246 (RACC. TERNI-ORTE DIR. TERNI);1,599;00:00-24:00;00:00-24:00;00:00-24:00
12.6089;42.5703;TR TERNI SS675 UMBRO-LAZIALE, KM 8+247 (RACC. TERNI-ORTE DIR. ORTE);TR;TERNI;SS675 UMBRO-LAZIALE, KM 8+247 (RACC. TERNI-ORTE DIR. ORTE);1,599;00:00-24:00;00:00-24:00;00:00-24:00
12.68307;42.58231;TR TERNI STRADA DI BOLZELLO - LOC. S. CARLO;TR;TERNI;STRADA DI BOLZELLO - LOC. S. CARLO;1,599;06:45-21:00;06:45-21:00;06:45-21:00
12.60207;42.54379;TR TERNI STRADA DI CARONE, 2;TR;TERNI;STRADA DI CARONE, 2;1,599;06:00-19:45;Chiuso;06:00-19:45
12.663;42.5687;TR TERNI VIA ROMAGNA, 93/A;TR;TERNI;VIA ROMAGNA, 93/A;1,699;07:00-13:00/14:30-19:30;08:00-13:00;07:00-13:00/14:30-19:30
12.62255;42.56735;TR TERNI VIA WALTER LESSINI, 49;TR;TERNI;VIA WALTER LESSINI, 49;1,599;00:00-24:00;00:00-24:00;00:00-24:00
12.67995;42.55315;TR TERNI VOCABOLO CASALI (SS79 TERNANA, KM 15,452) - LOC. PAPIGNO;TR;TERNI;VOCABOLO CASALI (SS79 TERNANA, KM 15,452) - LOC. PAPIGNO;1,598;07:00-12:00/15:30-19:00;Chiuso;07:30-12:30
13.5212;43.59335;AN ANCONA ADS COLLEVERDE NORD (ASSE NORD-SUD, KM 1,600 DIR. ANCONA) - LOC. TAVERNELLE;AN;ANCONA;ADS COLLEVERDE NORD (ASSE NORD-SUD, KM 1,600 DIR. ANCONA) - LOC. TAVERNELLE;1,479;07:30-13:30/14:30-20:00;Chiuso;07:30-13:30/14:30-20:00
13.51775;43.5517;AN ANCONA SS16 (KM 304,900);AN;ANCONA;SS16 (KM 304,900);1,499;07:00-20:30;Chiuso;07:00-12:30
13.49829;43.6139;AN ANCONA VIA DEL LAVORO, 2 - ZONA INDUSTRIALE DEL PORTO;AN;ANCONA;VIA DEL LAVORO, 2 - ZONA INDUSTRIALE DEL PORTO;1,599;06:00-12:30/15:30-20:30;07:00-13:00;06:00-13:00
13.51;43.5607;AN ANCONA VIA I° MAGGIO, 50 (SS16, KM 306,000) - LOC. BARACCOLA;AN;ANCONA;VIA I° MAGGIO, 50 (SS16, KM 306,000) - LOC. BARACCOLA;1,489;06:30-21:00;08:00-13:00;07:00-20:00
13.510754;43.549806;AN ANCONA VIA LUIGI ALBERTINI#;AN;ANCONA;VIA LUIGI ALBERTINI#;1,489;00:00-24:00;00:00-24:00;00:00-24:00
13.4995;43.583;AN ANCONA VIA STRADA VECCHIA DEL PINOCCHIO, 20;AN;ANCONA;VIA STRADA VECCHIA DEL PINOCCHIO, 20;1,489;06:30-20:30;07:30-12:30;06:30-20:30
13.5389;43.51575;AN CAMERANO VIA DIRETTISSIMA DEL CONERO, 44 (SP2);AN;CAMERANO;VIA DIRETTISSIMA DEL CONERO, 44 (SP2);1,449;06:30-20:30;08:00-12:00/15:00-20:00;06:30-20:30
13.5611;43.4999;AN CAMERANO VIA DIRETTISSIMA DEL CONERO, 54;AN;CAMERANO;VIA DIRETTISSIMA DEL CONERO, 54;1,449;07:00-12:30/15:00-19:00;08:00-12:30/15:00-19:00;07:00-12:30/15:00-19:00
13.5288;43.5191;AN CAMERANO VIA FARFISA SNC;AN;CAMERANO;VIA FARFISA SNC;1,319;;;
13.57875;43.45085;AN CASTELFIDARDO VIA CHE GUEVARA (SP3 KM 2,840) - LOC. ACQUAVIVA;AN;CASTELFIDARDO;VIA CHE GUEVARA (SP3 KM 2,840) - LOC. ACQUAVIVA;1,385;07:00-19:00;Chiuso;07:00-19:00
13.10425;43.49715;AN CASTELPLANIO VIA CAMPAGNA (SP76, KM 50,141) - LOC. CANNEGGE;AN;CASTELPLANIO;VIA CAMPAGNA (SP76, KM 50,141) - LOC. CANNEGGE;1,649;06:00-21:00;08:00-12:00/15:00-19:00;06:00-21:00
13.3487;43.59735;AN CHIARAVALLE SP33 PER CASTELFERRETTI;AN;CHIARAVALLE;SP33 PER CASTELFERRETTI;1,599;06:30-20:30;07:00-13:00;06:30-20:30
13.33019;43.62866;AN CHIARAVALLE VIA SAN BERNARDO, 67 (SP2);AN;CHIARAVALLE;VIA SAN BERNARDO, 67 (SP2);1,559;07:30-12:30/15:00-19-30;Chiuso;07:30-12:30
13.08015;43.6465;AN CORINALDO VIA CORINALDESE, 38 (SP12 KM 14,100);AN;CORINALDO;VIA CORINALDESE, 38 (SP12 KM 14,100);1,799;07:00-12:30/15:00-19:30;07:00-12:30/15:00-19:30;07:00-12:30/15:00-19:30
12.86025;43.346;AN FABRIANO STRADA DI MONTECUCCO (SP47 ARCEVIESE KM. 2,743) - LOC. MARISCHIO/CA'MAIANO;AN;FABRIANO;STRADA DI MONTECUCCO (SP47 ARCEVIESE KM. 2,743) - LOC. MARISCHIO/CA'MAIANO;1,599;07:00-13:00/14:00-20:00;07:00-13:00;07:00-13:00/14:00-20:00
12.94305;43.34594;AN FABRIANO VIA DANTE, 255/A;AN;FABRIANO;VIA DANTE, 255/A;1,599;07:00-20:00;08:00-12:30;07:00-20:00
13.33575;43.62745;AN FALCONARA MARITTIMA A14 ADS ESINO EST (KM 208,700);AN;FALCONARA MARITTIMA;A14 ADS ESINO EST (KM 208,700);1,719;00:00-24:00;00:00-24:00;00:00-24:00
13.3942;43.61565;AN FALCONARA MARITTIMA SS16 ADS SANZIO EST (KM 291,475);AN;FALCONARA MARITTIMA;SS16 ADS SANZIO EST (KM 291,475);1,699;7:30-12:30/15:30-19:30;Chiuso;7:30-12:30
13.3686;43.6401;AN FALCONARA MARITTIMA VIA CLEMENTINA, 1/A - LOC. ROCCA PRIORA;AN;FALCONARA MARITTIMA;VIA CLEMENTINA, 1/A - LOC. ROCCA PRIORA;1,559;06:30-21:00;07:30-21:00;06:30-21:00
13.37222;43.61659;AN FALCONARA MARITTIMA VIA DEL CONSORZIO 19/A - LOC. CASTELFERRETTI;AN;FALCONARA MARITTIMA;VIA DEL CONSORZIO 19/A - LOC. CASTELFERRETTI;1,599;06:30-19:30;Chiuso;06:30-19:30
13.3446;43.4403;AN FILOTTRANO VIA DELL'INDUSTRIA, 79/B;AN;FILOTTRANO;VIA DELL'INDUSTRIA, 79/B;1,599;07:00-12:30/15:00-19:30;Chiuso;07:00-12:30/15:00-19:30
13.32553;43.57689;AN JESI SS76 ADS COPPETELLA EST (KM 67,504) - LOC. COPPETELLA;AN;JESI;SS76 ADS COPPETELLA EST (KM 67,504) - LOC. COPPETELLA;1,699;07:30-19:30;07:30-12:30;07:30-13:00/15:00-19:30
13.28745;43.55895;AN JESI VIA ANCONA, 87 (SP76 DELLA VAL D'ESINO KM 67,744) - LOC. SANT'UBALDO;AN;JESI;VIA ANCONA, 87 (SP76 DELLA VAL D'ESINO KM 67,744) - LOC. SANT'UBALDO;1,599;07:00-20:00;Chiuso;07:00-20:00
13.25315;43.52915;AN JESI VIA CARTIERE VECCHIE;AN;JESI;VIA CARTIERE VECCHIE;1,599;07:00-20:00;Chiuso;07:00-19:30
13.25429;43.51527;AN JESI VIA MARCONI, 166;AN;JESI;VIA MARCONI, 166;1,599;06:30-21:00;06:30-21:00;06:30-21:00
13.2182;43.4882;AN JESI VIA PIANDELMEDICO (SP502, KM 2,102) - LOC. PIANDELMEDICO;AN;JESI;VIA PIANDELMEDICO (SP502, KM 2,102) - LOC. PIANDELMEDICO;1,599;07:30-19:30;Chiuso;07:30-19:30
13.2152;43.50645;AN JESI VIA ROMA, 198 (SP76 DELLA VAL D'ESINO);AN;JESI;VIA ROMA, 198 (SP76 DELLA VAL D'ESINO);1,549;07:00-12:30/15:30-19:30;Segue turni;07:00-12:30
13.6455;43.4346;AN LORETO VIA SELVE S.ANTONIO (SP24) - LOC. BELLALUCE;AN;LORETO;VIA SELVE S.ANTONIO (SP24) - LOC. BELLALUCE;1,549;08:00-20:00;07:00-12:00/15:00-20:00;07:00-20:00
13.05118;43.45921;AN MERGO VIA MONTIRONE, 8 - LOC. ANGELI;AN;MERGO;VIA MONTIRONE, 8 - LOC. ANGELI;1,649;06:00-20:00;07:00-12:30/14:30-19:30;06:00-20:00
13.4525;43.5395;AN OFFAGNA VIA ASPIO (SP2, KM 16,665);AN;OFFAGNA;VIA ASPIO (SP2, KM 16,665);1,399;07:00-13:00/15:00-19:00;Chiuso;07:00-13:00/15:00-19:00
13.53565;43.49983;AN OSIMO VIA ADRIATICA (SS16 ADRIATICA, KM 312,400) - LOC. STAZIONE DI OSIMO;AN;OSIMO;VIA ADRIATICA (SS16 ADRIATICA, KM 312,400) - LOC. STAZIONE DI OSIMO;1,499;06:30-21:00;07:00-13:00;06:30-21:00
13.49675;43.4987;AN OSIMO VIA ANCONA (SP361 KM 5,000) - LOC. PIGNOCCO;AN;OSIMO;VIA ANCONA (SP361 KM 5,000) - LOC. PIGNOCCO;1,599;07:00-19:30;Chiuso;07:30-12:30/14:00-19:00
13.4562;43.4632;AN OSIMO VIA MONTEFANESE (SP361, KM 12,120) - LOC. PASSATEMPO;AN;OSIMO;VIA MONTEFANESE (SP361, KM 12,120) - LOC. PASSATEMPO;1,379;07:00-19:00;07:00-12:30/15:00-19:00;07:00-19:00
13.31435;43.4712;AN SANTA MARIA NUOVA VIA PRADELLONA - Z.I. PRADELLONA;AN;SANTA MARIA NUOVA;VIA PRADELLONA - Z.I. PRADELLONA;1,599;06:00-20:00;07:30-12:30;06:00-20:00
12.8726;43.4354;AN SASSOFERRATO SP360 - LOC. FORNACI;AN;SASSOFERRATO;SP360 - LOC. FORNACI;1,699;07:00-20:00;07:00-12:30;07:00-20:00
13.1576;43.6698;AN SENIGALLIA SP12 CORINALDESE, 102 KM 5,641- LOC. BRUGNETTO;AN;SENIGALLIA;SP12 CORINALDESE, 102 KM 5,641- LOC. BRUGNETTO;1,799;06:00-20:30;06:00-12:30;06:00-20:30
13.1749;43.7452;AN SENIGALLIA SS16, KM 267.542 - LOC. CESANO;AN;SENIGALLIA;SS16, KM 267.542 - LOC. CESANO;1,599;08:30-21:00;08:30-21:00;08:30-21:00
13.26057;43.69158;AN SENIGALLIA VIA ADRIATICA (SS16 KM 276,647) - LOC. CIARNIN;AN;SENIGALLIA;VIA ADRIATICA (SS16 KM 276,647) - LOC. CIARNIN;1,599;06:00-21:00;07:30-12:30;06:00-21:00
13.18907;43.72895;AN SENIGALLIA VIA MATTEI, 23/1;AN;SENIGALLIA;VIA MATTEI, 23/1;1,699;06:30-20:30;09:30-12:30/14:30-20:00;06:30-20:30
13.02656;43.56058;AN SERRA DE' CONTI SS360 ARCEVIESE, KM 24,164;AN;SERRA DE' CONTI;SS360 ARCEVIESE, KM 24,164;1,799;06:30-20:30;06:30-12:30;06:30-20:30
13.085785;43.719592;"AN TRECASTELLI VIA VAL CESANO; 42 (SP424) ~ LOC. PONTE RIO";AN;TRECASTELLI;"VIA VAL CESANO; 42 (SP424) ~ LOC. PONTE RIO";1,588;07:00-19:30;07:00-19:30;07:00-19:30
13.59555;42.8605;AP ASCOLI PICENO CIRCONVALLAZIONE NORD (SS4) - ZONA STADIO;AP;ASCOLI PICENO;CIRCONVALLAZIONE NORD (SS4) - ZONA STADIO;1,499;07:00-20:00;07:00-13:00;07:00-20:00
13.70105;42.85494;AP ASCOLI PICENO VIA DELLA RUGIADA - Z.I. CAMPOLUNGO;AP;ASCOLI PICENO;VIA DELLA RUGIADA - Z.I. CAMPOLUNGO;1,559;07:00-20:00;08:00-12:00/15:00-19:00;07:00-20:00
13.63289;42.83663;AP ASCOLI PICENO VIA NAVICELLA, 123 - LOC. MARINO DEL TRONTO;AP;ASCOLI PICENO;VIA NAVICELLA, 123 - LOC. MARINO DEL TRONTO;1,395;07:00-20:00;Chiuso;07:00-20:00
13.7018;42.8543;AP ASCOLI PICENO VIALE DEI MUTILATI ED INVALIDI DEL LAVORO (ANG. VIA DELLA PALUDE) - Z.I. CAMPOLUNGO;AP;ASCOLI PICENO;VIALE DEI MUTILATI ED INVALIDI DEL LAVORO (ANG. VIA DELLA PALUDE) - Z.I. CAMPOLUNGO;1,349;Chiuso;Chiuso;Chiuso
13.6735;42.9692;AP COSSIGNANO SP92 VALTESINO, KM 17,400 - LOC. PONTE TESINO;AP;COSSIGNANO;SP92 VALTESINO, KM 17,400 - LOC. PONTE TESINO;1,659;07:00-13:00/14:00-20:00;07:00-13:00;07:00-13:00/14:00-20:00
13.8348;43.03415;AP CUPRA MARITTIMA VIA S.GIACOMO DELLA MARCA, 2 (SS16 KM 1,700);AP;CUPRA MARITTIMA;VIA S.GIACOMO DELLA MARCA, 2 (SS16 KM 1,700);1,599;07:00-20:00;07:00-13:00;07:00-20:00
13.83665;42.98208;AP GROTTAMMARE VIA VALTESINO (SP92);AP;GROTTAMMARE;VIA VALTESINO (SP92);1,599;07:00/20:00;07:30-12:30/15:30-19:30;07:00/20:00
13.6949;42.84585;AP MALTIGNANO RACC. AUT. ASCOLI PICENO/PORTO D'ASCOLI, KM 8,550 - ADS PICENO NORD;AP;MALTIGNANO;RACC. AUT. ASCOLI PICENO/PORTO D'ASCOLI, KM 8,550 - ADS PICENO NORD;1,559;05:00-22:00;05:00-22:00;05:00-22:00
13.82145;42.88335;AP MONSAMPOLO DEL TRONTO VIA CRISTOFORO COLOMBO, 51 - LOC. STELLA;AP;MONSAMPOLO DEL TRONTO;VIA CRISTOFORO COLOMBO, 51 - LOC. STELLA;1,395;00:00-20:00;00:00-20:00;00:00-20:00
13.8957;42.8935;AP SAN BENEDETTO DEL TRONTO STRADA DELLE MACCHIE, 5 - C.DA SAN GIOVANNI/PORTO D'ASCOLI;AP;SAN BENEDETTO DEL TRONTO;STRADA DELLE MACCHIE, 5 - C.DA SAN GIOVANNI/PORTO D'ASCOLI;1,599;07:00-13:30;07:00-13:30;07:00-13:30
13.8928;42.8966;AP SAN BENEDETTO DEL TRONTO VIA SAN GIOVANNI, 8 - PORTO D'ASCOLI;AP;SAN BENEDETTO DEL TRONTO;VIA SAN GIOVANNI, 8 - PORTO D'ASCOLI;1,599;07:00-20:00;09:00-20:00;07:00-20:00
13.7667;42.86272;AP SPINETOLI VIA 8 MARZO, 10 (SP81) - LOC. PAGLIARE DEL TRONTO;AP;SPINETOLI;VIA 8 MARZO, 10 (SP81) - LOC. PAGLIARE DEL TRONTO;1,479;07:30-13:00/15:00-19:30;Chiuso;07:30-13:00/15:00-19:30
13.83179;43.104;FM ALTIDONA VIA BELLINI (SP85) - LOC. MARINA DI ALTIDONA;FM;ALTIDONA;VIA BELLINI (SP85) - LOC. MARINA DI ALTIDONA;1,599;06:30-20:30;07:00-13:00;06:30-20:30
13.8437;43.07575;FM CAMPOFILONE A14 ADS PICENO EST (KM 290,800);FM;CAMPOFILONE;A14 ADS PICENO EST (KM 290,800);1,769;00:00-24:00;00:00-24:00;00:00-24:00
13.79054;43.15827;FM FERMO C.DA CANALE, 17 - LOC. SALVANO;FM;FERMO;C.DA CANALE, 17 - LOC. SALVANO;1,559;06:30-21:30;06:30-21:30;06:30-21:30
13.74315;43.17315;FM FERMO CONTRADA MOSSA, 45;FM;FERMO;CONTRADA MOSSA, 45;1,579;07:00-20:00;Chiuso;07:00-20:00
13.77945;43.21655;FM FERMO SS16, KM 353,850 - LOC. LIDO DI FERMO;FM;FERMO;SS16, KM 353,850 - LOC. LIDO DI FERMO;1,599;06:45-20:00;06:45-20:00;06:45-20:00
13.7299;43.17;FM FERMO VIA OTTORINO RESPIGHI;FM;FERMO;VIA OTTORINO RESPIGHI;1,599;07:00-20:30;07:00-20:30;07:00-20:30
13.5851;43.1956;FM MONTE SAN PIETRANGELI VIA SAN MARTINO 22 (SP72 KM 12,200);FM;MONTE SAN PIETRANGELI;VIA SAN MARTINO 22 (SP72 KM 12,200);1,798;7:30-13:00/15:00-20:00;Chiuso;7:30-13:00/15:00-20:00
13.6468;43.2062;FM MONTE URANO C.DA ETE MORTO, 13/B (SP219 MEZZINA, KM 7,800);FM;MONTE URANO;C.DA ETE MORTO, 13/B (SP219 MEZZINA, KM 7,800);1,699;07:00-20:00;10:00-12:30;07:00-20:00
13.6839;43.1836;FM MONTE URANO C.DA TENNA, 28;FM;MONTE URANO;C.DA TENNA, 28;1,599;06:30-20:00;07:30-12:30 / 15:00-19:30;06:30-20:00
13.63916;43.04125;FM MONTE VIDON COMBATTE SP238 DELLA VAL D'ASO, KM 18,560;FM;MONTE VIDON COMBATTE;SP238 DELLA VAL D'ASO, KM 18,560;1,699;07:00-19:30;07:00-19:30;07:00-19:30
13.51569;43.10381;FM MONTEGIORGIO CONTRADA PIANE DI MONTEVERDE, 18 (SP239 KM 28,750);FM;MONTEGIORGIO;CONTRADA PIANE DI MONTEVERDE, 18 (SP239 KM 28,750);1,599;07:00-20:00;07:00-13:00/14:30-20:00;07:00-20:00
13.5268;43.1031;FM MONTEGIORGIO CONTRADA PIANE DI MONTEVERDE, 32 (SP239 KM 28,950);FM;MONTEGIORGIO;CONTRADA PIANE DI MONTEVERDE, 32 (SP239 KM 28,950);1,599;06:30-20:00;07:00-13:00/15:00-20:00;06:30-20:00
13.57585;43.11965;FM MONTEGIORGIO SP239 FERMANA/FALERIENSE, KM 23,358 - LOC. PIANE DI MONTEGIORGIO;FM;MONTEGIORGIO;SP239 FERMANA/FALERIENSE, KM 23,358 - LOC. PIANE DI MONTEGIORGIO;1,599;06:30-20:00;06:30-13:00/14:30-20:00;06:30-20:00
13.75929;43.24531;FM PORTO SANT'ELPIDIO VIA FOSSO DEL PALO, 21;FM;PORTO SANT'ELPIDIO;VIA FOSSO DEL PALO, 21;1,589;06:30-21:00;06:30-12:45;06:30-21:00
13.73405;43.28955;FM PORTO SANT'ELPIDIO VIA FRATTE, 16 (SP26);FM;PORTO SANT'ELPIDIO;VIA FRATTE, 16 (SP26);1,399;06:30-20:30;06:30-20:30;06:30-20:30
13.77011;43.237;FM PORTO SANT'ELPIDIO VIA MAZZINI, 368 (SS16 ADRIATICA KM 351,400);FM;PORTO SANT'ELPIDIO;VIA MAZZINI, 368 (SS16 ADRIATICA KM 351,400);1,699;06:00-20:30;07:00-12:30;06:00-20:30
13.6935;43.242;FM SANT'ELPIDIO A MARE VIA ELPIDIENSE, KM 7,200;FM;SANT'ELPIDIO A MARE;VIA ELPIDIENSE, KM 7,200;1,549;07:00-12:30/14:30-19:30;Chiuso;07:00-12:30
13.70935;43.20285;FM SANT'ELPIDIO A MARE VIA FALERIENSE, 748 (SP28, KM 7);FM;SANT'ELPIDIO A MARE;VIA FALERIENSE, 748 (SP28, KM 7);1,599;06:30-20:00;06:30-20:00;06:30-20:00
13.0548;43.176;MC CAMERINO SP256 MUCCESE, KM 15,420 - LOC. CANEPINA;MC;CAMERINO;SP256 MUCCESE, KM 15,420 - LOC. CANEPINA;1,499;07:00-13:00/14:00-20:00;Chiuso;07:00-13:00/14:00-20:00
13.6582;43.29305;MC CIVITANOVA MARCHE C.DA CAVALLINO, 76;MC;CIVITANOVA MARCHE;C.DA CAVALLINO, 76;1,395;07:00-20:00;Chiuso;07:00-20:00
13.7042;43.3446;MC CIVITANOVA MARCHE VIA CRISTOFORO COLOMBO (SS16 KM 337,870) C.DA FOCE ASOLA;MC;CIVITANOVA MARCHE;VIA CRISTOFORO COLOMBO (SS16 KM 337,870) C.DA FOCE ASOLA;1,385;07:00-20:00;07:00-12:00/14:00-20:00;07:00-20:00
13.7299;43.29101;MC CIVITANOVA MARCHE VIA FONTANELLA, 67;MC;CIVITANOVA MARCHE;VIA FONTANELLA, 67;1,399;07:30-12:30/14:30-19:30;Chiuso;07:30-12:30/14:30-19:30
13.683453;43.282506;MC CIVITANOVA MARCHE VIA GOBETTI ~ ZONA INDUSTRIALE;MC;CIVITANOVA MARCHE;VIA GOBETTI ~ ZONA INDUSTRIALE;1,399;07:00-20:00;07:30-13:00/14:30-20:00;07:30-13:00/14:30-20:00
13.70594;43.30071;MC CIVITANOVA MARCHE VIA SILVIO PELLICO (SP485, KM 1,372);MC;CIVITANOVA MARCHE;VIA SILVIO PELLICO (SP485, KM 1,372);1,399;07:00-13:00/15:00-20:00;Chiuso;07:00-13:00/15:00-20:00
13.376081;43.175981;"MC COLMURANO C.DA FIASTRA; 34 (SP78) ~ LOC. PASSO DI COLMURANO SUD";MC;COLMURANO;"C.DA FIASTRA; 34 (SP78) ~ LOC. PASSO DI COLMURANO SUD";1,599;07:00-20:30;07:00-20:30;07:00-20:30
13.5618;43.2633;MC CORRIDONIA ADS CORRIDONIA NORD SS77, KM 95,670 (DIR. FOLIGNO);MC;CORRIDONIA;ADS CORRIDONIA NORD SS77, KM 95,670 (DIR. FOLIGNO);1,399;06:30-20:30;07:30-12:30/15:00-20:00;06:30-20:30
13.56325;43.26205;MC CORRIDONIA ADS CORRIDONIA SUD SS77, KM 95,654 (DIR. CIVITANOVA);MC;CORRIDONIA;ADS CORRIDONIA SUD SS77, KM 95,654 (DIR. CIVITANOVA);1,399;06:30-20:30;07:30-12:30/15:00-20:00;06:30-20:30
13.56475;43.26944;MC CORRIDONIA C.DA SARROCCIANO, 200 (SP485 KM 14,041);MC;CORRIDONIA;C.DA SARROCCIANO, 200 (SP485 KM 14,041);1,499;06:30-21:00;07:00-13:00;06:30-21:00
13.438001;43.251052;"MC CORRIDONIA SS77; KM 85;103 (DIR. FOLIGNO)";MC;CORRIDONIA;"SS77; KM 85;103 (DIR. FOLIGNO)";1,499;07:00-13:00/14:00-20:00;07:00-13:00/14:00-20:00;07:00-13:00/14:00-20:00
13.48544;43.25553;MC CORRIDONIA VIA FONTE LEPRE;MC;CORRIDONIA;VIA FONTE LEPRE;1,540;06:30-13:00/16:00-20:00;06:30-12:30;06:30-13:00/16:00-20:00
13.0825;43.221;MC GAGLIOLE LOC. BASCIANO, 5 (SP361, KM 65,450);MC;GAGLIOLE;LOC. BASCIANO, 5 (SP361, KM 65,450);1,469;06:30-13:00/13:45-20:00;07:00-13:00;06:30-13:00/13:45-19:00
13.42827;43.2726;MC MACERATA C.DA PIEVE, 10;MC;MACERATA;C.DA PIEVE, 10;1,425;06:30-20:00;Chiuso;06:30-20:00
13.4435;43.2632;MC MACERATA STRADA CARRARECCIA (SP485 KM 24,400) - C.DA SFORZACOSTA;MC;MACERATA;STRADA CARRARECCIA (SP485 KM 24,400) - C.DA SFORZACOSTA;1,499;07:00-20:00;Chiuso;07:00-12:00
13.4945;43.27808;MC MACERATA VIA CONCORDIA, 15 . LOC. PIEDIRIPA;MC;MACERATA;VIA CONCORDIA, 15 . LOC. PIEDIRIPA;1,395;06:30-19:30;Chiuso;06:30-19:30
13.44036;43.30972;MC MACERATA VIA VITTIME DELLE FOIBE (SP 77);MC;MACERATA;VIA VITTIME DELLE FOIBE (SP 77);1,379;06:30-20:00;07:00-12:30/15:30-19:30;06:30-20:00
13.48825;43.18685;MC MOGLIANO C.DA SANTA CATERINA, 5;MC;MOGLIANO;C.DA SANTA CATERINA, 5;1,599;07:30-12:30/15:00-20:00;Chiuso;07:30-12:30/15:00-20:00
13.4302;43.33765;MC MONTECASSIANO VIA VALLE CASCIA, 31/A (SP361) - LOC. VALLE CASCIA;MC;MONTECASSIANO;VIA VALLE CASCIA, 31/A (SP361) - LOC. VALLE CASCIA;1,499;06:30-20:00;06:30-12:15;06:30-20:00
13.5806;43.3723;MC MONTELUPONE SP571 HELVIA RECINA, KM 8,877 - LOC. BECERICA;MC;MONTELUPONE;SP571 HELVIA RECINA, KM 8,877 - LOC. BECERICA;1,599;06:30-20:30;07:30-12:30/15:00-20:00;06:30-20:30
13.60795;43.32365;MC MORROVALLE SP10, KM 16,600 - C.DA CROCETTE;MC;MORROVALLE;SP10, KM 16,600 - C.DA CROCETTE;1,499;07:00-20:00;Chiuso;07:00-20:00
13.06295;43.0735;MC MUCCIA STRADA COM.LE GIOVE - LOC. MADDALENA;MC;MUCCIA;STRADA COM.LE GIOVE - LOC. MADDALENA;1,649;07:00-13:00/15:00-20:00;Chiuso;07:00-13:00/15:00-20:00
13.683205;43.389854;"MC POTENZA PICENA C.DA TORRENOVA; 13 (SS16; KM 332;570) ~ LOC. PORTO POTENZA PICENA";MC;POTENZA PICENA;"C.DA TORRENOVA; 13 (SS16; KM 332;570) ~ LOC. PORTO POTENZA PICENA";1,499;06:30-20:00;06:30-20:00;06:30-20:00
13.51627;43.36661;MC RECANATI SP571 HELVIA RECINA, KM 14,200 - LOC. FONTENOCE;MC;RECANATI;SP571 HELVIA RECINA, KM 14,200 - LOC. FONTENOCE;1,385;07:00-20:30;07:00-12:00/14:00-19:45;07:00-20:30
13.53625;43.38485;MC RECANATI SP77 VAL DI CHIENTI, KM 107,381 - C.DA SAN PIETRO (DIR. Z.I. S. LEOPARDO);MC;RECANATI;SP77 VAL DI CHIENTI, KM 107,381 - C.DA SAN PIETRO (DIR. Z.I. S. LEOPARDO);1,399;07:00-19:30;Chiuso;07:00-19:30
13.216;43.24025;MC SAN SEVERINO MARCHE SP361, KM 53,700 - LOC. TACCOLI;MC;SAN SEVERINO MARCHE;SP361, KM 53,700 - LOC. TACCOLI;1,499;07:00-12:30/15:30-19:30;Chiuso;07:00-12:30/15:30-19:30
13.275;43.0502;MC SARNANO VIA CALLARELLA, 269 - LOC. GABELLA NUOVA;MC;SARNANO;VIA CALLARELLA, 269 - LOC. GABELLA NUOVA;1,599;07:30-13:00/15:00-20:00;08:00-12:30/15:00-20:00;07:30-13:00/15:00-20:00
13.31068;43.20963;MC TOLENTINO C.DA RIBUTINO, 72/B;MC;TOLENTINO;C.DA RIBUTINO, 72/B;1,539;06:30-20:30;07:30-13:00;06:30-20:30
13.3492;43.2301;MC TOLENTINO SS77, KM 0,794 (DIR. CIVITANOVA MARCHE) - LOC. LA RANCIA;MC;TOLENTINO;SS77, KM 0,794 (DIR. CIVITANOVA MARCHE) - LOC. LA RANCIA;1,699;00:00-24:00;00:00-24:00;00:00-24:00
13.2743;43.2708;MC TREIA C.DA VALLONICA, 21/A (SP361, KM 14,000);MC;TREIA;C.DA VALLONICA, 21/A (SP361, KM 14,000);1,449;07:00-12:30/15:00-20:00;07:00-12:30;07:00-12:30/15:00-20:00
13.2878;43.34135;MC TREIA SP25 CINGOLANA, KM 11,087 - C.DA SCHITO;MC;TREIA;SP25 CINGOLANA, KM 11,087 - C.DA SCHITO;1,385;08:00-19:30;Chiuso;08:00-19:30
12.44415;43.57545;PU APECCHIO SP257 APECCHIESE, KM 29,550 - LOC. PIAN DI MOLINO;PU;APECCHIO;SP257 APECCHIESE, KM 29,550 - LOC. PIAN DI MOLINO;1,448;07:00-20:00;07:00-20:00;07:00-20:00
12.66955;43.57895;PU CAGLI VIA FLAMINIA NORD (KM 237 - SP3) - LOC. FONTALBA;PU;CAGLI;VIA FLAMINIA NORD (KM 237 - SP3) - LOC. FONTALBA;1,559;06:30-12:30-14:30-19:15;06:30-12:30;06:30-12:30-14:30-19:15
12.9862;43.8137;PU FANO SS3 FLAMINIA, KM 279,673 - LOC. ROSCIANO;PU;FANO;SS3 FLAMINIA, KM 279,673 - LOC. ROSCIANO;1,599;07:00-19:30;Chiuso;07:00-19:30
13.02215;43.81895;PU FANO STRADA COMUNALE CAMPO DI AVIAZIONE;PU;FANO;STRADA COMUNALE CAMPO DI AVIAZIONE;1,599;07:00-19:00;08:00-13:00;07:00-19:00
13.1138;43.7841;PU FANO STRADA NAZIONALE ADRIATICA SUD, 270 (SS16 KM 260,900) - LOC. PONTE SASSO;PU;FANO;STRADA NAZIONALE ADRIATICA SUD, 270 (SS16 KM 260,900) - LOC. PONTE SASSO;1,599;06:30-20:00;06:30-12:30;06:30-20:00
13.0386;43.8342;PU FANO V.LE PICENO, 50 (SS16 ADRIATICA KM 255,100);PU;FANO;V.LE PICENO, 50 (SS16 ADRIATICA KM 255,100);1,599;06:30-20:30;Chiuso;06:30-20:30
13.00425;43.79448;PU FANO VIA EINAUDI - LOC. BELLOCCHI;PU;FANO;VIA EINAUDI - LOC. BELLOCCHI;1,599;06:30-20:00;07:00-19:00;06:30-20:00
12.95055;43.79373;PU FANO VIA PROVINCIALE, 13 (SP80) - LOC. CARRARA;PU;FANO;VIA PROVINCIALE, 13 (SP80) - LOC. CARRARA;1,587;06:30-20:00;06:30-12:30/14:00-20:00;06:30-20:00
12.6545;43.69715;PU FERMIGNANO VIA FALASCONI, 68 - LOC. BIVIO BORZAGA;PU;FERMIGNANO;VIA FALASCONI, 68 - LOC. BIVIO BORZAGA;1,599;07:00-20:00;07:00-13:00/15:00-20:00;07:00-20:00
12.83006;43.68846;PU FOSSOMBRONE VIA PIAN DI GUALDO, 1 (ANG.SS3 FLAMINIA);PU;FOSSOMBRONE;VIA PIAN DI GUALDO, 1 (ANG.SS3 FLAMINIA);1,699;07:00-20:00;08:00-12:00;07:00-20:00
12.8255;43.6895;PU FOSSOMBRONE VIA RISORGIMENTO;PU;FOSSOMBRONE;VIA RISORGIMENTO;1,699;07:00-12:30/14:00-19:00;Chiuso;07:00-12:30
12.75045;43.95365;PU GABICCE MARE SS16 ADRIATICA, KM 223,532;PU;GABICCE MARE;SS16 ADRIATICA, KM 223,532;1,592;06:00-20:00;06:00-20:00;06:00-20:00
12.83175;43.53495;PU PERGOLA VIA PANTANA, 4 (SP12) - LOC. BELLISIO;PU;PERGOLA;VIA PANTANA, 4 (SP12) - LOC. BELLISIO;1,699;07:00-12:30/15:00-19:30;Chiuso;07:00-12:30
12.8324;43.8902;PU PESARO STRADA DI MONTEFELTRO, 24 (SS423) - LOC. SAN LORENZINO;PU;PESARO;STRADA DI MONTEFELTRO, 24 (SS423) - LOC. SAN LORENZINO;1,599;06:00-20:00;07:00-19:00;06:00-20:00
12.8913;43.89095;PU PESARO VIA SANDRO PERTINI, 2475 (DIR. OVEST);PU;PESARO;VIA SANDRO PERTINI, 2475 (DIR. OVEST);1,599;07:00-19:30;07:00-19:00;07:00-19:30
12.89095;43.89035;PU PESARO VIA SANDRO PERTINI, 2502 (DIR. EST);PU;PESARO;VIA SANDRO PERTINI, 2502 (DIR. EST);1,599;07:00-19:00;07:30-12:30;07:00-19:00
12.9757;43.6383;PU SAN LORENZO IN CAMPO VIA MIRALBELLO (SP424 KM 20,600) - LOC. DA PIANACCIO;PU;SAN LORENZO IN CAMPO;VIA MIRALBELLO (SP424 KM 20,600) - LOC. DA PIANACCIO;1,518;07:30-12:30/15:00-19:30;Chiuso;07:30-12:30
12.4563;43.6746;PU SANT'ANGELO IN VADO VIA NAZIONALE SUD, 5 (SS73 BIS, KM 44,564) - LOC. CALVERNAZZO;PU;SANT'ANGELO IN VADO;VIA NAZIONALE SUD, 5 (SS73 BIS, KM 44,564) - LOC. CALVERNAZZO;1,586;05:00-23:00;05:00-23:00;05:00-23:00
12.70869;43.69059;PU URBINO VIA NAZIONALE (SS73BIS, KM 78,215) - LOC. CANAVACCIO;PU;URBINO;VIA NAZIONALE (SS73BIS, KM 78,215) - LOC. CANAVACCIO;1,699;06:00-19:30;06:00-12:00;06:00-19:30
12.74895;43.83481;PU VALLEFOGLIA VIA DELLE REGIONI, 6 (SP423) - LOC. MORCIOLA;PU;VALLEFOGLIA;VIA DELLE REGIONI, 6 (SP423) - LOC. MORCIOLA;1,599;07:00-20:00;08:00-12:00/15:00-20:00;07:00-20:00
13.2098;41.7768;FR ACUTO VIA ANTICOLANA (SS155R);FR;ACUTO;VIA ANTICOLANA (SS155R);1,899;07:00-13:00/15:00-19:00;Chiuso;07:00-13:00/15:00-19:00
13.3131;41.65975;FR ALATRI VIA CASILINA NORD (SS6, KM 80,400) - LOC. QUARTICCIOLO;FR;ALATRI;VIA CASILINA NORD (SS6, KM 80,400) - LOC. QUARTICCIOLO;1,899;08:00-13:00/15:00-19:00;Chiuso;08:00-13:00/15:00-19:00
13.11772;41.73677;FR ANAGNI VIA ANTICOLANA (SR155 RACC), KM 1,200;FR;ANAGNI;VIA ANTICOLANA (SR155 RACC), KM 1,200;1,899;07:00-19:30;07:00-19:30;07:00-19:30
13.7853;41.4643;FR CASSINO VIA DEL CERRO, 25-27 - ZONA INDUSTRIALE;FR;CASSINO;VIA DEL CERRO, 25-27 - ZONA INDUSTRIALE;1,405;07:00-21:00;07:00-21:00;07:00-21:00
13.2654;41.646;FR FERENTINO VIA ASI CONSORTILE, 7, KM 1,340 - LOC. CARTIERA-STAZIONE;FR;FERENTINO;VIA ASI CONSORTILE, 7, KM 1,340 - LOC. CARTIERA-STAZIONE;1,899;04:00-24:00;04:00-24:00;04:00-24:00
13.32085;41.6239;FR FROSINONE VIA DEI MONTI LEPINI 112 (SS156, KM 3,841) - LOC. CANARINO;FR;FROSINONE;VIA DEI MONTI LEPINI 112 (SS156, KM 3,841) - LOC. CANARINO;1,899;06:45-19:45;Chiuso;07:00-19:30
13.2828;41.62125;FR FROSINONE VIA LE LAME;FR;FROSINONE;VIA LE LAME;1,899;07:00-20:00;08:00-13:00;07:00-19:30
13.55711;41.6791;FR ISOLA DEL LIRI VIA ROMA;FR;ISOLA DEL LIRI;VIA ROMA;1,799;06:00-21:00;06:00-21:00;06:00-21:00
13.2932;41.59815;FR PATRICA VIA DEI MONTI LEPINI (SS156, KM 7,930);FR;PATRICA;VIA DEI MONTI LEPINI (SS156, KM 7,930);1,899;00:00-24:00;00:00-24:00;00:00-24:00
13.2851;41.5954;FR PATRICA VIA MOROLENSE (KM. 0,500) - LOC. QUATTRO STRADE;FR;PATRICA;VIA MOROLENSE (KM. 0,500) - LOC. QUATTRO STRADE;1,999;06:00-12:45/14:00-20:00;Chiuso;06:00-12:45/14:00-20:00
13.6578;41.5436;FR ROCCASECCA VIA MONTELLO, 58 (SP7, KM 2,200) - LOC. SOCCE;FR;ROCCASECCA;VIA MONTELLO, 58 (SP7, KM 2,200) - LOC. SOCCE;1,699;07:00-13:00/14:00-20:00;Chiuso;07:00-13:00/14:00-20:00
13.93345;41.44525;FR SAN VITTORE DEL LAZIO VIA FONTANA DELL'OLMO (SR6 - KM 149,975);FR;SAN VITTORE DEL LAZIO;VIA FONTANA DELL'OLMO (SR6 - KM 149,975);1,499;07:00-12:30/15:00-19:00;Chiuso;07:00-12:30/15:00-19:00
13.60635;41.6982;FR SORA STRADA DI COLLEGAMENTO SCHITO-COLLE D'ARTE (ANG. VIA TOMBE) - LOC. RUSCITTO;FR;SORA;STRADA DI COLLEGAMENTO SCHITO-COLLE D'ARTE (ANG. VIA TOMBE) - LOC. RUSCITTO;1,899;06:00-21:00;06:00-21:00;06:00-21:00
13.57392;41.69735;FR SORA VIA DELL'INDUSTRIA - LOC. SAN DOMENICO;FR;SORA;VIA DELL'INDUSTRIA - LOC. SAN DOMENICO;1,899;07:00-19:00;Chiuso;07:00-19:00
13.79394;41.48436;FR VILLA SANTA LUCIA VIA CASILINA (SR6, KM 134,750) - LOC. SANTA SCOLASTICA;FR;VILLA SANTA LUCIA;VIA CASILINA (SR6, KM 134,750) - LOC. SANTA SCOLASTICA;1,499;07:00-12:30/14:00-19:30;Chiuso;07:00-12:30/14:00-19:30
12.7082;41.547;LT APRILIA SS148 PONTINA KM 52,453 - LOC. CAMPOVERDE;LT;APRILIA;SS148 PONTINA KM 52,453 - LOC. CAMPOVERDE;1,989;06:00-22:00;06:00-22:00;06:00-22:00
12.67735;41.59905;LT APRILIA VIA CARROCETO KM 14,900;LT;APRILIA;VIA CARROCETO KM 14,900;1,499;07:30-12:30/15:00-19:00;Chiuso;07:30-12:30/15:00-19:00
12.67019;41.57566;LT APRILIA VIA GUARDAPASSO, 55;LT;APRILIA;VIA GUARDAPASSO, 55;1,599;07:00-20:00;07:30-13:00;07:00-20:00
12.6701;41.57049;LT APRILIA VIA GUARDAPASSO, 65;LT;APRILIA;VIA GUARDAPASSO, 65;1,499;06:00-12:30/15.00:19.00;08:00-12:00;06:00-12:30/15.00:19.00
13.41613;41.3338;LT FONDI VIA CAPOCROCE, 41 (ANG. SP DIVERSIVO ACQUACHIARA, KM 2,850) - LOC. LA TORRE;LT;FONDI;VIA CAPOCROCE, 41 (ANG. SP DIVERSIVO ACQUACHIARA, KM 2,850) - LOC. LA TORRE;1,869;07:30-13:00/15:00-19:00;07:30-12:30;07:30-13:00/15:00-19:00
13.68785;41.2705;LT FORMIA SS630 AUSONIA, KM 30.180 - LOC. PENITRO;LT;FORMIA;SS630 AUSONIA, KM 30.180 - LOC. PENITRO;1,799;07:30-12:30/15:00-19:00;Chiuso;07:30-12:30/15:00-19:00
12.853901;41.486207;"LT LATINA SS148 PONTINA; KM 66;443 (DIR. NORD) ~ LOC. BORGO PIAVE";LT;LATINA;"SS148 PONTINA; KM 66;443 (DIR. NORD) ~ LOC. BORGO PIAVE";1,599;05:00-20:00;Chiuso;05:00-20:00
12.86655;41.47395;LT LATINA SS148 PONTINA, KM 68,210 - LOC. BORGO PIAVE;LT;LATINA;SS148 PONTINA, KM 68,210 - LOC. BORGO PIAVE;1,599;00:00-24:00;00:00-24:00;00:00-24:00
12.8633;41.47861;LT LATINA STRADA SABOTINO, 1 - LOC. BORGO PIAVE;LT;LATINA;STRADA SABOTINO, 1 - LOC. BORGO PIAVE;1,405;00:00-24:00;00:00-24:00;00:00-24:00
12.9466;41.5059;LT LATINA VIA APPIA EST (SS7 KM 66,700) - LOC. TOR TRE PONTI;LT;LATINA;VIA APPIA EST (SS7 KM 66,700) - LOC. TOR TRE PONTI;1,599;05:30-20:30;Chiuso;05:30-20:30
12.88578;41.44235;LT LATINA VIA DEL LIDO (SP49BIS, KM 2,750) - Q.RE NASCOSA;LT;LATINA;VIA DEL LIDO (SP49BIS, KM 2,750) - Q.RE NASCOSA;1,419;06:30-19:00;Chiuso;06:30-19:00
12.92315;41.46005;LT LATINA VIA S. FRANCESCO, 1 - LOC. PICCARELLO;LT;LATINA;VIA S. FRANCESCO, 1 - LOC. PICCARELLO;1,769;06:30-20:00;07:00-12:30;06:30-20:00
12.93815;41.53385;LT LATINA VIALE DELLE INDUSTRIE, 54 (SP31 CROTALLO, KM 0,700) - LOC. LATINA SCALO;LT;LATINA;VIALE DELLE INDUSTRIE, 54 (SP31 CROTALLO, KM 0,700) - LOC. LATINA SCALO;1,599;06:00-20:00;Chiuso;06:00-19:30
13.7373;41.30925;LT SPIGNO SATURNIA SR630 AUSONIA, KM 23,750;LT;SPIGNO SATURNIA;SR630 AUSONIA, KM 23,750;1,699;00:00-24:00;00:00-24:00;00:00-24:00
13.1885;41.3184;LT TERRACINA VIA APPIA (SS7 KM 95,700);LT;TERRACINA;VIA APPIA (SS7 KM 95,700);1,799;07:00-19:30;07:00-13:00/15:00-19:30;07:00-13:00/15:00-19:30
12.7857;42.4383;RI CONTIGLIANO SS79BIS KM 9,486;RI;CONTIGLIANO;SS79BIS KM 9,486;1,499;07:00-19:00;Chiuso;07:00-19:00
12.8444;42.39745;RI RIETI VIA DOMENICO DI CARLO, 3;RI;RIETI;VIA DOMENICO DI CARLO, 3;1,520;07:30-12:30/15:30-19:00;Chiuso;07:30-12:30
12.9013;42.41605;RI RIETI VIA ORESTE DI FAZIO, 33 - Q.RE CAMPOLONIANO;RI;RIETI;VIA ORESTE DI FAZIO, 33 - Q.RE CAMPOLONIANO;1,599;07:30-12:30/15:30-19:00;Chiuso;07:30-12:30
12.85855;42.38855;RI RIETI VIA SALARIA (SS4BIS, KM 84,890);RI;RIETI;VIA SALARIA (SS4BIS, KM 84,890);1,572;08:00-13:00/15:00-19:00;Chiuso;08:00-12:30
12.50175;41.6078;RM ARDEA VIA PRATICA DI MARE (SP109B);RM;ARDEA;VIA PRATICA DI MARE (SP109B);1,599;07:30-20:00;07:30-20:00;07:30-20:00
12.8517;41.7413;RM ARTENA SP600, KM 10,450 - C.DA MACERE;RM;ARTENA;SP600, KM 10,450 - C.DA MACERE;1,699;07:15-19:30;08:00-14:00;07:15-19:30
12.6172;42.12265;RM CAPENA A1 ADS MASCHERONE OVEST (KM 535,6);RM;CAPENA;A1 ADS MASCHERONE OVEST (KM 535,6);1,615;00:00-24:00;00:00-24:00;00:00-24:00
11.7959;42.10065;RM CIVITAVECCHIA VIA PECORELLI, 3;RM;CIVITAVECCHIA;VIA PECORELLI, 3;1,699;06:30-12:30/15:30-19:30;07:00-12:30;06:30-19:30
12.987;41.75415;RM COLLEFERRO VIA CASILINA - LOC. PIOMBINARA;RM;COLLEFERRO;VIA CASILINA - LOC. PIOMBINARA;1,749;07:00-19:00;07:00-13:00;07:00-19:00
12.61785;42.1244;RM FIANO ROMANO A1 ADS MASCHERONE EST (KM 535,600);RM;FIANO ROMANO;A1 ADS MASCHERONE EST (KM 535,600);1,629;00:00-24:00;00:00-24:00;00:00-24:00
12.5986;42.138;RM FIANO ROMANO SP15/A VARIANTE TIBERINA;RM;FIANO ROMANO;SP15/A VARIANTE TIBERINA;1,559;00:00-24:00;00:00-24:00;00:00-24:00
12.2401;41.7723;RM FIUMICINO VIA PORTUENSE, KM 24,720;RM;FIUMICINO;VIA PORTUENSE, KM 24,720;1,558;05:00-20:00;Chiuso;05:00-18:00
12.3724;42.0622;RM FORMELLO SS2 CASSIA BIS KM 13,222;RM;FORMELLO;SS2 CASSIA BIS KM 13,222;1,679;06:00-19:15;Chiuso;06:00-13:00
12.7579;41.8924;RM GALLICANO NEL LAZIO A1 ADS PRENESTINA EST (KM 566);RM;GALLICANO NEL LAZIO;A1 ADS PRENESTINA EST (KM 566);1,619;00:00-24:00;00:00-24:00;00:00-24:00
12.7601;41.8884;RM GALLICANO NEL LAZIO A1 ADS PRENESTINA OVEST (KM 566);RM;GALLICANO NEL LAZIO;A1 ADS PRENESTINA OVEST (KM 566);1,599;00:00-24:00;00:00-24:00;00:00-24:00
12.75851;41.9742;RM GUIDONIA MONTECELIO VIA CAMPOLIMPIDO, 2 (SP45A) - LOC. VILLANOVA;RM;GUIDONIA MONTECELIO;VIA CAMPOLIMPIDO, 2 (SP45A) - LOC. VILLANOVA;1,799;06:00-20:00;07:00-20:00;07:00-21:00
12.65836;41.93589;RM GUIDONIA MONTECELIO VIA DELLA TENUTA DEL CAVALIERE, 1 - ZONA C.A.R.;RM;GUIDONIA MONTECELIO;VIA DELLA TENUTA DEL CAVALIERE, 1 - ZONA C.A.R.;1,299;06:00-21:00;Chiuso;06:00-21:00
12.711;41.9688;RM GUIDONIA MONTECELIO VIA DELLE GENZIANE, 13/E (SP14A) - LOC. COLLEFIORITO;RM;GUIDONIA MONTECELIO;VIA DELLE GENZIANE, 13/E (SP14A) - LOC. COLLEFIORITO;1,999;07:00-12:30/15:00-19:00;Chiuso;07:00-12:30/15:00-19:00
12.677;41.95115;RM GUIDONIA MONTECELIO VIA GALILEO GALILEI - LOC. ALBUCCIONE;RM;GUIDONIA MONTECELIO;VIA GALILEO GALILEI - LOC. ALBUCCIONE;1,350;06:30-21:30;06:30-21:30;06:30-21:30
12.6339;41.9685;RM GUIDONIA MONTECELIO VIA PALOMBARESE (SP23A, KM 17,865) - LOC. PARCO AZZURRO;RM;GUIDONIA MONTECELIO;VIA PALOMBARESE (SP23A, KM 17,865) - LOC. PARCO AZZURRO;1,650;07:00-19:00;08:00-13:00;08:00-13:00
12.6543;41.6549;RM LANUVIO SS207 NETTUNENSE, KM 14,021 - LOC. CAMPOLEONE;RM;LANUVIO;SS207 NETTUNENSE, KM 14,021 - LOC. CAMPOLEONE;1,755;07:00-19:00;07:30-12:00;07:00-19:00
12.85735;41.80675;RM PALESTRINA VIA DEGLI OLMI;RM;PALESTRINA;VIA DEGLI OLMI;1,799;06:00-19:00;Chiuso;06:00-19:00
12.49355;41.67005;RM POMEZIA VIA DEL MARE, 87 (SP101A);RM;POMEZIA;VIA DEL MARE, 87 (SP101A);1,599;06:00-19:00;08:00-13:00;06:00-19:00
12.55146;42.26771;RM PONZANO ROMANO SP20A PONZANO-CIVITACASTELLANA - LOC. PRIMARE;RM;PONZANO ROMANO;SP20A PONZANO-CIVITACASTELLANA - LOC. PRIMARE;1,598;06:00-19:50;06:00-13:00;06:00-19:50
12.54685;42.07835;RM RIANO VIA TIBERINA, 110 (KM 10,330);RM;RIANO;VIA TIBERINA, 110 (KM 10,330);1,549;06:30-19:30;Chiuso;06:30-19:30
12.3852;41.9581;RM ROMA A90 -GRA- ADS SELVA CANDIDA ESTERNA (KM 8,375);RM;ROMA;A90 -GRA- ADS SELVA CANDIDA ESTERNA (KM 8,375);1,579;00:00-24:00;00:00-24:00;00:00-24:00
12.4041;41.8205;RM ROMA (C) A91 ADS MAGLIANA NORD (KM 5,657);RM;ROMA;A91 ADS MAGLIANA NORD (KM 5,657);1,529;06:30-21:50;Chiuso;06:30-21:50
12.4066;41.81925;RM ROMA A91 ADS MAGLIANA SUD (KM 5,635);RM;ROMA;A91 ADS MAGLIANA SUD (KM 5,635);1,529;00:00-24:00;00:00-24:00;00:00-24:00
12.5319;41.86344;RM ROMA VIA APPIA NUOVA, 674;RM;ROMA;VIA APPIA NUOVA, 674;2,144;07:00-20:00;07:00.13:30;07:00-20:00
12.5614;41.74835;RM ROMA VIA ARDEATINA (SP3C KM 15,800) - LOC. FALCOGNANA;RM;ROMA;VIA ARDEATINA (SP3C KM 15,800) - LOC. FALCOGNANA;1,799;06:00-22:00;Chiuso;07:00-12:30
12.59055;41.697;RM ROMA VIA ARDEATINA, 2485-2487 - LOC. SANTA PALOMBA;RM;ROMA;VIA ARDEATINA, 2485-2487 - LOC. SANTA PALOMBA;1,699;06:00-20:00;Chiuso;06:00-13:00
12.517604;41.825103;"RM ROMA VIA ARDEATINA; 558 (SP3) ~ LOC. VIGNA MURATA";RM;ROMA;"VIA ARDEATINA; 558 (SP3) ~ LOC. VIGNA MURATA";1,679;07:00-21:00;Chiuso;07:00-21:00
12.5362;41.8033;RM ROMA VIA ARDEATINA, 907 (SP3);RM;ROMA;VIA ARDEATINA, 907 (SP3);1,799;06:00-20:00;08:00-13:00;08:00-20:00
12.401;41.8863;RM ROMA VIA AURELIA, 842 (KM 8,400) - Q.RE AURELIO (XIII);RM;ROMA;VIA AURELIA, 842 (KM 8,400) - Q.RE AURELIO (XIII);1,548;06:00-19:15;06:00-13:30;06:00-19:15
12.58202;41.87015;RM ROMA VIA CASILINA, 1002 (SS6, KM 9,300) - LOC. TORRE SPACCATA;RM;ROMA;VIA CASILINA, 1002 (SS6, KM 9,300) - LOC. TORRE SPACCATA;1,499;07:30–12:30/15:00–18:00;Chiuso;07:30–12:30/15:00–18:00
12.41655;41.9813;RM ROMA VIA CASSIA, 1276;RM;ROMA;VIA CASSIA, 1276;1,799;06:00-20:00;08:00-13:00;06:00-20:00
12.5927;41.8582;RM ROMA VIA DEL FOSSO DI SANTA MAURA, 20 - LOC. TORRE MAURA;RM;ROMA;VIA DEL FOSSO DI SANTA MAURA, 20 - LOC. TORRE MAURA;1,699;06:00-20:30;06:00-20:30;06:00-20:30
12.671;41.87905;RM ROMA VIA DELLA BORGHESIANA, 224;RM;ROMA;VIA DELLA BORGHESIANA, 224;1,539;07:00-19:00;07:00-12:30;07:00-19:00
12.363;41.9633;RM ROMA VIA DELLA STORTA, 420;RM;ROMA;VIA DELLA STORTA, 420;1,599;07:30-12:30/15:00-19:00;Chiuso;07:30-12:30
12.37595;41.76955;RM ROMA VIA DI ACILIA, 365 - LOC. AXA;RM;ROMA;VIA DI ACILIA, 365 - LOC. AXA;1,599;07:00-19:00;08:00-13:00;08:00-19:00
12.3556;42.0627;RM ROMA VIA DI BACCANELLO, 125/127 - LOC. CESANO;RM;ROMA;VIA DI BACCANELLO, 125/127 - LOC. CESANO;1,639;06:30-19:00;Chiuso;07:00-19:00
12.3785;41.9167;RM ROMA VIA DI BOCCEA, 575 - LOC. CASALOTTI;RM;ROMA;VIA DI BOCCEA, 575 - LOC. CASALOTTI;1,638;06:00-21:00;07:00-19:30;06:00-21:00
12.39585;41.9503;RM ROMA VIA DI CASAL DEL MARMO, 329;RM;ROMA;VIA DI CASAL DEL MARMO, 329;1,399;06:00-19:30;07:00-13:00;06:00-19:30
12.3828;41.9358;RM ROMA VIA DI CASAL DEL MARMO, 616;RM;ROMA;VIA DI CASAL DEL MARMO, 616;1,639;06:00-18:30;Chiuso;06:00-18:30
12.500605;41.786008;"RM ROMA VIA DI CASTEL DI LEVA; 108\/110";RM;ROMA;"VIA DI CASTEL DI LEVA; 108\/110";1,699;07:00-13:00/15:00-19:00;Chiuso;07:00-13:00/15:00-19:00
12.3606;41.7638;RM ROMA VIA DI MACCHIA SAPONARA, 135 - LOC. AXA;RM;ROMA;VIA DI MACCHIA SAPONARA, 135 - LOC. AXA;1,749;07:00-13:00/15:00-19:00;Chiuso;08:00-13:00
12.6273;41.8766;RM ROMA VIA DI TOR BELLA MONACA;RM;ROMA;VIA DI TOR BELLA MONACA;1,799;06:00-22:00;06:00-22:00;06:00-22:00
12.5897;41.91865;RM ROMA VIA DI TOR CERVARA - LOC. TOR CERVARA;RM;ROMA;VIA DI TOR CERVARA - LOC. TOR CERVARA;1,799;07:00-12:30/15:30-19:00;Chiuso;07:30-12:30
12.6212;41.83575;RM ROMA VIA DI TOR VERGATA, 337 - LOC. TOR VERGATA;RM;ROMA;VIA DI TOR VERGATA, 337 - LOC. TOR VERGATA;1,799;07:00-12:45/14:30-19:00;Chiuso;07:00-12:45/14:30-19:00
12.58585;41.86075;RM ROMA VIA DI TORRE SPACCATA, 160/162 - LOC. TORRE MAURA;RM;ROMA;VIA DI TORRE SPACCATA, 160/162 - LOC. TORRE MAURA;1,489;07:00-20:00;08:00-13:00;07:00-20:00
12.5135;42.00805;RM ROMA VIA POMONTE, 39/41 - LOC. SETTEBAGNI;RM;ROMA;VIA POMONTE, 39/41 - LOC. SETTEBAGNI;1,855;07:00-20:00;07:30-13:00;07:00-20:00
12.3292;41.81075;RM ROMA VIA PORTUENSE, 1585 A/B - LOC. PONTE GALERIA/NUOVA FIERA DI ROMA;RM;ROMA;VIA PORTUENSE, 1585 A/B - LOC. PONTE GALERIA/NUOVA FIERA DI ROMA;1,899;07:00-19:00;Chiuso;07:00-19:00
12.5928;41.8469;RM ROMA VIA ULDERICO MAZZOLANI - LOC. ROMANINA;RM;ROMA;VIA ULDERICO MAZZOLANI - LOC. ROMANINA;1,699;06:30-19:30;08:30-13:00;06:30-19:30
12.5307;41.96055;RM ROMA VIADOTTO SEGNI, 82;RM;ROMA;VIADOTTO SEGNI, 82;1,749;07:00-19:00;07:00-13:00;07:00-19:00
12.57295;41.8851;RM ROMA VIALE TOGLIATTI, 801 - Q.RE PRENESTINO-CENTOCELLE (XIX);RM;ROMA;VIALE TOGLIATTI, 801 - Q.RE PRENESTINO-CENTOCELLE (XIX);1,479;06:00-20:00;08:00-13:00;06:00-20:00
12.9425;41.76605;RM VALMONTONE VIA DELLA PACE, 14 - LOC. COLLE DELLE MURA;RM;VALMONTONE;VIA DELLA PACE, 14 - LOC. COLLE DELLE MURA;1,799;07:00-19:00;07:00-19:00;07:00-19:00
12.30585;42.45215;VT BASSANO IN TEVERINA SS675 UMBRO-LAZIALE, KM 40,940;VT;BASSANO IN TEVERINA;SS675 UMBRO-LAZIALE, KM 40,940;1,479;05:00-21:00;05:00-21:00;05:00-21:00
12.31975;42.2329;VT NEPI VIA NEPESINA, 149 (SS311, KM 3,320);VT;NEPI;VIA NEPESINA, 149 (SS311, KM 3,320);1,760;07:00-19:00;07:00-12:30;07:00-19:00
12.4067;42.45175;VT ORTE VIA TIBERINA (SP151 KM 31,150);VT;ORTE;VIA TIBERINA (SP151 KM 31,150);1,479;06:00-20:00;Chiuso;06:00-14:00
12.2201;42.2419;VT SUTRI SR2 CASSIA, KM 50,431;VT;SUTRI;SR2 CASSIA, KM 50,431;1,699;07:30-12:30/15:00-19:00;Chiuso;07:30-12:30
11.84625;42.4081;VT TUSCANIA SP TUSCANESE KM 17,570;VT;TUSCANIA;SP TUSCANESE KM 17,570;1,799;07:00-19:30;08:30-12:30;07:00-18:00
12.07175;42.4763;VT VITERBO SS2 CASSIA KM 89,514;VT;VITERBO;SS2 CASSIA KM 89,514;1,598;06:00-19:30;Chiuso;06:00-19:30
12.09405;42.44015;VT VITERBO VIA DELL'INDUSTRIA - LOC. POGGINO;VT;VITERBO;VIA DELL'INDUSTRIA - LOC. POGGINO;1,639;07.30-12.30/15.00-19.00;Chiuso;07.30-12.30
13.4527;42.03875;AQ AVEZZANO VIA BUONARROTI, 118 - LOC. CARUSCINO;AQ;AVEZZANO;VIA BUONARROTI, 118 - LOC. CARUSCINO;1,555;07:30-20:00;08:00-13:00;07:30-24:00
13.44465;42.01925;AQ AVEZZANO VIA NUOVA, 103 - LOC. BORGO VIA NUOVA;AQ;AVEZZANO;VIA NUOVA, 103 - LOC. BORGO VIA NUOVA;1,689;07:30-12:30/15:00-19:00;Chiuso;07:30-12:30
13.4283;42.00635;AQ AVEZZANO VIA SANDRO PERTINI;AQ;AVEZZANO;VIA SANDRO PERTINI;1,575;08:00-18:00;08:30-12:00;08:00-18:00
13.60105;41.7698;AQ BALSORANO SS690 KM 39,310;AQ;BALSORANO;SS690 KM 39,310;1,489;07:00-19:30;Chiuso;07:00-19:30
13.5152;42.324;AQ BARISCIANO SS17, KM 46,535 - LOC. LE PASTINE;AQ;BARISCIANO;SS17, KM 46,535 - LOC. LE PASTINE;1,699;07:00-12:30/15:30-19:00;Chiuso;07:00-12:30
14.0988;41.7669;AQ CASTEL DI SANGRO SS17, KM 149,200;AQ;CASTEL DI SANGRO;SS17, KM 149,200;1,699;08:00-13:00/15:00-20:00;08:00-13:00/15:00-20:00;08:00-13:00/15:00-20:00
13.3749;42.36345;AQ L'AQUILA VIA SUPEREQUM, 4 - LOC. CASERMETTE;AQ;L'AQUILA;VIA SUPEREQUM, 4 - LOC. CASERMETTE;1,699;07:00-19:00;Chiuso;07:00-19:00
13.03713;42.06636;AQ ORICOLA A24 ADS CIVITA SUD KM 48;AQ;ORICOLA;A24 ADS CIVITA SUD KM 48;1,529;00:00-24:00;00:00-24:00;00:00-24:00
13.05676;42.07982;AQ ORICOLA VIA TIBURTINA (SR5, KM 68,300);AQ;ORICOLA;VIA TIBURTINA (SR5, KM 68,300);1,399;08:00-19:00;Chiuso;08:00-19:00
13.9067;42.0755;AQ SULMONA VIALE DELLA REPUBBLICA (EX SS17) - Z.I. S.BRIGIDA;AQ;SULMONA;VIALE DELLA REPUBBLICA (EX SS17) - Z.I. S.BRIGIDA;1,575;07:00-19:00;07:00-19:00;07:00-19:00
13.30245;42.05295;AQ TAGLIACOZZO VIA TIBURTINA VALERIA (SS5, KM 102);AQ;TAGLIACOZZO;VIA TIBURTINA VALERIA (SS5, KM 102);1,549;07:00-13:00/15:00-19:00;Chiuso;07:00-13:00
14.63901;42.17071;CH CASALBORDINO SS16, KM 503,200;CH;CASALBORDINO;SS16, KM 503,200;1,548;06:00-22:00;06:00-22:00;06:00-22:00
14.1543;42.3755;CH CHIETI SS656, KM 1,896 - LOC. CHIETI SCALO;CH;CHIETI;SS656, KM 1,896 - LOC. CHIETI SCALO;1,499;07:30-19:00;Chiuso;07:30-19:00
14.10715;42.32845;CH CHIETI VIA ATERNO (SR5, KM 215) - LOC. BRECCIAROLA;CH;CHIETI;VIA ATERNO (SR5, KM 215) - LOC. BRECCIAROLA;1,548;06:00-22:00;06:00-22:00;06:00-22:00
14.6664;41.9478;CH DOGLIOLA VIA FONDO VALLE TRIGNO, 8 (SS650) - LOC. LA FARA;CH;DOGLIOLA;VIA FONDO VALLE TRIGNO, 8 (SS650) - LOC. LA FARA;1,377;06:00-20:00;08:00-17:00;08:00-17:00
14.41955;42.21735;CH LANCIANO CONTRADA ICONICELLA, 326/B;CH;LANCIANO;CONTRADA ICONICELLA, 326/B;1,539;06:30-20:30;07:30-13:00;06:30-20:30
14.28825;42.3864;CH MIGLIANICO A14 ADS ALENTO OVEST (KM. 393,900);CH;MIGLIANICO;A14 ADS ALENTO OVEST (KM. 393,900);1,704;00:00-24:00;00:00-24:00;00:00-24:00
14.46075;42.1795;CH MOZZAGROGNA SS652 FONDO VALLE, KM 74,300 - C.DA CASTEL DI SETTE;CH;MOZZAGROGNA;SS652 FONDO VALLE, KM 74,300 - C.DA CASTEL DI SETTE;1,499;07:30-19:30;Chiuso;07:30-14:00
14.37625;42.3434;CH ORTONA C.DA S. LIBERATA (SP62);CH;ORTONA;C.DA S. LIBERATA (SP62);1,799;06:00-21:00;Chiuso;07:00-19:30
14.43065;42.25975;CH ROCCA SAN GIOVANNI C.DA SANTA CALCAGNA;CH;ROCCA SAN GIOVANNI;C.DA SANTA CALCAGNA;1,548;06:00-22:00;06:00-22:00;06:00-22:00
14.19205;42.42875;CH SAN GIOVANNI TEATINO VIA BOLZANO - LOC. SAMBUCETO;CH;SAN GIOVANNI TEATINO;VIA BOLZANO - LOC. SAMBUCETO;1,597;07:00-20:30;08:30-12:30;07:00-20:30
14.75705;42.05595;CH SAN SALVO STRADA DEL VECCHIO MULINO (SS16, KM 524);CH;SAN SALVO;STRADA DEL VECCHIO MULINO (SS16, KM 524);1,498;06:00-21:00;07:00-20:00;06:00-21:00
14.15135;42.41305;PE CEPAGATTI VIA D'ANNUNZIO (SS602 KM 6,200) - LOC. VILLANOVA;PE;CEPAGATTI;VIA D'ANNUNZIO (SS602 KM 6,200) - LOC. VILLANOVA;1,497;07:00-20:00;Chiuso;07:00-20:00
14.1167;42.3396;PE CEPAGATTI VIA ELSA MORANTE - LOC. VILLAREIA/PONTE DELLE FASCINE;PE;CEPAGATTI;VIA ELSA MORANTE - LOC. VILLAREIA/PONTE DELLE FASCINE;1,447;06:30-21:00;08:00-13:00/15:00-18:00;06:30-21:00
14.14285;42.3984;PE CEPAGATTI VIA LOMBARDIA;PE;CEPAGATTI;VIA LOMBARDIA;1,499;07:00-12:30/14:30-19:00;Chiuso;07:00-13:00
14.134105;42.518608;"PE CITTÀ SANT'ANGELO VIA LUNGOFINO; 6 (SP2; KM 0;800) ~ LOC. SAN MARTINO BASSA";PE;CITTÀ SANT'ANGELO;"VIA LUNGOFINO; 6 (SP2; KM 0;800) ~ LOC. SAN MARTINO BASSA";1,497;06:30-21:00;07:30-20:00;06:30-21:00
14.1055;42.49815;PE CITTÀ SANT'ANGELO VIA PIANO DI SACCO (SP2, KM 4,442) - LOC. VERTONICA;PE;CITTÀ SANT'ANGELO;VIA PIANO DI SACCO (SP2, KM 4,442) - LOC. VERTONICA;1,495;07:00-12:30/15:00-19:00;08:30–12:30/15:30-19:00;07:00-12:30/15:00-19:00
14.0491;42.44465;PE COLLECORVINO VIALE ITALIA, 131 (SS151, KM 13,925) - C.DA CEPRANETO;PE;COLLECORVINO;VIALE ITALIA, 131 (SS151, KM 13,925) - C.DA CEPRANETO;1,497;06:30-21:00;07:30-13:00/15:00-20:00;06:30-21:00
14.17345;42.4917;PE MONTESILVANO VIA CERVINO, 1 BIS;PE;MONTESILVANO;VIA CERVINO, 1 BIS;1,447;06:30-20:00;06:30-12:30;06:30-20:00
13.9299;42.4233;PE PENNE SS81 KM 107,849 - C.DA SANTA MARIA MIRABEL;PE;PENNE;SS81 KM 107,849 - C.DA SANTA MARIA MIRABEL;1,495;06:00-12:30/15:00-19:30;Chiuso;06:00-12:30/15:00-19:30
14.20385;42.4622;PE PESCARA VIA VALLE ROVETO 12;PE;PESCARA;VIA VALLE ROVETO 12;1,599;07:30-19:30;Chiuso;07:30-13:00
14.15475;42.41715;PE SPOLTORE VIA MAIELLA, 74 (SS602) - LOC. SANTA TERESA;PE;SPOLTORE;VIA MAIELLA, 74 (SS602) - LOC. SANTA TERESA;1,447;08:00-19:15;08:00-19:15;08:00-19:15
13.80995;42.62645;TE CANZANO SS 150 KM 19,0 - LOC. PIANO DI CORTE;TE;CANZANO;SS 150 KM 19,0 - LOC. PIANO DI CORTE;1,649;07:00-21:00;Chiuso;07:00-13:00
13.898;42.83315;TE CORROPOLI VIALE ADRIATICO, 168 (SS259 KM 1,800);TE;CORROPOLI;VIALE ADRIATICO, 168 (SS259 KM 1,800);1,457;07:00-13:00/14:30-19:30;Chiuso;07:00-13:00/14:30-19:30
13.9509;42.7297;TE GIULIANOVA VIA CUPA, 80 - LOC. COLLERANESCO 8;TE;GIULIANOVA;VIA CUPA, 80 - LOC. COLLERANESCO 8;1,499;06:30-21:00;06:30-21:00;06:30-21:00
14.0683;42.60255;TE PINETO SS16 ADRIATICA KM 428,150;TE;PINETO;SS16 ADRIATICA KM 428,150;1,359;06:30-21:00;06:30-21:00;06:30-21:00
13.976;42.6496;TE ROSETO DEGLI ABRUZZI VIA VAL VOMANO, 28 (SS150) - C.DA CASALE;TE;ROSETO DEGLI ABRUZZI;VIA VAL VOMANO, 28 (SS150) - C.DA CASALE;1,399;07:00-13:00/15:00-19:00;Chiuso;07:00-13:00
14.12603;42.53837;TE SILVI SS16 ADRIATICA, KM 437,000 - LOC. SILVI MARINA;TE;SILVI;SS16 ADRIATICA, KM 437,000 - LOC. SILVI MARINA;1,399;06:30-13:00/14:30-19:30;Chiuso;06:30-13:00/14:30-19:30
13.7587;42.68;TE TERAMO SP18 - LOC. PIANO D'ACCIO;TE;TERAMO;SP18 - LOC. PIANO D'ACCIO;1,550;06:30-20:30;Chiuso;06:30-20:30
13.77635;42.68835;TE TERAMO SS80 KM 82,500 - C.DA FIUMICINO;TE;TERAMO;SS80 KM 82,500 - C.DA FIUMICINO;1,450;06:30-21:00;06:30-21:00;06:30-21:00
13.7141;42.65315;TE TERAMO SS80VAR, KM 4,300;TE;TERAMO;SS80VAR, KM 4,300;1,449;06:00-21:00;08:00-13:00;06:00-21:00
13.8061;42.6941;TE TERAMO SUPERSTRADA TERAMO-MARE (SS80R, KM 6,400) - ADS VAL TORDINO EST;TE;TERAMO;SUPERSTRADA TERAMO-MARE (SS80R, KM 6,400) - ADS VAL TORDINO EST;1,758;07:30-19:00 giovedì: 07:30-12:30/15:30-19;07:30-12:30/15:30-19:00;07:30-19:00
13.6869;42.6709;TE TERAMO VIA DELLO SPORT - LOC. SCAPRIANO;TE;TERAMO;VIA DELLO SPORT - LOC. SCAPRIANO;1,598;06:30-20:00;06:30-19:30;06:30-19:30
13.8756;42.79415;TE TORTORETO SP8 FONDOVALLE SALINELLO KM 6,200 - LOC. PONTE POGGIO MORELLO;TE;TORTORETO;SP8 FONDOVALLE SALINELLO KM 6,200 - LOC. PONTE POGGIO MORELLO;1,599;07:00-12:30/15:30-19:00;Chiuso;07:00-12:30/15:30-19:00
14.4575;41.50695;CB BOJANO VIA CAMPI MARZI, 25 - LOC. REMETE;CB;BOJANO;VIA CAMPI MARZI, 25 - LOC. REMETE;1,549;07:30-13:30/14:00-19:30;08:00-13:00;07:30-13:30/14:00-19:30
14.647;41.5707;CB CAMPOBASSO C.DA MACCHIE, 96;CB;CAMPOBASSO;C.DA MACCHIE, 96;1,647;07:30-19:30;07:30-13:00;07:30-19:30
14.5361;41.4902;CB COLLE D'ANCHISE SS647DIR BIFERNINA, KM 2,500 - C.DA FONTE ANGELICA;CB;COLLE D'ANCHISE;SS647DIR BIFERNINA, KM 2,500 - C.DA FONTE ANGELICA;1,549;06:00-20:45;07:00-20:00;06:00-20:45
14.99315;41.9594;CB TERMOLI SS87 SANNITICA, KM 218,743 (DIR. CAMPOBASSO);CB;TERMOLI;SS87 SANNITICA, KM 218,743 (DIR. CAMPOBASSO);1,444;05:00-21:00;06:00-21:00;05:00-21:00
15.0042;41.9723;CB TERMOLI VIA DELLE ACACIE, 2;CB;TERMOLI;VIA DELLE ACACIE, 2;1,498;06:30-20:30;06:30-20:30;06:30-20:30
14.59345;40.9516;AV AVELLA VIA NAZIONALE DELLE PUGLIE, 25 (SS7 BIS) - C.DA PURGATORIO;AV;AVELLA;VIA NAZIONALE DELLE PUGLIE, 25 (SS7 BIS) - C.DA PURGATORIO;1,729;08:00-23:00;08:00-23:00;08:00-23:00
14.5887;40.9517;AV AVELLA VIA NAZIONALE DELLE PUGLIE, 4 (SS7 BIS);AV;AVELLA;VIA NAZIONALE DELLE PUGLIE, 4 (SS7 BIS);1,899;05:00-23:50;05:00-23:50;05:00-23:50
14.81938;40.92926;AV AVELLINO SC PIANODARDINE - ZONA INDUSTRALE EST;AV;AVELLINO;SC PIANODARDINE - ZONA INDUSTRALE EST;1,499;07:00-20:00;08:00-13:00;07:00-20:00
15.08485;41.06465;AV GROTTAMINARDA SS90VAR., DIR. NORD-EST (KM 866);AV;GROTTAMINARDA;SS90VAR., DIR. NORD-EST (KM 866);1,625;00:00-24:00;00:00-24:00;00:00-24:00
15.0735;41.0702;AV GROTTAMINARDA VIA NAZIONALE BARONIA, 1 (SS91, KM 1,174) - LOC. FONTANELLE;AV;GROTTAMINARDA;VIA NAZIONALE BARONIA, 1 (SS91, KM 1,174) - LOC. FONTANELLE;1,690;05:00-21:30;06:30-20:30;05:00-21:30
15.15915;40.89815;AV LIONI SS400 (EX SS7 APPIA), KM 33.530;AV;LIONI;SS400 (EX SS7 APPIA), KM 33.530;1,625;08:00-19:00;08:00-12:30;08:00-19:00
14.8351;40.95525;AV MANOCALZATI SS7 VIA APPIA, KM 305,500;AV;MANOCALZATI;SS7 VIA APPIA, KM 305,500;1,499;06:00-22:00;06:00-22:00;06:00-22:00
14.74905;40.91525;AV MERCOGLIANO VIA MANCINI, 15 (SS374, KM 0,800) - C.DA MACERA;AV;MERCOGLIANO;VIA MANCINI, 15 (SS374, KM 0,800) - C.DA MACERA;1,499;07:00-21:00;07:00-19:00;07:00-21:00
14.7796;40.82015;AV MONTORO VIA ABATE F. GALIANI (SP145) - LOC. SAN PIETRO;AV;MONTORO;VIA ABATE F. GALIANI (SP145) - LOC. SAN PIETRO;1,469;06:00-00:30;06:00-00:30;06:00-00:30
14.83898;40.96879;AV PRATOLA SERRA SS7BIS, KM 304,200;AV;PRATOLA SERRA;SS7BIS, KM 304,200;1,499;07:00-20:00;07:00-13:00;07:00-20:00
14.8323;41.14265;BN BENEVENTO SS90 BIS KM 5,000 - Z.I. PONTE VALENTINO;BN;BENEVENTO;SS90 BIS KM 5,000 - Z.I. PONTE VALENTINO;1,479;06:30-20:00;07:30-12:30/16:00-19:00;06:30-20:00
14.80375;41.11555;BN BENEVENTO VIALE ALDO MORO;BN;BENEVENTO;VIALE ALDO MORO;1,935;06:30-21:30;07:30-12:30;06:30-21:30
14.56055;41.07719;BN BUCCIANO SP115 FONDO VALLE ISCLERO;BN;BUCCIANO;SP115 FONDO VALLE ISCLERO;1,699;06:30-20:30;08:00-13:00/15:00-20:00;06:30-20:30
14.6757;41.151;BN FOGLIANISE VIA PROVINCIALE VITULANESE (SP152, KM 5,560);BN;FOGLIANISE;VIA PROVINCIALE VITULANESE (SP152, KM 5,560);1,598;06:00-20:30;07:00-13:00;06:00-20:30
14.6341;41.0544;BN MONTESARCHIO VIA ANNUNZIATA VECCHIA;BN;MONTESARCHIO;VIA ANNUNZIATA VECCHIA;1,598;05:30-21:00;07:00-13:00;05:30-21:00
14.5704;41.0423;BN PAOLISI VIA APPIA (SS7, KM 237,300) - C.DA TAVERNOLA;BN;PAOLISI;VIA APPIA (SS7, KM 237,300) - C.DA TAVERNOLA;1,799;06:00-22:00;08:00-13:00/15:30-20:00;06:00-22:00
14.64285;41.2118;BN PAUPISI SS372 TELESINA (KM 51,500) - LOC. SAN PIETRO;BN;PAUPISI;SS372 TELESINA (KM 51,500) - LOC. SAN PIETRO;1,549;05:00-23:00;05:00-23:00;05:00-23:00
14.49485;41.2287;BN SAN SALVATORE TELESINO SS372 (KM 37,100);BN;SAN SALVATORE TELESINO;SS372 (KM 37,100);1,549;00:00-24:00;00:00-24:00;00:00-24:00
14.48168;41.22591;BN SAN SALVATORE TELESINO VIA CESE NOVE, 3 (SP73 TELESE-ALIFE);BN;SAN SALVATORE TELESINO;VIA CESE NOVE, 3 (SP73 TELESE-ALIFE);1,479;07:30-21:00;07:00-13:00/14:30-19:30;06:00-21:00
14.33105;41.3066;CE ALIFE SP330 (EX SS158) - C.DA MULINO VERNELLE;CE;ALIFE;SP330 (EX SS158) - C.DA MULINO VERNELLE;1,548;06:00-21:30;07:00-13:00/14:00-19:00;06:00-21:30
14.21255;40.95395;CE AVERSA VIA ANTONIO GRAMSCI;CE;AVERSA;VIA ANTONIO GRAMSCI;1,599;06:00-21:00;06:00-21:00;06:00-21:00
14.20975;40.9599;CE AVERSA VIALE KENNEDY (ANG. VIA JASI);CE;AVERSA;VIALE KENNEDY (ANG. VIA JASI);1,466;07:00-20:00;Chiuso;07:00-13:00
14.2905;41.129;CE CAPUA SP4, 16 - LOC. DIGA VOLTURNO;CE;CAPUA;SP4, 16 - LOC. DIGA VOLTURNO;1,499;06:00-20:30;07:00–13:00/15:30–20:00;06:00-20:30
14.2273;41.09555;CE CAPUA VIA SANTA MARIA CAPUA VETERE (SS7 APPIA, KM 203,374);CE;CAPUA;VIA SANTA MARIA CAPUA VETERE (SS7 APPIA, KM 203,374);1,599;06:00-21:00;06:00-13:00/14:00-20:00;06:00-21:00
14.23648;41.01666;CE CARINARO SP335, KM 36,950;CE;CARINARO;SP335, KM 36,950;1,629;00:00-24:00;00:00-24:00;00:00-24:00
14.3014;41.08035;CE CASAGIOVE VIA TIFATA;CE;CASAGIOVE;VIA TIFATA;1,579;06:00-22:00;06:00-22:00;06:00-22:00
14.3611;41.058;CE CASERTA TANGENZIALE (SS700, KM 4,112);CE;CASERTA;TANGENZIALE (SS700, KM 4,112);1,549;06:00-21:00;06:00-21:00;06:00-21:00
14.344;41.0489;CE CASERTA VIA APPIA ANG. VIA R. FORLANI;CE;CASERTA;VIA APPIA ANG. VIA R. FORLANI;1,409;07:00-20:00;Chiuso;08:00-20:00
14.369;41.06;CE CASERTA VIA GALATINA - LOC. S.CLEMENTE;CE;CASERTA;VIA GALATINA - LOC. S.CLEMENTE;1,449;07:00-20:00;08:00-13:00;07:00-17:00
14.3248;41.28235;CE DRAGONI VIA BONIFICA - LOC. PEZZE LONGHE;CE;DRAGONI;VIA BONIFICA - LOC. PEZZE LONGHE;1,547;06:00-20:00;06:00-13:00;06:00-20:00
14.0718;41.17725;CE FRANCOLISE VIA APPIA (SS7, KM 185,400);CE;FRANCOLISE;VIA APPIA (SS7, KM 185,400);1,599;05:30-22:45;Chiuso;05:30-22:45
14.1826;40.95385;CE LUSCIANO SS265/SP335, KM 48;CE;LUSCIANO;SS265/SP335, KM 48;1,499;00:00-24:00;00:00-24:00;00:00-24:00
14.4332;41.02485;CE MADDALONI VIA APPIA (SS7, KM 224,900) - LOC. MONTEDECORO;CE;MADDALONI;VIA APPIA (SS7, KM 224,900) - LOC. MONTEDECORO;1,549;07:00-12:30/14:00-19:00;Chiuso;07:00-12:30
14.39338;41.0051;CE MADDALONI VIA CALABRICITO (SP7) - LOC. CALABRICITO;CE;MADDALONI;VIA CALABRICITO (SP7) - LOC. CALABRICITO;1,749;05:00-21:00;05:00-21:00;05:00-21:00
14.368;41.01695;CE MADDALONI VIA FICUCELLA II TRATTO, 15 - LOC. MASSERIA DEL VESCOVO;CE;MADDALONI;VIA FICUCELLA II TRATTO, 15 - LOC. MASSERIA DEL VESCOVO;1,549;06:00-20:00;07:00-13:00;06:00-20:00
14.35443;41.02182;CE MADDALONI VIA NAPOLI, 477 (SS265, KM 25+802);CE;MADDALONI;VIA NAPOLI, 477 (SS265, KM 25+802);1,549;06:00-23:00;06:00-23:00;06:00-23:00
14.3979;41.04305;CE MADDALONI VIA PONTI DELLA VALLE, 8 (SS265) - LOC. MADDALONI SUPERIORE;CE;MADDALONI;VIA PONTI DELLA VALLE, 8 (SS265) - LOC. MADDALONI SUPERIORE;1,549;05:00-22:00;05:00-22:00;05:00-22:00
14.3136;41.0248;CE MARCIANISE VIA XXV APRILE, 5 - LOC. GROIA;CE;MARCIANISE;VIA XXV APRILE, 5 - LOC. GROIA;1,447;06:00-20:00;Chiuso;06:00-20:00
14.1739;41.16005;CE PASTORANO VIA APPIA (SS7 KM 194,425) - C.DA SPARTIMENTO;CE;PASTORANO;VIA APPIA (SS7 KM 194,425) - C.DA SPARTIMENTO;1,579;06:00-20:00;07:30-12:30;06:00-20:00
14.166;41.3174;CE PIETRAVAIRANO SS372 TELESINA, KM 6,161;CE;PIETRAVAIRANO;SS372 TELESINA, KM 6,161;1,399;06:30-21:00;08:00-21:00;06:30-21:00
14.16995;40.99383;CE SAN MARCELLINO CORSO EUROPA (SP15);CE;SAN MARCELLINO;CORSO EUROPA (SP15);1,399;06:00-22:00;06:00-22:00;06:00-22:00
14.3251;41.03555;CE SAN MARCO EVANGELISTA VIALE CARLO III DI BORBONE;CE;SAN MARCO EVANGELISTA;VIALE CARLO III DI BORBONE;1,447;06:00-22:00;06:00-22:00;06:00-22:00
14.3226;41.05015;CE SAN NICOLA LA STRADA A1 ADS SAN NICOLA EST (KM 737.2);CE;SAN NICOLA LA STRADA;A1 ADS SAN NICOLA EST (KM 737.2);1,759;00:00-24:00;00:00-24:00;00:00-24:00
14.14455;41.09095;CE SANTA MARIA LA FOSSA CORSO UMBERTO I (SP 333 - KM 19.625);CE;SANTA MARIA LA FOSSA;CORSO UMBERTO I (SP 333 - KM 19.625);1,658;08:00-20:00;08:00-18:30;08:00-20:00
14.21575;40.99435;CE TEVEROLA VIA FRATTE;CE;TEVEROLA;VIA FRATTE;1,599;07:00-21:00;07:00-21:00;07:00-21:00
14.1452;40.9748;CE TRENTOLA DUCENTA SP TRENTOLA-ISCHITELLA KM 1,200;CE;TRENTOLA DUCENTA;SP TRENTOLA-ISCHITELLA KM 1,200;1,399;07:00-20:30;07:00-13:00;07:00-21:00
14.1521;40.9755;CE TRENTOLA DUCENTA SP TRENTOLA-ISCHITELLA, KM 0,600;CE;TRENTOLA DUCENTA;SP TRENTOLA-ISCHITELLA, KM 0,600;1,399;06:00-21:00;06:00-21:00;06:00-21:00
14.414;41.0682;CE VALLE DI MADDALONI SS335 KM 17,315;CE;VALLE DI MADDALONI;SS335 KM 17,315;1,549;00:00-24:00;00:00-24:00;00:00-24:00
14.1038;40.9793;CE VILLA LITERNO SP 18 KM 12+500 DIR. SUD;CE;VILLA LITERNO;SP 18 KM 12+500 DIR. SUD;1,449;05:00-20:30;05:30-20:00;05:00-20:30
14.359;40.92738;NA ACERRA CONTRADA MARCHESA 323 (SS162 KM 3,848) - LOC. CAPOMAZZO;NA;ACERRA;CONTRADA MARCHESA 323 (SS162 KM 3,848) - LOC. CAPOMAZZO;1,471;07:00-12:30/15:00-19:00;Chiuso;07:00-12:30
14.3864;40.92135;NA ACERRA SP POMIGLIANO-ACERRA - C.DA ARIA DI SETTEMBRE;NA;ACERRA;SP POMIGLIANO-ACERRA - C.DA ARIA DI SETTEMBRE;1,499;05:30-21:00;07:30-20:30;05:30-21:00
14.30405;40.9446;NA AFRAGOLA STR.COM.LE VIOTTOLO DEI SERPI - LOC. SAN PAOLO AL TRIVIO;NA;AFRAGOLA;STR.COM.LE VIOTTOLO DEI SERPI - LOC. SAN PAOLO AL TRIVIO;1,599;06:00-20:30;07:00-14:00/16:00-21:00;06:00-20:30
14.35225;40.9313;NA AFRAGOLA VIA MARZIASEPE - LOC. CAPO MAZZO;NA;AFRAGOLA;VIA MARZIASEPE - LOC. CAPO MAZZO;1,480;00:00-24:00;00:00-24:00;00:00-24:00
14.34565;40.92125;NA AFRAGOLA VIA SAGGESE, 81;NA;AFRAGOLA;VIA SAGGESE, 81;1,659;06:00-22:00;06:00-22:00;06:00-22:00
14.055513;40.806;"NA BACOLI VIA MERCATO DI SABATO; 66";NA;BACOLI;"VIA MERCATO DI SABATO; 66";1,799;07:30-12:30/15:00-19:00;Chiuso;07:30-12:30
14.5498;40.78815;NA BOSCOREALE VIA MARRA, 302;NA;BOSCOREALE;VIA MARRA, 302;1,290;07:00-21:00;07:00-13:00;07:00-21:00
14.31225;40.9805;NA CAIVANO SP498 SANNITICA, KM 15,586 - C.DA SELCIATA;NA;CAIVANO;SP498 SANNITICA, KM 15,586 - C.DA SELCIATA;1,575;05:30-21:30;07:30-13:30/16:00-21:30;05:30-21:30
14.2934;40.92935;NA CARDITO CORSO ITALIA;NA;CARDITO;CORSO ITALIA;1,599;07:00-20:00;n.p.;07:00-20:00
14.36045;40.91175;NA CASALNUOVO DI NAPOLI VIALE DEI TIGLI, 782 - LOC. LICIGNANO;NA;CASALNUOVO DI NAPOLI;VIALE DEI TIGLI, 782 - LOC. LICIGNANO;1,625;06:00-22:00;06:00-22:00;06:00-22:00
14.249;40.922;NA CASANDRINO VIA BORSELLINO, 129;NA;CASANDRINO;VIA BORSELLINO, 129;1,595;06:30-19:00;07:00-13:00;06:30-19:00
14.2461;40.9332;NA CASANDRINO VIALE PARCO D'ANGELO, 1;NA;CASANDRINO;VIALE PARCO D'ANGELO, 1;1,595;07:30-21:00;07:30-13:30;07:30-21:00
14.31955;40.8841;NA CASORIA VIA NAZIONALE DELLE PUGLIE, 176A (SS7 BIS);NA;CASORIA;VIA NAZIONALE DELLE PUGLIE, 176A (SS7 BIS);1,639;06:30-20:30;06:30-13:30/16:30-20:30;06:30-20:30
14.41604;40.92006;NA CASTELLO DI CISTERNA VIA PAOLO BORSELLINO, 118;NA;CASTELLO DI CISTERNA;VIA PAOLO BORSELLINO, 118;1,799;06:00-22:00;06:00-23:00;06:00-23:00
14.35865;40.83335;NA ERCOLANO VIA SACERDOTE BENEDETTO COZZOLINO, 24BIS;NA;ERCOLANO;VIA SACERDOTE BENEDETTO COZZOLINO, 24BIS;1,699;07:00-12:30/15:00-19:00;Chiuso;07:00-12:30
14.283516;40.927072;"NA FRATTAMAGGIORE EXSS87 NC SANNITICA NUOVA; KM 5;100 (DIR. SUD)";NA;FRATTAMAGGIORE;"EXSS87 NC SANNITICA NUOVA; KM 5;100 (DIR. SUD)";1,549;06:00-21:00;07:00-13:00;06:00-21:00
14.2227;40.93305;NA GIUGLIANO IN CAMPANIA VIA APPIA (SS7BIS, KM 19,800);NA;GIUGLIANO IN CAMPANIA;VIA APPIA (SS7BIS, KM 19,800);1,499;00:00-24:00;00:00-24:00;00:00-24:00
14.1777;40.9392;NA GIUGLIANO IN CAMPANIA VIA NUOVA SANT'ANTONIO;NA;GIUGLIANO IN CAMPANIA;VIA NUOVA SANT'ANTONIO;1,595;00:00-24:00;00:00-24:00;00:00-24:00
14.08035;40.88645;NA GIUGLIANO IN CAMPANIA VIA SAN NULLO, 141/G - LOC. LICOLA;NA;GIUGLIANO IN CAMPANIA;VIA SAN NULLO, 141/G - LOC. LICOLA;1,595;06:00-22:00;06:00-22:00;06:00-22:00
14.12064;40.95886;NA GIUGLIANO IN CAMPANIA VIA SANTA MARIA A CUBITO, 42 (SP58, KM 3,800);NA;GIUGLIANO IN CAMPANIA;VIA SANTA MARIA A CUBITO, 42 (SP58, KM 3,800);1,499;07:00-13:00/16:00-20:00;Chiuso;07:00-13:00/16:00-20:00
14.14589;40.90172;NA MARANO DI NAPOLI VIA CASTEL BELVEDERE - LOC. SAN ROCCO;NA;MARANO DI NAPOLI;VIA CASTEL BELVEDERE - LOC. SAN ROCCO;1,695;07:30-12:30/15:00-18:00;Chiuso;07:30-12:30/15:00-18:00
14.21525;40.90325;NA MUGNANO DI NAPOLI VIA PAPA SNC;NA;MUGNANO DI NAPOLI;VIA PAPA SNC;1,489;06:00-22:00;06:00-22:00;06:00-22:00
14.2105;40.91665;NA MUGNANO DI NAPOLI VIA PIETRO NENNI 11;NA;MUGNANO DI NAPOLI;VIA PIETRO NENNI 11;1,499;06:00-22:00;06:00-22:00;06:00-22:00
14.2616;40.90205;NA NAPOLI VIA COMUNALE LIMITONE D'ARZANO - Q.RE SCAMPIA;NA;NAPOLI;VIA COMUNALE LIMITONE D'ARZANO - Q.RE SCAMPIA;1,595;00:00-24:00;00:00-24:00;00:00-24:00
14.3069;40.88105;NA NAPOLI VIA DETTA NUOVA CASORIA, 38 - RIONE DELLA BUSSOLA;NA;NAPOLI;VIA DETTA NUOVA CASORIA, 38 - RIONE DELLA BUSSOLA;1,899;06:30-21:00;Chiuso;06:30-21:00
14.217;40.88425;NA NAPOLI VIA NUOVA TOSCANELLA, 183 - LOC. CHIAIANO;NA;NAPOLI;VIA NUOVA TOSCANELLA, 183 - LOC. CHIAIANO;1,869;06:30-21:00;06:00-14:00;06:30-21:00
14.220707;40.877201;"NA NAPOLI VIA NUOVA TOSCANELLA; 30 ~ LOC. S. CROCE";NA;NAPOLI;"VIA NUOVA TOSCANELLA; 30 ~ LOC. S. CROCE";1,869;06:30-23:00;06:30-23:00;06:30-23:00
14.17267;40.85106;NA NAPOLI VIA PROVINCIALE MONTAGNA SPACCATA, 297 (SP56) - LOC. PIANURA;NA;NAPOLI;VIA PROVINCIALE MONTAGNA SPACCATA, 297 (SP56) - LOC. PIANURA;1,329;06:00-23:30;07:00-23:30;06:00-23:30
14.2147;40.89595;NA NAPOLI VIA SANTA MARIA A CUBITO 728;NA;NAPOLI;VIA SANTA MARIA A CUBITO 728;1,434;07:30-12:30/15:00-19:00;Chiuso;07:30-12:30
14.49594;40.86241;NA OTTAVIANO VIA BOSCO DEL GAUDIO, 21/C;NA;OTTAVIANO;VIA BOSCO DEL GAUDIO, 21/C;1,310;05:00-24:00;05:00-24:00;05:00-24:00
14.5395;40.855;NA PALMA CAMPANIA VIA PUCECCA;NA;PALMA CAMPANIA;VIA PUCECCA;1,310;06:00-22:00;06:00-22:00;06:00-22:00
14.5474;40.83315;NA PALMA CAMPANIA VIA TAVERNA NOVA;NA;PALMA CAMPANIA;VIA TAVERNA NOVA;1,390;06:30-20:30;06:30-13:30/15:30-20:30;06:30-20:30
14.5276;40.7929;NA POGGIOMARINO VIA PASSANTI FLOCCO;NA;POGGIOMARINO;VIA PASSANTI FLOCCO;1,390;06:00-12:30/15:00-22:00;Chiuso;06:00-12:30/15:00-22:00
14.3712;40.8764;NA POLLENA TROCCHIA SS162DIR - LOC. MUSCI (DIR. NA);NA;POLLENA TROCCHIA;SS162DIR - LOC. MUSCI (DIR. NA);1,699;06:00-22:00;06:00-22:00;06:00-22:00
14.369703;40.870653;"NA POLLENA TROCCHIA SS268 DEL VESUVIO; KM 1;149 ~ LOC. PONTE COZZOLINO";NA;POLLENA TROCCHIA;"SS268 DEL VESUVIO; KM 1;149 ~ LOC. PONTE COZZOLINO";1,499;06:00-22:00;08:00-14:00/16:30-20:30;06:00-22:00
14.4106;40.90185;NA POMIGLIANO D'ARCO VIA POMIGLIANO (SP330);NA;POMIGLIANO D'ARCO;VIA POMIGLIANO (SP330);1,499;06:00-21:00;07:30-20:00;06:00-21:00
14.51616;40.73484;NA POMPEI VIA MARICONDA - LOC. MARICONDA;NA;POMPEI;VIA MARICONDA - LOC. MARICONDA;1,499;06:30-13:00/15:30-21:00;06:30-13:00/15:30-21:00;06:30-13:00/15:30-21:00
14.13055;40.8644;NA POZZUOLI VIA PIANURA, 7/G (SP56) - LOC. MONTAGNA SPACCATA;NA;POZZUOLI;VIA PIANURA, 7/G (SP56) - LOC. MONTAGNA SPACCATA;1,299;06:00-24:00;06:00-24:00;06:00-24:00
14.1273;40.9302;NA QUALIANO VIA CIRCUMVALLAZIONE ESTERNA, 207 - LOC. GLICINE-TEOREMA;NA;QUALIANO;VIA CIRCUMVALLAZIONE ESTERNA, 207 - LOC. GLICINE-TEOREMA;1,695;00:00-24:00;00:00-24:00;00:00-24:00
14.1272;40.8775;NA QUARTO CORSO ITALIA;NA;QUARTO;CORSO ITALIA;1,592;00:00-24:00;00:00-24:00;00:00-24:00
14.5281;40.8704;NA SAN GENNARO VESUVIANO STRADA PROVINCIALE NOLA - S. GENNARO;NA;SAN GENNARO VESUVIANO;STRADA PROVINCIALE NOLA - S. GENNARO;1,310;07:30-21:00;07:30-21:00;07:30-21:00
14.49144;40.9348;NA SAN VITALIANO VIA PAGLIARELLA;NA;SAN VITALIANO;VIA PAGLIARELLA;1,569;00:00-24:00;00:00-24:00;00:00-24:00
14.388;40.893;NA SANT'ANASTASIA SS162DIR (KM 8.950 DIR. POMIGLIANO);NA;SANT'ANASTASIA;SS162DIR (KM 8.950 DIR. POMIGLIANO);1,699;04:30-20:30;06:00-14:00;05:00-20:30
14.2253;40.935;NA SANT'ANTIMO VIA DANTE ALIGHIERI;NA;SANT'ANTIMO;VIA DANTE ALIGHIERI;1,459;07:00-20:00;07:30-12:30;07:00-20:00
14.5321;40.7146;NA SANT'ANTONIO ABATE VIA STABIA, 354;NA;SANT'ANTONIO ABATE;VIA STABIA, 354;1,769;06:30-20:30;Chiuso;06:30-20:30
14.4362;40.88695;NA SOMMA VESUVIANA SS268 NAPOLI/ANGRI - LOC. S.MARIA DEL POZZO;NA;SOMMA VESUVIANA;SS268 NAPOLI/ANGRI - LOC. S.MARIA DEL POZZO;1,310;07:00-21:00;07:00-21:00;07:00-21:00
14.44105;40.86795;NA SOMMA VESUVIANA VIA CIRCUMVALLAZIONE, 81;NA;SOMMA VESUVIANA;VIA CIRCUMVALLAZIONE, 81;1,310;06:00-22:00;06:00-22:00;06:00-22:00
14.44755;40.88535;NA SOMMA VESUVIANA VIA MARIGLIANO;NA;SOMMA VESUVIANA;VIA MARIGLIANO;1,899;06:00-21:00;06:00-13:00/15:30-21:00;06:00-21:00
14.487355;40.7754;"NA TERZIGNO VIA PASSANTI; 244 (SS268; KM 23;133)";NA;TERZIGNO;"VIA PASSANTI; 244 (SS268; KM 23;133)";1,359;05:30-22:00;07:00-13:00;05:30-22:00
14.35868;40.79214;NA TORRE DEL GRECO VIALE DEL COMMERCIO;NA;TORRE DEL GRECO;VIALE DEL COMMERCIO;1,799;07:00-20:00;07:30-13:00;07:00-20:00
14.1266;40.9063;NA VILLARICCA VIA CONSOLARE CAMPANA, 274/A;NA;VILLARICCA;VIA CONSOLARE CAMPANA, 274/A;2,259;06:30-21:00;06:30-14:00;06:30-21:00
14.35315;40.8886;NA VOLLA VIA GIUSEPPE GARIBALDI, 3/B;NA;VOLLA;VIA GIUSEPPE GARIBALDI, 3/B;1,699;06:00-21:00;06:00-14:00;06:00-21:00
14.54875;40.72985;SA ANGRI VIA PALUDICELLA, 30/A;SA;ANGRI;VIA PALUDICELLA, 30/A;1,370;06:00-21:00;06:30-13:00/15:30-20:45;06:00-21:00
15.53266;40.45491;SA ATENA LUCANA SS166, C.DA CONOCCHIA;SA;ATENA LUCANA;SS166, C.DA CONOCCHIA;1,479;06:00-22:00;06:00-22:00;06:00-22:00
14.7867;40.7489;SA BARONISSI A2 ADS BARONISSI EST (KM 2,400);SA;BARONISSI;A2 ADS BARONISSI EST (KM 2,400);1,499;06:00-22:00;06:00-22:00;06:00-22:00
14.7853;40.7479;SA BARONISSI A2 ADS BARONISSI OVEST (KM 2,400);SA;BARONISSI;A2 ADS BARONISSI OVEST (KM 2,400);1,499;06:00-22:00;06:00-22:00;06:00-22:00
14.77277;40.7269;SA BARONISSI VIA DEI DUE PRINCIPATI, 81 (SR88, KM 6,500) - LOC. ACQUAMELA;SA;BARONISSI;VIA DEI DUE PRINCIPATI, 81 (SR88, KM 6,500) - LOC. ACQUAMELA;1,499;06:00-13:00/15:00-20:00;08:00-13:00;06:00-13:00/15:00-20:00
14.9677;40.6068;SA BATTIPAGLIA VIA SPINETA (SP135) - LOC. SAN MATTIA;SA;BATTIPAGLIA;VIA SPINETA (SP135) - LOC. SAN MATTIA;1,399;06:00-22:00;06:00-22:00;06:00-22:00
15.11425;40.604;SA CAMPAGNA VIA VERTICELLI, 392 (SP38, KM 3,870) - C.DA RUFIGLIANO;SA;CAMPAGNA;VIA VERTICELLI, 392 (SP38, KM 3,870) - C.DA RUFIGLIANO;1,599;06:00-21:00;06:00-21:00;06:00-21:00
15.11406;40.601597;"SA CAMPAGNA VIA VERTICELLI; 398 (SP38; KM 4;100) ~ C.DA RUFIGLIANO";SA;CAMPAGNA;"VIA VERTICELLI; 398 (SP38; KM 4;100) ~ C.DA RUFIGLIANO";1,499;06:00-21:30;06:00-21:30;06:00-21:30
14.6916;40.77585;SA CASTEL SAN GIORGIO VIA CAVALIER VINCENZO D'AURIA, 54;SA;CASTEL SAN GIORGIO;VIA CAVALIER VINCENZO D'AURIA, 54;1,399;07:00-19:00;Chiuso;07:00-14:00
14.68712;40.77231;SA CASTEL SAN GIORGIO VIA CIANCIO, 23 BIS - LOC. FIMIANI;SA;CASTEL SAN GIORGIO;VIA CIANCIO, 23 BIS - LOC. FIMIANI;1,449;06:00-22:00;06:00-22:00;06:00-22:00
14.70387;40.7207;SA CAVA DE' TIRRENI VIA STARZA, 25;SA;CAVA DE' TIRRENI;VIA STARZA, 25;1,499;07:30-21:00;08:00-12:30;07:30-21:00
15.251354;40.709305;"SA COLLIANO SS691; KM 10.500";SA;COLLIANO;"SS691; KM 10.500";1,899;00:00-24:00;00:00-24:00;00:00-24:00
15.00332;40.58801;SA EBOLI VIA BOSCO SECONDA (SP195 KM 1.700) - LOC. BOSCARIELLO;SA;EBOLI;VIA BOSCO SECONDA (SP195 KM 1.700) - LOC. BOSCARIELLO;1,399;06:00-22:00;06:00-22:00;06:00-22:00
14.73285;40.7787;SA MERCATO SAN SEVERINO SP222 PER CODOLA - LOC. COSTA;SA;MERCATO SAN SEVERINO;SP222 PER CODOLA - LOC. COSTA;1,479;07:30-20:30;08:00-12:30;07:30-20:30
14.7493;40.775;SA MERCATO SAN SEVERINO VIA SPIANO - LOC. CURTERI;SA;MERCATO SAN SEVERINO;VIA SPIANO - LOC. CURTERI;1,499;06:00-20:00;07:00-13:00/15:00-19:00;06:00-20:00
14.6545;40.76775;SA NOCERA INFERIORE VARIANTE SR266, 12;SA;NOCERA INFERIORE;VARIANTE SR266, 12;1,495;06:00-21:30;06:00-14:00/16:30-20:30;06:00-21:30
14.6158;40.7735;SA NOCERA INFERIORE VIA PADULA, 36;SA;NOCERA INFERIORE;VIA PADULA, 36;1,495;06:00-22:00;06:30-22:00;06:00-22:00
14.6691;40.7531;SA NOCERA SUPERIORE VIA SANTA MARIA DELLE GRAZIE 140;SA;NOCERA SUPERIORE;VIA SANTA MARIA DELLE GRAZIE 140;1,385;00:00-24:00;00:00-24:00;00:00-24:00
15.6404;40.2884;SA PADULA SS517 BUSSENTINA, KM 1,665 - C.DA VOLTACAMMINO;SA;PADULA;SS517 BUSSENTINA, KM 1,665 - C.DA VOLTACAMMINO;1,479;05:30-22:30;05:30-23:55;05:30-22:30
14.5922;40.7552;SA PAGANI VIA TAURANO, 128;SA;PAGANI;VIA TAURANO, 128;1,469;06:30-21:30;06:00-13:00;06:30-21:30
15.55215;40.423;SA SALA CONSILINA VIA MEZZANIELLO - AREA P.I.P.;SA;SALA CONSILINA;VIA MEZZANIELLO - AREA P.I.P.;1,479;07:00-14:00/15:00-20:00;08:00-14:00;07:00-14:00/15:00-20:00
15.5555;40.4214;SA SALA CONSILINA VIA MURA ROSSE 2 (SS19 DELLE CALABRIE);SA;SALA CONSILINA;VIA MURA ROSSE 2 (SS19 DELLE CALABRIE);1,479;06:00-22:00;07:00-21:00;06:00-22:00
14.82695;40.65135;SA SALERNO TANGENZIALE (SS18 KM 61,100), ADS SAN LEONARDO NORD;SA;SALERNO;TANGENZIALE (SS18 KM 61,100), ADS SAN LEONARDO NORD;1,999;00:00-24:00;00:00-24:00;00:00-24:00
14.8536;40.6446;SA SALERNO VIA CAPPELLO VECCHIO - Z.I. FUORNI;SA;SALERNO;VIA CAPPELLO VECCHIO - Z.I. FUORNI;1,459;06:00-20:30;07:00-12:30;07:00-19:30
14.8357;40.64375;SA SALERNO VIA DEI CARRARI, 30 - ZONA INDUSTRIALE;SA;SALERNO;VIA DEI CARRARI, 30 - ZONA INDUSTRIALE;1,650;07:00-13:00/15:30-19:30;Chiuso;07:00-13:00
14.86805;40.64775;SA SALERNO VIA LAMIA, 51 (SS18 DELLE CALABRIE, KM 63,400) - LOC. LAMIA;SA;SALERNO;VIA LAMIA, 51 (SS18 DELLE CALABRIE, KM 63,400) - LOC. LAMIA;1,466;07:00-19:00;Chiuso;07:00-14:00
14.5834;40.74405;SA SANT'EGIDIO DEL MONTE ALBINO VIA SANTA LUCIA;SA;SANT'EGIDIO DEL MONTE ALBINO;VIA SANTA LUCIA;1,340;06:00-21:00;06:30-13:00/15:30-21:00;06:00-21:00
14.5191;40.7613;SA SCAFATI VIA G. B. CASCIELLO, 1;SA;SCAFATI;VIA G. B. CASCIELLO, 1;1,349;07:00-21:00;07:00-21:00;07:00-21:00
14.54955;40.7623;SA SCAFATI VIA ORTA LONGA, 111;SA;SCAFATI;VIA ORTA LONGA, 111;1,331;06:30-21:00;06:30-13:30/15:30-21.00;06:30-21:00
16.2367;39.80255;CS CASTROVILLARI SP19, KM 208,400 - LOC. LE VIGNE;CS;CASTROVILLARI;SP19, KM 208,400 - LOC. LE VIGNE;1,949;07:00-19:00;Chiuso;07:00-19:00
16.565005;39.6306;"CS CORIGLIANO-ROSSANO SP195; KM 0;150 (ANG. SS106R; KM 11;400) ~ C.DA INSITI";CS;CORIGLIANO-ROSSANO;"SP195; KM 0;150 (ANG. SS106R; KM 11;400) ~ C.DA INSITI";1,799;06:30-20:00;08:00-13:00;06:30-20:00
16.63035;39.6116;CS CORIGLIANO-ROSSANO SS106 (KM 5,000) - C.DA FRASSO;CS;CORIGLIANO-ROSSANO;SS106 (KM 5,000) - C.DA FRASSO;1,949;00:00-24:00;00:00-24:00;00:00-24:00
16.5195;39.6364;CS CORIGLIANO-ROSSANO VIA SANTA LUCIA - C.DA SANTA LUCIA;CS;CORIGLIANO-ROSSANO;VIA SANTA LUCIA - C.DA SANTA LUCIA;1,799;05:00-20:30;Chiuso;05:00-20:30
16.21235;39.37925;CS MONTALTO UFFUGO VIA S. MARIA DI SETTIMO, 175;CS;MONTALTO UFFUGO;VIA S. MARIA DI SETTIMO, 175;1,568;07:00-21:00;08:00-13:00;07:00-21:00
16.14965;39.8525;CS MORANO CALABRO NSA432, KM 3,300 - C.DA MANGIOPPO;CS;MORANO CALABRO;NSA432, KM 3,300 - C.DA MANGIOPPO;1,499;07:00-20:30;08:00-13:00;07:00-20:30
16.0274;39.3831;CS PAOLA SS18 TIRRENA INFERIORE, KM 314,400 - LOC. SOTTERRA;CS;PAOLA;SS18 TIRRENA INFERIORE, KM 314,400 - LOC. SOTTERRA;1,899;07:30-12:30/15:30-19:00;Chiuso;07:30-12:30/15:30-19:00
16.2413;39.36365;CS RENDE VIA CRISTOFORO COLOMBO - LOC. QUATTROMIGLIA;CS;RENDE;VIA CRISTOFORO COLOMBO - LOC. QUATTROMIGLIA;1,745;06:00-20:00;07:00-13:00;06:00-20:00
16.2569;39.34705;CS RENDE VIA SANT'UMILE DA BISIGNANO - C.DA SANTA ROSA;CS;RENDE;VIA SANT'UMILE DA BISIGNANO - C.DA SANTA ROSA;1,599;06:00-19:30;Chiuso;06:00-14:00
16.2204;39.6197;CS SAN MARCO ARGENTANO SS283 DELLE TERME LUIGIANE, KM 36,700 - LOC. ROSSILLO;CS;SAN MARCO ARGENTANO;SS283 DELLE TERME LUIGIANE, KM 36,700 - LOC. ROSSILLO;1,599;07:00-19:00;Chiuso;07:00-19:00
16.5559;38.8817;CZ CATANZARO VIALE EUROPA, 51/E (SP48, KM 1,320) - LOC. GERMANETO;CZ;CATANZARO;VIALE EUROPA, 51/E (SP48, KM 1,320) - LOC. GERMANETO;1,850;07:00-19:30;Chiuso;07:00-19:30
16.5975;38.886;CZ CATANZARO VIALE LUCREZIA DELLA VALLE, 21 (SS280, KM 33,200);CZ;CATANZARO;VIALE LUCREZIA DELLA VALLE, 21 (SS280, KM 33,200);1,949;06:00-20:00;Chiuso;06:00-20:00
16.28295;38.92435;CZ LAMEZIA TERME VIA PASQUALE CERRA (SS109);CZ;LAMEZIA TERME;VIA PASQUALE CERRA (SS109);1,839;00:00-24:00;00:00-24:00;00:00-24:00
16.536;38.69975;CZ SOVERATO SS106, KM 165,860 - LOC. TURRATI;CZ;SOVERATO;SS106, KM 165,860 - LOC. TURRATI;1,750;07:30-12:30/15:00-18:00;Chiuso;07:30-12:30/15:00-18:00
17.0924;39.12515;KR CROTONE SS106, KM 251,500 - LOC. PASSOVECCHIO;KR;CROTONE;SS106, KM 251,500 - LOC. PASSOVECCHIO;1,997;07:00-12:30/15:00-19:00;Chiuso;07:00-12:30
16.1694;38.14235;RC BOVALINO VIA DEGLI OLEANDRI;RC;BOVALINO;VIA DEGLI OLEANDRI;1,432;06:00-20:00;Chiuso;06:00-20:00
16.06245;38.42265;RC POLISTENA SGC IONIO-TIRRENO (SS682 KM 8,538);RC;POLISTENA;SGC IONIO-TIRRENO (SS682 KM 8,538);1,599;06:00-19:45;06:00-19:45;06:00-19:45
16.0648;38.4217;RC POLISTENA SGC IONIO-TIRRENO (SS682 KM 8,700);RC;POLISTENA;SGC IONIO-TIRRENO (SS682 KM 8,700);1,434;06:00-20:00;06:00-20:00;06:00-20:00
15.6403;38.10155;RC REGGIO CALABRIA VIA ARGINE DESTRO CALOPINACE;RC;REGGIO CALABRIA;VIA ARGINE DESTRO CALOPINACE;1,899;07:00-20:00;Chiuso;07:00-19:30
15.65325;38.1006;RC REGGIO CALABRIA VIA ARGINE SINISTRO CALOPINACE;RC;REGGIO CALABRIA;VIA ARGINE SINISTRO CALOPINACE;1,899;06:00-21:00;06:00-13:00;06:00-21:00
16.135301;38.700303;"VV SANT'ONOFRIO SS606; KM 4;500 ~ LOC. CASTELLUCCIO";VV;SANT'ONOFRIO;"SS606; KM 4;500 ~ LOC. CASTELLUCCIO";1,749;06:00-19:45;Chiuso;06:00-19:45
16.8677;40.89445;BA ACQUAVIVA DELLE FONTI SP125 PER SAMMICHELE, KM 0,700;BA;ACQUAVIVA DELLE FONTI;SP125 PER SAMMICHELE, KM 0,700;1,595;07:00-20:00;Chiuso;07:00-20:00
16.87939;41.01675;BA ADELFIA VIA VALENZANO (SP133, KM 1,200);BA;ADELFIA;VIA VALENZANO (SP133, KM 1,200);1,786;06:30-19.30;07:00-12:30;06:30-19.30
16.62305;40.8923;BA ALTAMURA SS96, KM 90.458 - LOC. PESCARIELLO;BA;ALTAMURA;SS96, KM 90.458 - LOC. PESCARIELLO;1,595;06:30-22:00;Chiuso;06:30-22:00
16.5691;40.81375;BA ALTAMURA VIA CARPENTINO (SP41 ALTAMURA-LATERZA);BA;ALTAMURA;VIA CARPENTINO (SP41 ALTAMURA-LATERZA);1,699;05:00-22:00;06:00-13:00;05:00-22:00
16.5496;40.81615;BA ALTAMURA VIA PIETRO COLLETTA;BA;ALTAMURA;VIA PIETRO COLLETTA;1,699;05:30-20:30;05:30-13:00;05:30-20:30
16.86935;41.0863;BA BARI CORSO DE GASPERI 330;BA;BARI;CORSO DE GASPERI 330;1,799;07:00-19:00;Chiuso;07:00-19:00
16.8629;41.0895;BA BARI TANGENZIALE (SS16, KM 802.950);BA;BARI;TANGENZIALE (SS16, KM 802.950);1,699;00:00-24:00;00:00-24:00;00:00-24:00
16.847;41.10095;BA BARI VIA BITRITTO (SS271, KM 4,197);BA;BARI;VIA BITRITTO (SS271, KM 4,197);1,684;;;
16.8653;41.08935;BA BARI VIA GENERALE CARLO ALBERTO DALLA CHIESA, 1;BA;BARI;VIA GENERALE CARLO ALBERTO DALLA CHIESA, 1;1,699;06:00-21:00;06:00-13:00;06:00-21:00
16.92535;41.10245;BA BARI VIA GENTILE, 73/C/BIS - ZONA JAPIGIA;BA;BARI;VIA GENTILE, 73/C/BIS - ZONA JAPIGIA;1,759;06:00-21:30;06:00-14:00;06:00-21:30
16.9382;41.0973;BA BARI VIA GIOVANNI GENTILE 99/A (COMPLANARE SS16) - ZONA JAPIGIA;BA;BARI;VIA GIOVANNI GENTILE 99/A (COMPLANARE SS16) - ZONA JAPIGIA;1,699;07:00-21:00;07:00-14:00;07:00-21:00
16.8484;41.1131;BA BARI VIA GIUSEPPE TATARELLA;BA;BARI;VIA GIUSEPPE TATARELLA;1,699;07:30-12:30/15:00-18:45;Chiuso;07:30-12:30
16.773006;41.153308;"BA BARI VIA NAZIONALE; 8";BA;BARI;"VIA NAZIONALE; 8";1,699;07:00-20:00;07:00-13:00;07:00-20:00
16.8291;41.1241;BA BARI VIALE EUROPA, 18/B;BA;BARI;VIALE EUROPA, 18/B;1,699;00:00-24:00;00:00-24:00;00:00-24:00
16.7998;41.1238;BA BARI VIALE EUROPA, 73/U - Q.RE SAN PAOLO;BA;BARI;VIALE EUROPA, 73/U - Q.RE SAN PAOLO;1,699;05:00–22:30;05:00–22:30;05:00–23:00
16.76465;41.0268;BA BITETTO SP90 KM 0,800;BA;BITETTO;SP90 KM 0,800;1,767;06:30-20:00;Chiuso;06:30-20:00
16.6966;41.13385;BA BITONTO VIA PIER PAOLO PASOLINI (SP218 POLIGONALE);BA;BITONTO;VIA PIER PAOLO PASOLINI (SP218 POLIGONALE);1,550;06:30-19:15;06:30-12:15;06:30-19:15
16.72785;41.1362;BA BITONTO VIA SANTO SPIRITO (SP91, KM 2,730);BA;BITONTO;VIA SANTO SPIRITO (SP91, KM 2,730);1,550;05:45-19:00;05:45-13:00;05:45-19:00
16.9107;41.0525;BA CAPURSO SS100, KM 9,560 (DIR. BA);BA;CAPURSO;SS100, KM 9,560 (DIR. BA);1,659;06:30-19:00;08:00-12:30;07:00-19:00
16.9098;41.05205;BA CAPURSO SS100, KM 9,600 (DIR. TA);BA;CAPURSO;SS100, KM 9,600 (DIR. TA);1,699;07:30-12:30/15:00-19:00;Chiuso;07:30-12:30
16.9122;41.00485;BA CASAMASSIMA SP62 VALENZANO-CASAMASSIMA;BA;CASAMASSIMA;SP62 VALENZANO-CASAMASSIMA;1,689;06:00-20:00;07:00-13:00;06:00-20:00
17.2;40.8217;BA CASTELLANA GROTTE SS172 DEI TRULLI, KM 28,600 - C.DA CUCUMO;BA;CASTELLANA GROTTE;SS172 DEI TRULLI, KM 28,600 - C.DA CUCUMO;1,699;05:00-20:00;05:00-13:00/15:00-20:00;05:00-13:00/15:00-20:00
17.133287;40.936735;"BA CONVERSANO VIA PER CASTELLANA GROTTE (SP240; KM 25;590)";BA;CONVERSANO;"VIA PER CASTELLANA GROTTE (SP240; KM 25;590)";1,699;07:00–19:30;07:00–12:30;07:00–19:30
16.4534;41.1462;BA CORATO SP85 BISCEGLIE-RUVO KM 9,650;BA;CORATO;SP85 BISCEGLIE-RUVO KM 9,650;1,689;05:00-19:30;Chiuso;05:00-19:30
16.9418;40.80795;BA GIOIA DEL COLLE SS100 KM 38,200 (DIR NORD);BA;GIOIA DEL COLLE;SS100 KM 38,200 (DIR NORD);1,550;06:30-19:30;Chiuso;06:30-19:30
16.6845;41.1734;BA GIOVINAZZO SS16 BIS, KM 785,450 (DIR. BARI);BA;GIOVINAZZO;SS16 BIS, KM 785,450 (DIR. BARI);1,629;04:00-20:00;05:00-13:00;04:00-19:00
16.70335;41.16765;BA GIOVINAZZO SS16 KM 787,220 (DIR. SUD);BA;GIOVINAZZO;SS16 KM 787,220 (DIR. SUD);1,570;04:00-20:00;04:00-20:00;04:00-20:00
16.70466;41.16745;BA GIOVINAZZO SS16 KM 787,230 (DIR. NORD);BA;GIOVINAZZO;SS16 KM 787,230 (DIR. NORD);1,570;07:30-12:30/15:00-19:00;Chiuso;07:30-12:30
16.4431;40.81895;BA GRAVINA IN PUGLIA EX S.S.96 KM.71.700;BA;GRAVINA IN PUGLIA;EX S.S.96 KM.71.700;1,645;06:30-12:30/15:00-19:00;Chiuso;06:30-12:30/15:00-19:00
16.45215;40.821;BA GRAVINA IN PUGLIA VIA NERVI;BA;GRAVINA IN PUGLIA;VIA NERVI;1,699;04:30-20:30;05:30-13:00;04:30-20:30
16.44899;40.82012;BA GRAVINA IN PUGLIA VIA SALVATORE VICINO (EX SS96, KM 72,300);BA;GRAVINA IN PUGLIA;VIA SALVATORE VICINO (EX SS96, KM 72,300);1,650;05:00-21:00;06:00-20:00;05:00-21:00
17.31185;40.75985;BA LOCOROTONDO VIA ALBEROBELLO (SS172, KM 42,761);BA;LOCOROTONDO;VIA ALBEROBELLO (SS172, KM 42,761);1,499;07:00-12:30/15:00-19:30;Chiuso;07:00-12:30
16.7694;41.0958;BA MODUGNO A14 ADS MURGE EST (KM 671,440);BA;MODUGNO;A14 ADS MURGE EST (KM 671,440);1,631;00:00-24:00;00:00-24:00;00:00-24:00
16.7736;41.10836;BA MODUGNO SP54 MODUGNO-PALESE, KM. 2,200;BA;MODUGNO;SP54 MODUGNO-PALESE, KM. 2,200;1,659;08:00-19:00;Chiuso;08:00-14:00
17.05925;41.0417;BA MOLA DI BARI SP111, KM 1,235;BA;MOLA DI BARI;SP111, KM 1,235;1,699;05:00-21:00;06:00-13:30;05:00-21:00
16.5902;41.17972;BA MOLFETTA C.DA SANTA LUCIA;BA;MOLFETTA;C.DA SANTA LUCIA;1,659;07:00-13:30/15:00-21:00;07:00-13:30/16:00-20:00;07:00-13:30/15:00-21:00
16.58546;41.18553;BA MOLFETTA SP112, KM 0,450;BA;MOLFETTA;SP112, KM 0,450;1,659;07:00-13:30/15:00-20:00;Chiuso;07:00-13:30
16.55655;41.2042;BA MOLFETTA VIA ADRIANO OLIVETTI - Z.I. MAGLIA;BA;MOLFETTA;VIA ADRIANO OLIVETTI - Z.I. MAGLIA;1,769;07:30-12:30/15:00-19:00;Chiuso;07:30-12:30/15:00-19:00
17.2606;40.9655;BA MONOPOLI STRADA COM.LE S. ANTONIO (ANG. SS16, KM 841) - C.DA BAIONE;BA;MONOPOLI;STRADA COM.LE S. ANTONIO (ANG. SS16, KM 841) - C.DA BAIONE;1,679;04:00-20:30;Chiuso;04:00-20:30
17.2817;40.96025;BA MONOPOLI VIALE ALDO MORO, 59 - C.DA SPINA;BA;MONOPOLI;VIALE ALDO MORO, 59 - C.DA SPINA;1,699;06:00-21:00;06:00-21:00;06:00-21:00
17.09907;40.80233;BA NOCI VIA PROVINCIALE PER GIOIA DEL COLLE, SNC;BA;NOCI;VIA PROVINCIALE PER GIOIA DEL COLLE, SNC;1,599;07:00-12:30/15:00-17:30;Chiuso;07:00-12:30
16.9877;41.0443;BA NOICATTARO SP57 NOICATTARO - LOC. TORRE A MARE;BA;NOICATTARO;SP57 NOICATTARO - LOC. TORRE A MARE;1,581;07:30-13:00/15:00-19:30;Chiuso;07:30-13:00/15:00-19:30
16.7063;41.0665;BA PALO DEL COLLE SP220, KM 0,570;BA;PALO DEL COLLE;SP220, KM 0,570;1,767;07:00-20:00;Chiuso;07:00-20:00
17.1439;40.86625;BA PUTIGNANO SP 237, 55 (KM 17.100);BA;PUTIGNANO;SP 237, 55 (KM 17.100);1,669;06:00-12:30/14:30-19:00;Chiuso;06:00-12:30/14:30-19:00
16.98002;41.00556;BA RUTIGLIANO SP84 ADELFIA-RUTIGLIANO, KM 8,250;BA;RUTIGLIANO;SP84 ADELFIA-RUTIGLIANO, KM 8,250;1,659;05:00-23:00;07:00-13:00;05:00-23:00
16.8088;41.01745;BA SANNICANDRO DI BARI SP236, KM 14,476;BA;SANNICANDRO DI BARI;SP236, KM 14,476;1,767;06:00–19:30;Chiuso;06:00–19:30
16.75258;40.82357;BA SANTERAMO IN COLLE VIA CASSANO, 94 (SP236) KM 37,403;BA;SANTERAMO IN COLLE;VIA CASSANO, 94 (SP236) KM 37,403;1,759;05:00-22:00;06:00-22:00;05:00-22:00
16.5843;41.11595;BA TERLIZZI SP231, KM 16,800 (DIR. FOGGIA) - LOC. SOVERETO;BA;TERLIZZI;SP231, KM 16,800 (DIR. FOGGIA) - LOC. SOVERETO;1,595;06:15-20:00;07:00-13:00;06:15-20:00
16.5489;41.1128;BA TERLIZZI SP231, KM 19,800 (DIR. FG);BA;TERLIZZI;SP231, KM 19,800 (DIR. FG);1,699;00:00-24:00;00:00-24:00;00:00-24:00
16.5157;41.12335;BA TERLIZZI VIA PROVINCIALE TERLIZZI - RUVO KM 2,500;BA;TERLIZZI;VIA PROVINCIALE TERLIZZI - RUVO KM 2,500;1,579;05:30-21:00;07:00-13:00;06:00-13:00/15:00-21:00
16.99745;40.9164;BA TURI CIRCONVALLAZIONE DI TURI (SP215, KM 3,155) - C.DA LAMA DI SCELZA;BA;TURI;CIRCONVALLAZIONE DI TURI (SP215, KM 3,155) - C.DA LAMA DI SCELZA;1,604;07:30-12:30/15:00-19:00;Chiuso;07:30-12:30
17.9668;40.5987;BR BRINDISI SS613 KM 2+900 DIR. LECCE;BR;BRINDISI;SS613 KM 2+900 DIR. LECCE;1,699;07:00-20:00;07:00-20:00;07:00-20:00
17.87035;40.59763;BR BRINDISI SS7 APPIA KM 714,400;BR;BRINDISI;SS7 APPIA KM 714,400;1,688;07:00-19:30;Chiuso;07:00-19:30
17.9488;40.6245;BR BRINDISI VIA PROVINCIALE PER LECCE, 69;BR;BRINDISI;VIA PROVINCIALE PER LECCE, 69;1,809;06:30-20:00;06:30-12:30;06:30-20:00
17.5252;40.62815;BR CEGLIE MESSAPICA VIA FRANCAVILLA FONTANA (SP26);BR;CEGLIE MESSAPICA;VIA FRANCAVILLA FONTANA (SP26);1,699;05:30-20:00;Chiuso;05:30-20:00
17.98115;40.4789;BR CELLINO SAN MARCO SP75 PER S. PIETRO VERNOTICO;BR;CELLINO SAN MARCO;SP75 PER S. PIETRO VERNOTICO;1,689;07:00-19:30;08:30-12:30;07:00-19:30
17.348758;40.825001;"BR FASANO SS172DIR FASANO~LOCOROTONDO; KM 8;800";BR;FASANO;"SS172DIR FASANO~LOCOROTONDO; KM 8;800";1,759;05:30-21:30;05:30-21:30;05:30-21:30
17.80225;40.5442;BR MESAGNE VIA TORRE SANTA SUSANNA, 1 (SP69, KM 1,100);BR;MESAGNE;VIA TORRE SANTA SUSANNA, 1 (SP69, KM 1,100);1,599;06:00-20:00;07:30-12:30;06:00-20:00
17.83975;40.4313;BR SAN PANCRAZIO SALENTINO VIA MESAGNE (SP74, KM 1,150);BR;SAN PANCRAZIO SALENTINO;VIA MESAGNE (SP74, KM 1,150);1,689;06:00-13:00/15:00-20:00;06:00-13:00;06:00-13:00/15:00-20:00
17.6897;40.638;BR SAN VITO DEI NORMANNI SP48 PER FRANCAVILLA FONTANA, KM 15,150;BR;SAN VITO DEI NORMANNI;SP48 PER FRANCAVILLA FONTANA, KM 15,150;1,749;06:00-21:00;07:00-13:00;06:00-21:00
17.7284;40.4658;BR TORRE SANTA SUSANNA VIA PROVINCIALE PER ORIA (SP62, KM 0,500);BR;TORRE SANTA SUSANNA;VIA PROVINCIALE PER ORIA (SP62, KM 0,500);1,240;04:00-18:00;Chiuso;04:00-15:00
16.2882;41.24435;BT ANDRIA VIA VECCHIA BARLETTA, 204;BT;ANDRIA;VIA VECCHIA BARLETTA, 204;1,599;00:00-24:00;00:00-24:00;00:00-24:00
16.2697;41.3035;BT BARLETTA VIA MAFFEO BARBERINI;BT;BARLETTA;VIA MAFFEO BARBERINI;1,599;07:30-12:30/15:00-19:00;Chiuso;06:00-15:00
16.08402;41.31147;BT SAN FERDINANDO DI PUGLIA SS16 BIS, KM 728,840 - ADS DEGLI ULIVI;BT;SAN FERDINANDO DI PUGLIA;SS16 BIS, KM 728,840 - ADS DEGLI ULIVI;1,768;06:00-21:00;06:00-21:00;06:00-21:00
16.128;41.35775;BT TRINITAPOLI SP61, KM 0,800;BT;TRINITAPOLI;SP61, KM 0,800;1,768;07:00-20:00;07:30-13:00/16:00-20:00;07:00-20:00
15.5209;41.1467;FG CANDELA SP99 PER CANDELA KM 5,500 - C.DA SERRA;FG;CANDELA;SP99 PER CANDELA KM 5,500 - C.DA SERRA;1,699;06:30-21:30;06:30-13:30/15:30-21:30;06:30-21:30
15.71341;41.35885;FG CARAPELLE SS16, KM 693,250 - C.DA TRIONFO;FG;CARAPELLE;SS16, KM 693,250 - C.DA TRIONFO;1,699;06:00-21:00;06:00-13:30/15:30-21:00;06:00-21:00
15.9005;41.3193;FG CERIGNOLA SP77 (EX SS545), KM 5,330 - LOC. CERIGNOLA CAMPAGNA;FG;CERIGNOLA;SP77 (EX SS545), KM 5,330 - LOC. CERIGNOLA CAMPAGNA;1,799;06:00-19:30;06:00-13:00;06:00-19:30
15.92765;41.2585;FG CERIGNOLA VIA TIRO A SEGNO;FG;CERIGNOLA;VIA TIRO A SEGNO;1,799;06:00-20:00;06:00-13:00/16:00-20:00;06:00-20:00
15.51185;41.51275;FG FOGGIA VIA S.SEVERO (SS16) KM 668,400;FG;FOGGIA;VIA S.SEVERO (SS16) KM 668,400;1,405;06:00-22:00;06:00-22:00;06:00-22:00
15.5756;41.44805;FG FOGGIA VIA UMBERTO FASANO, 14-16-18  (EX CORSO DEL MEZZOGIORNO);FG;FOGGIA;VIA UMBERTO FASANO, 14-16-18  (EX CORSO DEL MEZZOGIORNO);1,699;07:00-21:00;07:00-13:30/15:30-21:00;07:00-21:00
15.849;41.598;FG MANFREDONIA SS89 GARGANICA, KM 172,598;FG;MANFREDONIA;SS89 GARGANICA, KM 172,598;1,799;05:00/21:00;05:00/21:00;05:00/21:00
15.9218;41.6382;FG MANFREDONIA VIA FLORIO (ANG. VIA BARLETTA);FG;MANFREDONIA;VIA FLORIO (ANG. VIA BARLETTA);1,859;06:00-21:30;Chiuso;06:00-21:30
15.7171;41.3316;FG ORTA NOVA VIALE FERROVIA, 171;FG;ORTA NOVA;VIALE FERROVIA, 171;1,699;08:00-19:30;Chiuso;08:00-19:30
15.22475;41.76265;FG SAN PAOLO DI CIVITATE SP142 (EX SS16 ADRIATICA), KM 35,400;FG;SAN PAOLO DI CIVITATE;SP142 (EX SS16 ADRIATICA), KM 35,400;1,450;07:00-12:00/14:00-20:00;10:00-12:00;07:00-12:00/14:00-20:00
15.3404;41.70185;FG SAN SEVERO SS16, KM 641,135 (DIR. SUD);FG;SAN SEVERO;SS16, KM 641,135 (DIR. SUD);1,581;00:00-24:00;00:00-24:00;00:00-24:00
15.32475;41.6892;FG TORREMAGGIORE SP30 (KM 3,060) - C.DA CISTERNA;FG;TORREMAGGIORE;SP30 (KM 3,060) - C.DA CISTERNA;1,499;06:00-20:00;06:00-13:00;06:00-20:00
18.0908;40.3624;LE ARNESANO SP4 LECCE-NOVOLI - LOC. VILLA CONVENTO;LE;ARNESANO;SP4 LECCE-NOVOLI - LOC. VILLA CONVENTO;1,575;07:00-21:30;Chiuso;07:00-21:30
18.25325;40.2616;LE CAPRARICA DI LECCE SP372 (TANG.LE);LE;CAPRARICA DI LECCE;SP372 (TANG.LE);1,575;06:30-20:00;Chiuso;06:30-20:00
18.1921;40.30455;LE CAVALLINO SS16, KM 961,120;LE;CAVALLINO;SS16, KM 961,120;2,099;05:30-20:30;Chiuso;05:30-20:30
18.0435;40.2817;LE COPERTINO SP COPERTINO - LEVERANO, KM 6,000;LE;COPERTINO;SP COPERTINO - LEVERANO, KM 6,000;1,569;06:00-22:00;07:30-13:00/16:00-21:00;06:00-22:00
18.254;40.1237;LE CORIGLIANO D'OTRANTO SP363 MAGLIE-CUTROFIANO KM 17,000 - C.DA APPIDE';LE;CORIGLIANO D'OTRANTO;SP363 MAGLIE-CUTROFIANO KM 17,000 - C.DA APPIDE';1,599;06:30-21:00;Chiuso;06:30-21:00
18.097;40.2069;LE GALATINA SS101, KM 17,200 - LOC. CALCARONE DI COLLEMETO;LE;GALATINA;SS101, KM 17,200 - LOC. CALCARONE DI COLLEMETO;1,595;06:00-21:00;08:00-13:00;06:00-21:00
18.06255;40.15205;LE GALATONE VIA SAVOIA, 50;LE;GALATONE;VIA SAVOIA, 50;1,599;07:00-20:00;07:00-13:00;07:00-20:00
18.2022;40.3448;LE LECCE VIA PROVINCIALE PER VERNOLE (SP1 KM 1,500);LE;LECCE;VIA PROVINCIALE PER VERNOLE (SP1 KM 1,500);1,699;00:00-24:00;00:00-24:00;00:00-24:00
18.1175;40.2531;LE LEQUILE SS101, KM 11,750 (DIR. LECCE);LE;LEQUILE;SS101, KM 11,750 (DIR. LECCE);1,575;06:30-20:00;06:30-20:00;06:30-20:00
18.1165;40.2543;LE LEQUILE SS101, KM 11,900 (DIR. GALLIPOLI);LE;LEQUILE;SS101, KM 11,900 (DIR. GALLIPOLI);1,575;06:30-20:00;06:30-20:00;06:30-20:00
18.15655;40.03625;LE MATINO VIA INDUSTRIALE (SP334 CASARANO-PARABITA);LE;MATINO;VIA INDUSTRIALE (SP334 CASARANO-PARABITA);1,495;06:00-21:00;06:00-21:00;06:00-21:00
18.136;39.9854;LE MELISSANO VIA VICINALE VORA (COMPLANARE SP68 TAVIANO-CASARANO, KM 3,000);LE;MELISSANO;VIA VICINALE VORA (COMPLANARE SP68 TAVIANO-CASARANO, KM 3,000);1,575;07:00-20:00;Chiuso;07:00-20:00
18.2787;40.15215;LE MELPIGNANO SS16 KM 979,789;LE;MELPIGNANO;SS16 KM 979,789;1,519;07:30-12:30/15:00-19:00;Chiuso;07:30-12:30
18.0882;40.33005;LE MONTERONI DI LECCE SP119 LECCE-PORTO CESAREO;LE;MONTERONI DI LECCE;SP119 LECCE-PORTO CESAREO;1,599;07:00-21:00;07:00-12:00/15:00-20:00;07:00-21:00
18.31475;40.101;LE MURO LECCESE VIALE VICINALE CAROTTATE;LE;MURO LECCESE;VIALE VICINALE CAROTTATE;1,575;06:00-20:30;06:00-20:30;06:00-20:30
18.0597;40.3923;LE NOVOLI SS7 TER SALENTINA, KM 60,650;LE;NOVOLI;SS7 TER SALENTINA, KM 60,650;1,575;06:00-21:00;Chiuso;06:00-21:00
18.0819;40.0565;LE PARABITA SP361, KM 21.100;LE;PARABITA;SP361, KM 21.100;1,575;06:15-20:15;07:00-13:00;06:15-20:15
18.16722;40.21861;LE SOLETO SP362 LECCE - GALATINA;LE;SOLETO;SP362 LECCE - GALATINA;1,575;07:00-21:30;Chiuso;07:00-21:30
18.1479;40.3757;LE SURBO VIA VALLESE;LE;SURBO;VIA VALLESE;1,595;07:30-12:30/15:00-19:00;Chiuso;07:30-12:30
18.22655;39.9387;LE TAURISANO VIA PER ACQUARICA (SP360, KM 1,300);LE;TAURISANO;VIA PER ACQUARICA (SP360, KM 1,300);1,498;06:00-20:00;07:00-12:00;06:00-20:00
16.84596;40.64959;TA LATERZA SS7 APPIA, KM 605,740;TA;LATERZA;SS7 APPIA, KM 605,740;1,699;07:00-12:30/15:00-19:00;08:00-13:00;07:00-12:30/15:00-19:30
16.77706;40.63927;TA LATERZA STRADA COMUNALE PER MATERA (EX-SS7 APPIA ANTICA, KM 600);TA;LATERZA;STRADA COMUNALE PER MATERA (EX-SS7 APPIA ANTICA, KM 600);1,699;05:00-21:00;06:00-13:00;05:00-21:00
17.3077;40.3961;TA LEPORANO SP102  KM 1,300 - LOC. PALUMBO;TA;LEPORANO;SP102 KM 1,300 - LOC. PALUMBO;1,992;06:00-20:00;06:00-13:00;06:00-20:00
17.33055;40.71795;TA MARTINA FRANCA STRADA MICELA - ZONA A;TA;MARTINA FRANCA;STRADA MICELA - ZONA A;1,750;07:00-12:30/15:00-19:00;08:00-12:30;07:00-12:30/15:00-19:00
17.3988;40.692508;"TA MARTINA FRANCA VIA VECCHIA CEGLIE; 42 ~ LOC. S. CATERINA";TA;MARTINA FRANCA;"VIA VECCHIA CEGLIE; 42 ~ LOC. S. CATERINA";1,599;07:30-12:30/15:00-19:00;07:30-12:30;07:30-12:30/15:00-19:00
17.3348;40.5738;TA MONTEMESOLA VIA MATTEOTTI;TA;MONTEMESOLA;VIA MATTEOTTI;1,789;06:30-13:00/15:00-19:00;Chiuso;06:30-13:00/15:00-19:00
17.1683;40.53;TA STATTE SS7 APPIA, KM 641,651 - LOC. GRAVINA GENNARINI;TA;STATTE;SS7 APPIA, KM 641,651 - LOC. GRAVINA GENNARINI;1,482;05:30-18:30;Chiuso;07:30-12:30
17.1656;40.5275;TA TARANTO SP39 PALAGIANO-SAN DOMENICO - LOC. MASSERIA CARDUCCI;TA;TARANTO;SP39 PALAGIANO-SAN DOMENICO - LOC. MASSERIA CARDUCCI;1,429;06:00-19:00;06:00-19:00;06:00-19:00
17.32845;40.46415;TA TARANTO SP78 CIRCUMMARPICCOLO, KM 0,100;TA;TARANTO;SP78 CIRCUMMARPICCOLO, KM 0,100;1,789;06:30-19:00;Chiuso;06:30-19:00
17.2478;40.4212;TA TARANTO VIA TRE FONTANE, 1/51 (SP100), LOC. LAMA/TRE FONTANE;TA;TARANTO;VIA TRE FONTANE, 1/51 (SP100), LOC. LAMA/TRE FONTANE;1,899;06:00-21:00;07:00-21:00;06:00-21:00
16.4833;40.2052;MT COLOBRARO SS653 SINNICA, KM 64,500;MT;COLOBRARO;SS653 SINNICA, KM 64,500;1,578;05:00-21:00;05:00-21:00;05:00-21:00
16.59955;40.68205;MT MATERA VIA APPIA (SS7 KM 580) - LOC. LA VAGLIA/CAVA DEL SOLE;MT;MATERA;VIA APPIA (SS7 KM 580) - LOC. LA VAGLIA/CAVA DEL SOLE;1,699;06:00-20:00;07:00-13:00;06:00-20:00
15.6886;40.8811;PZ ATELLA SS658 MELFI-POTENZA, KM 33,400 - C.DA MADONNA LAUDATA;PZ;ATELLA;SS658 MELFI-POTENZA, KM 33,400 - C.DA MADONNA LAUDATA;1,550;09:00-12:00/15:00-18:00;Chiuso;Chiuso
15.91035;40.00595;PZ LAURIA A2 ADS GALDO EST;PZ;LAURIA;A2 ADS GALDO EST;1,599;00:00-24:00;00:00-24:00;00:00-24:00
15.909906;40.00725;PZ LAURIA A2 ADS GALDO OVEST#;PZ;LAURIA;A2 ADS GALDO OVEST#;1,599;00:00-24:00;00:00-24:00;00:00-24:00
15.7733;41.0374;PZ LAVELLO SS93, KM 56,100;PZ;LAVELLO;SS93, KM 56,100;1,499;06:30-21:30;08:00-13:00;06:30-21:30
15.782;40.3647;PZ MARSICO NUOVO SS598, KM 33,934;PZ;MARSICO NUOVO;SS598, KM 33,934;1,499;07:00-12:30/15:30-19:30;07:00-12:30/15:30-19:30;07:00-12:30/15:30-19:30
15.6989;41.0787;PZ MELFI SP48, KM 10,400 - Z.I. SAN NICOLA;PZ;MELFI;SP48, KM 10,400 - Z.I. SAN NICOLA;1,494;06:00-22:00;Chiuso;06:00-14:00
15.68223;41.07998;PZ MELFI SP48, KM 11,700 - Z.I. SAN NICOLA;PZ;MELFI;SP48, KM 11,700 - Z.I. SAN NICOLA;1,405;06:00-20:00;06:00-14:00;06:00-20:00
15.6863;40.61495;PZ PICERNO C.DA SERRA DEL CERRO;PZ;PICERNO;C.DA SERRA DEL CERRO;1,539;07:00-21:00;07:00-13:00;07:00-21:00
15.6233;40.6369;PZ PICERNO SP83 PICERNO-BARAGIANO;PZ;PICERNO;SP83 PICERNO-BARAGIANO;1,629;06:30-13:00/15:00-19:30;Chiuso;07:00-13:00
15.83085;40.6436;PZ POTENZA VIA APPIA, 187 - RIONE BETLEMME;PZ;POTENZA;VIA APPIA, 187 - RIONE BETLEMME;1,644;07:00-20:00;Chiuso;07:00-20:00
15.8233;40.64885;PZ POTENZA VIA PAPA GIOVANNI XXIII - C.DA SANT'ANTONIO LA MACCHIA;PZ;POTENZA;VIA PAPA GIOVANNI XXIII - C.DA SANT'ANTONIO LA MACCHIA;1,629;07:00-21:00;07:00-13:00;07:00-21:00
15.6956;40.6031;PZ TITO VIA GHERARDO ROHLF, 22 - C.DA SERRA/Z.I. TITO SCALO;PZ;TITO;VIA GHERARDO ROHLF, 22 - C.DA SERRA/Z.I. TITO SCALO;1,629;06:30-20:30;08:00-13:00;06:30-13:00/15:30-20:30
13.8404;37.3494;AG CANICATTÌ VIA SAN VINCENZO;AG;CANICATTÌ;VIA SAN VINCENZO;1,999;00:00-24:00;00:00-24:00;00:00-24:00
13.105;37.6498;AG SAMBUCA DI SICILIA SS188, KM 91,680 - C.DA SERRONE/CASA BIANCA;AG;SAMBUCA DI SICILIA;SS188, KM 91,680 - C.DA SERRONE/CASA BIANCA;1,998;08:00-18:30;08:00-18:30;08:00-18:30
14.274;37.0623;CL GELA SS115, KM 267.000 - C.DA MAROGLIO;CL;GELA;SS115, KM 267.000 - C.DA MAROGLIO;1,599;04:30-13:00;07:00-19:30;04:30-19:30
14.06755;37.645;CL RESUTTANO C.DA CIOLINO, S.N.C.;CL;RESUTTANO;C.DA CIOLINO, S.N.C.;1,000;10:00-13:00/15:00-17:00;Chiuso;Chiuso
15.1332;37.61865;CT ACI SANT'ANTONIO VIA SAN GIOVANNI SANTA MARIA LA STELLA;CT;ACI SANT'ANTONIO;VIA SAN GIOVANNI SANTA MARIA LA STELLA;1,669;07:00-21:00;08:00-13:00;07:00-21:00
14.9947;37.5749;CT BELPASSO VIA CAMPOROTONDO, 52 (SP56/I);CT;BELPASSO;VIA CAMPOROTONDO, 52 (SP56/I);1,899;07:00-20:00;07:30-13:00;07:00-20:00
14.8132;37.85335;CT BRONTE SP81 - C.DA ERRANTERIA;CT;BRONTE;SP81 - C.DA ERRANTERIA;1,799;06:00-13:00/15:00-20:00;08:00-13:00;06:00-13:00/15:00-20:00
15.0543;37.42835;CT CATANIA VIA ALFREDO AGOSTA, 31 - CONTRADA TORRE ALLEGRA;CT;CATANIA;VIA ALFREDO AGOSTA, 31 - CONTRADA TORRE ALLEGRA;n.p.;Chiuso;Chiuso;Chiuso
15.07583;37.47072;CT CATANIA VIA S. GIUSEPPE LA RENA, 191 - LOC. FONTANAROSSA;CT;CATANIA;VIA S. GIUSEPPE LA RENA, 191 - LOC. FONTANAROSSA;1,669;06:00-22:00;06:00-22:00;06:00-22:00
15.10385;37.53175;CT CATANIA VIALE ULISSE, 13;CT;CATANIA;VIALE ULISSE, 13;1,999;00:00-24:00;00:00-24:00;00:00-24:00
15.0326;37.6123;CT MASCALUCIA VIA LIBERTA', 70;CT;MASCALUCIA;VIA LIBERTA', 70;1,999;07:30-12:30/15:00-19:00;Chiuso;07:30-12:30
15.03155;37.53455;CT MISTERBIANCO (C) STRADA SAN GIOVANNI GALERMO (SP12-I) - LOC. SERRA;CT;MISTERBIANCO;STRADA SAN GIOVANNI GALERMO (SP12-I) - LOC. SERRA;1,696;00:00-24:00;00:00-24:00;00:00-24:00
15.0306;37.5017;CT MISTERBIANCO STRADALE CRAVONE - LOC. CRAVONA;CT;MISTERBIANCO;STRADALE CRAVONE - LOC. CRAVONA;1,999;05:00-21:00;05:00-21:00;05:00-21:00
15.01205;37.48115;CT MISTERBIANCO TANG.LE OVEST DI CATANIA (DIR.SR) KM 10,150 - C.DA CUBBA;CT;MISTERBIANCO;TANG.LE OVEST DI CATANIA (DIR.SR) KM 10,150 - C.DA CUBBA;1,545;06:00-21:00;06:00-21:00;06:00-21:00
14.848;37.52675;CT PATERNO' SP102 I, KM 3,000 - C.DA POGGIO MONACO;CT;PATERNO';SP102 I, KM 3,000 - C.DA POGGIO MONACO;1,599;07:00-19:00;Chiuso;07:00-19:00
15.190154;37.703856;"CT RIPOSTO STRADA XVII; 18 (SP224)";CT;RIPOSTO;"STRADA XVII; 18 (SP224)";2,277;00:00-24:00;00:00-24:00;00:00-24:00
15.1112;37.5725;CT SAN GREGORIO DI CATANIA VIALE EUROPA, 63-65;CT;SAN GREGORIO DI CATANIA;VIALE EUROPA, 63-65;1,669;06:00-21:00;Chiuso;06:00-21:00
15.16825;37.7019;CT SANTA VENERINA VIA STABILIMENTI 282;CT;SANTA VENERINA;VIA STABILIMENTI 282;1,569;00:00-24:00;00:00-24:00;00:00-24:00
15.0713;37.5705;CT TREMESTIERI ETNEO VIA CAVOUR;CT;TREMESTIERI ETNEO;VIA CAVOUR;1,669;06:30-21:00;07:00-13:00;06:30-21:00
14.695;37.5612;EN CATENANUOVA VIA DEL MULINO (SP74, KM 0,600) - C.DA FORCHE/VIGNE VECCHIE;EN;CATENANUOVA;VIA DEL MULINO (SP74, KM 0,600) - C.DA FORCHE/VIGNE VECCHIE;1,799;06:00-19:30;06:30-13:00/15:30-19:30;06:00-19:30
15.2063;38.1448;ME BARCELLONA POZZO DI GOTTO VIA GAETANO MARTINO 52 (SS113 KM 46,860);ME;BARCELLONA POZZO DI GOTTO;VIA GAETANO MARTINO 52 (SS113 KM 46,860);1,678;00:00-24:00;00:00-24:00;00:00-24:00
15.59445;38.25365;ME MESSINA SP43BIS NUOVA PANORAMICA (KM 5,700) - LOC. VILLAGGIO SANT'AGATA;ME;MESSINA;SP43BIS NUOVA PANORAMICA (KM 5,700) - LOC. VILLAGGIO SANT'AGATA;1,899;07:00-13:00/15:00-19:30;Chiuso;07:00-13:00/15:00-19:30
15.51375;38.1566;ME MESSINA VIA MILITARE SANTA LUCIA - C.DA SANTA LUCIA SOPRA CONTESSE;ME;MESSINA;VIA MILITARE SANTA LUCIA - C.DA SANTA LUCIA SOPRA CONTESSE;1,699;07:00-19:00;07:00-12:00;08:00-18:00
14.9967;38.13645;ME PATTI C.DA MORERI SOTTANA;ME;PATTI;C.DA MORERI SOTTANA;1,899;07:00-19:00;07:00-13:00;07:00-19:00
15.27705;38.19515;ME SAN FILIPPO DEL MELA VIA DI VITTORIO, 35 - C.DA ARCHI MARINA;ME;SAN FILIPPO DEL MELA;VIA DI VITTORIO, 35 - C.DA ARCHI MARINA;1,569;07:00-19:00;07:00-12:00;07:00-19:00
14.8305;38.0928;ME SINAGRA SP146 BIS - C.DA MOLINO VECCHIO;ME;SINAGRA;SP146 BIS - C.DA MOLINO VECCHIO;1,799;07:30-12:30/14:30-19:00;Chiuso;07:30-12:30/14:30-19:00
15.34365;38.2061;ME TORREGROTTA VIA CROCIERI;ME;TORREGROTTA;VIA CROCIERI;2,039;06:00-19:00;Chiuso;06:00-19:00
13.2466;38.18095;PA CAPACI VIA GIOVANNI FALCONE (SS113, KM 277,550) - C.DA QUATTRO VANELLE;PA;CAPACI;VIA GIOVANNI FALCONE (SS113, KM 277,550) - C.DA QUATTRO VANELLE;1,937;07:00-20:00;07:00-12:30/15:30-20:00;07:00-20:00
14.0;38.03065;PA CEFALÙ SS113, KM 188,759 - C.DA SANTA LUCIA;PA;CEFALÙ;SS113, KM 188,759 - C.DA SANTA LUCIA;1,786;07:00-12:30/15:30-19:00;07:00-12:30/15:30-19:00;07:00-12:30/15:30-19:00
14.0157;38.02695;PA CEFALÙ VIA DEL III° MILLENNIO - C.DA PACENZIA;PA;CEFALÙ;VIA DEL III° MILLENNIO - C.DA PACENZIA;2,999;07:30-12:15/14:30-18:30;Chiuso;07:30-12:15/14:30-18:30
13.4535;38.0157;PA MISILMERI SS121, KM 244,775 - C.DA DON COLA;PA;MISILMERI;SS121, KM 244,775 - C.DA DON COLA;1,986;05:30-22:00;05:30-22:00;05:30-22:00
13.3647;38.09405;PA PALERMO VIA DELL'ORSA MAGGIORE 9-9/A;PA;PALERMO;VIA DELL'ORSA MAGGIORE 9-9/A;1,937;06:15-20:00;07:30-12:30;06:15-20:00
13.30275;38.18525;PA PALERMO VIA LANZA DI SCALEA, 2351;PA;PALERMO;VIA LANZA DI SCALEA, 2351;1,937;06:00-24:00;07:00-24:00;06:00-24:00
13.3218;38.1519;"PA PALERMO VIALE DELLA REGIONE SICILIANA NORD OVEST; 5580";PA;PALERMO;"VIALE DELLA REGIONE SICILIANA NORD OVEST; 5580";1,937;00:00-24:00;00:00-24:00;00:00-24:00
13.364;38.08835;PA PALERMO VIALE REGIONE SICILIANA SUD EST, 3290;PA;PALERMO;VIALE REGIONE SICILIANA SUD EST, 3290;1,937;00:00-24:00;00:00-24:00;00:00-24:00
13.36685;38.08815;PA PALERMO VIALE REGIONE SICILIANA SUD EST/VIA DELL'ERMELLINO - Q.RE BONAGIA;PA;PALERMO;VIALE REGIONE SICILIANA SUD EST/VIA DELL'ERMELLINO - Q.RE BONAGIA;1,937;00:00-24:00;00:00-24:00;00:00-24:00
14.0928;37.8139;PA PETRALIA SOTTANA SP54, KM 33,800 - Q.RE SAN GIUSEPPE;PA;PETRALIA SOTTANA;SP54, KM 33,800 - Q.RE SAN GIUSEPPE;1,859;07:00-13:00/15:00-19:00;09:00-13:00/16:00-19:00;08:30-13:00/15:00-19:00
13.7254;37.9669;PA TERMINI IMERESE A19 ADS CARACOLI NORD (KM 164,000);PA;TERMINI IMERESE;A19 ADS CARACOLI NORD (KM 164,000);1,583;00:00-24:00;00:00-24:00;00:00-24:00
13.6864;37.97825;PA TERMINI IMERESE VIA SENATORE CIRESI;PA;TERMINI IMERESE;VIA SENATORE CIRESI;1,986;07:00-13:00/15:00-19:30;Chiuso;07:00-13:00/15:00-19:30
14.6586;37.0326;RG CHIARAMONTE GULFI SS514, KM 12,250 - C.DA COFFA;RG;CHIARAMONTE GULFI;SS514, KM 12,250 - C.DA COFFA;1,829;06:00-21:00;06:00-21:00;06:00-21:00
14.77965;36.8069;RG MODICA SS194, KM 102,080 - C.DA QUARTARELLA;RG;MODICA;SS194, KM 102,080 - C.DA QUARTARELLA;1,839;06:00-24:00;06:00-24:00;06:00-24:00
14.81845;36.80885;RG MODICA VIA MODICA-ISPICA, 82/A (SS115) - C.DA AGUGLIE;RG;MODICA;VIA MODICA-ISPICA, 82/A (SS115) - C.DA AGUGLIE;1,799;07:00-13:00/15:00-19:00;Chiuso;Chiuso
14.690002;36.887501;"RG RAGUSA SP25; KM 2;200 ~ C.DA CIMILLÀ";RG;RAGUSA;"SP25; KM 2;200 ~ C.DA CIMILLÀ";1,839;06:00-24:00;06:00-24:00;06:00-24:00
14.66905;36.9239;RG RAGUSA SS115, KM 317,413 - C.DA MONACHELLA;RG;RAGUSA;SS115, KM 317,413 - C.DA MONACHELLA;1,799;06:00-20:00;06:30-14:00;07:00-13:00/15:00-20:00
14.7075;36.9047;RG RAGUSA VIA CARTIA - C.DA SELVAGGIO;RG;RAGUSA;VIA CARTIA - C.DA SELVAGGIO;1,839;06:00-20:30;Chiuso;07:00-20:00
14.4981;36.9458;RG VITTORIA VIA SALVATORE INCARDONA (SP16);RG;VITTORIA;VIA SALVATORE INCARDONA (SP16);1,829;06:00-12:30/15:15-18:30;Chiuso;08:00-12:00/16:00-18:30
12.8;37.66995;TP CASTELVETRANO VIA MARINELLA (SS115);TP;CASTELVETRANO;VIA MARINELLA (SS115);2,029;07:00-19:00;Chiuso;07:00-19:00
12.44675;37.80905;TP MARSALA VIA GIOVANNI FALCONE, 7 (SP21);TP;MARSALA;VIA GIOVANNI FALCONE, 7 (SP21);1,999;07:00-13:00/15:00-19:00;Chiuso;07:00-13:00/15:00-19:00
12.599;37.68195;TP MAZARA DEL VALLO VIA DEGLI ARCHI - C.DA MALERBA/Q.RE MAZARA-II;TP;MAZARA DEL VALLO;VIA DEGLI ARCHI - C.DA MALERBA/Q.RE MAZARA-II;1,999;07:00-13:00/15:00-19:00;Chiuso;07:00-13:00
9.07225;39.26565;CA ELMAS VIA IGOLA (SS391);CA;ELMAS;VIA IGOLA (SS391);1,650;06:00-20:00;08:00-12:30;07:00-20:00
17.0069;40.9997;BA RUTIGLIANO (C) SP240, KM 11,400;BA;RUTIGLIANO;SP240, KM 11,400;1,499;07:00-13:00/15:00-19:00;07:00-12:30;07:00-13:00/15:00-19:00
10.16105;45.36085;BS MANERBIO VIA LENO, 1 - Z.I. NORD;BS;MANERBIO;VIA LENO, 1 - Z.I. NORD;1,599;06:00-19:00;Chiuso;06:00-18:00
11.7219;46.8141;BZ VANDOIES - VINTL (C) CIRCONVALLAZIONE - UMFAHRUNGSSTRAßE (SS49);BZ;VANDOIES - VINTL;CIRCONVALLAZIONE - UMFAHRUNGSSTRAßE (SS49);1,999;08:15-11:45/14:30-18:15;Chiuso;08:15-11:30
14.18919;40.98775;CE AVERSA VIALE EUROPA SNC - SP 335 DEI PONTI DELLA VALLE;CE;AVERSA;VIALE EUROPA SNC - SP 335 DEI PONTI DELLA VALLE;1,399;;;
7.55265;44.4127;CN CUNEO VIA TORINO, 135 (SP20) - LOC. MADONNA DELL'OLMO;CN;CUNEO;VIA TORINO, 135 (SP20) - LOC. MADONNA DELL'OLMO;1,552;07:30-12:15/14:30-18:45;Chiuso;07:30-12:15
9.4135;46.1413;CO GERA LARIO VIA DEI TRE CONFINI, 10 - LOC. TRIVIO FUENTES;CO;GERA LARIO;VIA DEI TRE CONFINI, 10 - LOC. TRIVIO FUENTES;1,549;09:00-18:00;Chiuso;09:00-18:00
12.0173;44.23175;FC FORLÌ VIA BOLOGNA, 104;FC;FORLÌ;VIA BOLOGNA, 104;1,449;07:30-12:30/15:00-19:00;Chiuso;07:30-12:30
10.32705;43.53225;LI LIVORNO VIA PRIMETTA CIPOLLI MARRUCCI, 25;LI;LIVORNO;VIA PRIMETTA CIPOLLI MARRUCCI, 25;1,599;08:00-12:30/15:00-19:00;Chiuso;08:00-12:30
9.25685;45.4216;MI SAN DONATO MILANESE (C) P.LE SUPERCORTEMAGGIORE, 5 - LOC. METANOPOLI;MI;SAN DONATO MILANESE;P.LE SUPERCORTEMAGGIORE, 5 - LOC. METANOPOLI;1,499;07:00-19:15;Chiuso;07:30-17:30
14.5265;40.9135;NA NOLA (C) VIA FEUDO, 216;NA;NOLA;VIA FEUDO, 216;1,684;00:00-24:00;00:00-24:00;00:00-24:00
11.7462;45.2075;PD MONSELICE VIA FRAGOSE (SR10 VAR, KM 373,600);PD;MONSELICE;VIA FRAGOSE (SR10 VAR, KM 373,600);1,569;07:30-12:30/15:00-19:30;Chiuso;07:30-12:30
10.81445;43.88885;PT PIEVE A NIEVOLE VIA GIOVANNI AMENDOLA, 60 (SR435);PT;PIEVE A NIEVOLE;VIA GIOVANNI AMENDOLA, 60 (SR435);1,649;07:00-12:30/15:00-19:00;Chiuso;07:00-12:30
12.62847;41.9386;RM ROMA VIA TIBURTINA 1426-1434;RM;ROMA;VIA TIBURTINA 1426-1434;1,909;;;
12.6362;41.93035;RM ROMA VIALE DEL TECNOPOLO 361-363 - LOC. CASE ROSSE;RM;ROMA;VIALE DEL TECNOPOLO 361-363 - LOC. CASE ROSSE;2,029;06:00-21:00;06:00-13:00/16:00-21:00;06:00-21:00
12.60435;41.8917;RM ROMA VIALE MARISA BELLISARIO, 13 - LOC. TORRE SPACCATA;RM;ROMA;VIALE MARISA BELLISARIO, 13 - LOC. TORRE SPACCATA;1,909;00:00-24:00;00:00-24:00;00:00-24:00
12.1317;44.9498;RO ARIANO NEL POLESINE VIA ROMEA COMMERCIALE, 10;RO;ARIANO NEL POLESINE;VIA ROMEA COMMERCIALE, 10;1,399;07:30-12:30/15:00-19:30;Chiuso;07:30-12:30/15:00-19:30
14.7872;40.7772;SA FISCIANO VIA PONTE DON MELILLO;SA;FISCIANO;VIA PONTE DON MELILLO;1,599;07:00-20:00;Chiuso;07:00-20:00
14.65305;40.76385;SA NOCERA INFERIORE VIA PETRARCA (SR266, KM 2,000) - LOC. PIEDIMONTE;SA;NOCERA INFERIORE;VIA PETRARCA (SR266, KM 2,000) - LOC. PIEDIMONTE;1,495;06:00-22:00;06:00-22:00;06:00-22:00
14.8248;40.6508;SA SALERNO TANGENZIALE (SS18 KM 60,940), ADS SAN LEONARDO SUD;SA;SALERNO;TANGENZIALE (SS18 KM 60,940), ADS SAN LEONARDO SUD;1,599;00:00-24:00;00:00-24:00;00:00-24:00
15.2409;37.1099;SR SIRACUSA (C) C.DA TARGIA - KM 0,500;SR;SIRACUSA;C.DA TARGIA - KM 0,500;1,799;06:30-19:00;Chiuso;07:00-13:00
15.253;37.1054;SR SIRACUSA (C) C.DA TARGIA - KM 1,600;SR;SIRACUSA;C.DA TARGIA - KM 1,600;1,799;06:00-19:00;07:30-12:30;06:00-19:00
7.6183;45.0945;TO COLLEGNO C.SO SACCO E VANZETTI, DIR. SUD - LOC. BASSE DORA;TO;COLLEGNO;C.SO SACCO E VANZETTI, DIR. SUD - LOC. BASSE DORA;1,424;06:30-18:00;Chiuso;07:30-12:00
12.3184;45.9667;TV VITTORIO VENETO VIA SANT'ANTONIO DA PADOVA, 134 (SS51) - LOC. SAN GIACOMO DI VEGLIA;TV;VITTORIO VENETO;VIA SANT'ANTONIO DA PADOVA, 134 (SS51) - LOC. SAN GIACOMO DI VEGLIA;1,332;07:30-12:20/15:00-19:00;Chiuso;07:30-12:20/15:00-19:00
11.4258;45.4883;VI MONTECCHIO MAGGIORE VIALE MILANO, 25;VI;MONTECCHIO MAGGIORE;VIALE MILANO, 25;1,508;07:30-12:30/15:00-19:00;Chiuso;08:00-12:00
10.8501;45.43985;VR SONA VIA CIVEL, 1 - LOC. CIVEL;VR;SONA;VIA CIVEL, 1 - LOC. CIVEL;1,324;07:00-18:30;Chiuso;07:00-12:00
13.87585;42.10785;AQ PRATOLA PELIGNA (C) STRADA ROCCASALE (SS5, KM 5,491);AQ;PRATOLA PELIGNA;STRADA ROCCASALE (SS5, KM 5,491);1,535;07:00-19:00;08:00-12:00;08:00-12:30
14.4394;41.2446;BN FAICCHIO (C) SS372 KM 32.279;BN;FAICCHIO;SS372 KM 32.279;1,329;06:00-23:00;06:00-23:00;06:00-23:00
10.22965;45.54605;BS BRESCIA (C) VIA SAN ROCCHINO, 34;BS;BRESCIA;VIA SAN ROCCHINO, 34;1,319;07:30-12:30/14:00-19:30;Chiuso;07:30-12:30/14:00-19:30
10.2673;45.5234;BS BRESCIA (C) VIALE SANT'EUFEMIA, 5;BS;BRESCIA;VIALE SANT'EUFEMIA, 5;1,459;07:30-12:30/14:30-18:30;Chiuso;Chiuso
11.4035;46.49325;BZ CORNEDO ALL'ISARCO - KARNEID (C) VIA BRENNERO - BRENNERSTRAßE (SS12);BZ;CORNEDO ALL'ISARCO - KARNEID;VIA BRENNERO - BRENNERSTRAßE (SS12);1,478;07:30-12:00/15:00-18:45;Chiuso;07:30-11:45
11.0436;46.6631;BZ NATURNO - NATURNS (C) VIA NAZIONALE - NATIONALSTRAßE (SS38 KM 189);BZ;NATURNO - NATURNS;VIA NAZIONALE - NATIONALSTRAßE (SS38 KM 189);1,599;07:00-12:15/14:00-18:00;Chiuso;07:00-12:15
15.0039;41.9701;CB TERMOLI (C) SS87 SANNITICA, KM 220,300 (DIR. TERMOLI) CONTRADA PANTANO ALTO;CB;TERMOLI;SS87 SANNITICA, KM 220,300 (DIR. TERMOLI) CONTRADA PANTANO ALTO;1,398;06:30-21:30;06:30-21:30;06:30-21:30
9.2883;46.136;CO DONGO (C) VIA REGINA (SS340DIR KM 15,855);CO;DONGO;VIA REGINA (SS340DIR KM 15,855);2,159;08:00-12:00/14:30-19:00;Chiuso;08:00-12.00
11.2828;42.97765;GR CIVITELLA PAGANICO (C) SS223, ADS CARPINETA (KM 25,600 - DIR. SUD);GR;CIVITELLA PAGANICO;SS223, ADS CARPINETA (KM 25,600 - DIR. SUD);n.p.;07:00-19:00;07:00-19:00;07:00-19:00
9.3169;45.8116;LC SUELLO (C) VIA VALASSINA, 80 (SS36, KM 41,650 - DIR. MILANO);LC;SUELLO;VIA VALASSINA, 80 (SS36, KM 41,650 - DIR. MILANO);1,489;07:00-19:00;14:00-19:00;14:00-19:00
10.2911;43.8355;LU VIAREGGIO (C) VIA VITTIME DEL 29 GIUGNO - LOC. TORRE DEL LAGO PUCCINI;LU;VIAREGGIO;VIA VITTIME DEL 29 GIUGNO - LOC. TORRE DEL LAGO PUCCINI;1,699;06:30-19:00;Chiuso;06:30-12:30
9.30905;45.5802;MB MONZA (C) VIALE G.B. STUCCHI, 57;MB;MONZA;VIALE G.B. STUCCHI, 57;1,199;07:00-13:00/13:30-19:00;08:00-13:00;08:00-13:00/13:30-19:00
8.90995;45.546;MI BUSTO GAROLFO (C) VIA LOMBARDIA (SP109, KM 3,044);MI;BUSTO GAROLFO;VIA LOMBARDIA (SP109, KM 3,044);1,499;08:00-12:00/15:00-19:00;Chiuso;08:00-12:00
10.85315;44.53025;MO FIORANO MODENESE (C) VIA STATALE;MO;FIORANO MODENESE;VIA STATALE;1,299;07:30-12:30/15:00-19:00;Chiuso;07:30-12:30/15:00-19:00
9.728;45.0447;PC PIACENZA (C) STRADA CAORSANA, 41 - LOC. SAN LAZZARO;PC;PIACENZA;STRADA CAORSANA, 41 - LOC. SAN LAZZARO;1,354;07:30-19:00;Chiuso;07:30-15:00
12.65765;41.83075;RM FRASCATI (C) A1 DIR ADS FRASCATI OVEST (KM 13,400);RM;FRASCATI;A1 DIR ADS FRASCATI OVEST (KM 13,400);1,629;06:00-22:00;06:00-22:00;06:00-22:00
12.6062;41.8756;RM ROMA (C) A90 -GRA- ADS CASILINA INTERNA (KM 36,636);RM;ROMA;A90 -GRA- ADS CASILINA INTERNA (KM 36,636);1,599;06:00-23:00;06:00-23:00;06:00-23:00
12.3759;41.8617;RM ROMA (C) A90 -GRA- ADS PISANA INTERNA (KM. 65,543);RM;ROMA;A90 -GRA- ADS PISANA INTERNA (KM. 65,543);1,529;06:00-21:45;06:00-21:45;06:00-21:45
12.5085;41.8059;RM ROMA (C) VIA DELLA CECCHIGNOLA, 241 - LOC. CECCHIGNOLA;RM;ROMA;VIA DELLA CECCHIGNOLA, 241 - LOC. CECCHIGNOLA;1,529;07:00-13:00/15:30-19:00;Chiuso;07:00-13:00
12.5906;41.8895;RM ROMA (C) VIA DI TOR TRE TESTE, 259-265 - LOC. TOR TRE TESTE;RM;ROMA;VIA DI TOR TRE TESTE, 259-265 - LOC. TOR TRE TESTE;1,709;07:00-19:30;08:30-13:00;07:00-19:30
15.15855;37.17205;SR PRIOLO GARGALLO (C) A18 ADS BAGALI EST (E45/SS114 KM 139,400);SR;PRIOLO GARGALLO;A18 ADS BAGALI EST (E45/SS114 KM 139,400);1,799;06:00-21:30;06:00-21:30;06:00-21:30
7.614;45.0153;TO TORINO (C) STRADA DEL DROSSO, 101/A;TO;TORINO;STRADA DEL DROSSO, 101/A;1,599;07:30-12:30/15:00-19:15;Chiuso;07:30-12:30
12.2806;45.73655;TV VILLORBA (C) VIA LIVIANA SCATTOLON, 4;TV;VILLORBA;VIA LIVIANA SCATTOLON, 4;1,323;06:30-12:30/14:30-19:30;Chiuso;07:00-12:00
12.70188;45.72223;VE SAN STINO DI LIVENZA (C) VIA CAORLE, 1 (SP59);VE;SAN STINO DI LIVENZA;VIA CAORLE, 1 (SP59);1,169;07:30-12:30/15:00-19:30;Chiuso;07:30-12:30/15:00-19:00
