lat;Long;Via estesa;provincia;citta;via;prezzo;feriali;festivi;prefestivi
13.104960;37.649780;GAN- Gruppo Gandolfo;AG;SAMBUCA DI SICILIA;CONTRADA SERRONE CASA BIANCA SNC 92017, SAMBUCA DI SICILIA (AG)  92017;1.998;08:00-18:30;08:00-18:30;08:00-18:30
8.481220;44.669016;OASI;AL;ACQUI TERME;VIA CIRCONVALLAZIONE 15 15011;1.555;07:30-12:30/14:30-19:00;Chiuso;07:30-12:30
8.654644;44.900659;CIMOIL02;AL;ALESSANDRIA;via stortigliona 2 15122;1.557;07:00-20:00;08:00-13:00;07:00-20:00
8.475550;45.129555;11421 CASALE MONFERRATO;AL;CASALE MONFERRATO;S.P. PER VALENZA KM.1+360   snc;1.666;07:15-12:00/14:15-18:45;Chiuso;Chiuso
8.464309;45.122856;CASALE MONFERRATO-LOC S BERNARDINO.;AL;CASALE MONFERRATO;LOCALITA' SAN BERNARDINO SN 15033;1.666;08:30-12:30/15:30-19:30;Chiuso;08:30-12:30
8.452923;45.102757;DISCAR CASALE MONFERRATO;AL;CASALE MONFERRATO;S.da Alessandria 26/B 15033;2.200;07:00-19:00;Chiuso;07:00-19:00
8.460340;45.162602;ENI 11455;AL;CASALE MONFERRATO;31 KM 22 + 335 SNC 15033;1.666;07:30-12:15/14:30-19:00;Chiuso;08:00-13:00
8.813390;44.767025;AUTOFFICINA TRAVERSO ANDREA METANO;AL;NOVI LIGURE;VIA CASSANO KM.0,500 SNC 15067;1.557;07:30-12:30;Chiuso;07:30-12:30
8.838378;44.760605;BETTOLE DI NOVI LIGURE EST;AL;NOVI LIGURE;A7 MILANO-SERRAVALLE, Km. 10, GE-MI - 15067;1.397;00:00-24:00;00:00-24:00;00:00-24:00
8.356291;44.903631;CROCETTA SUD;AL;QUATTORDIO;Autostrada A21 TORINO-PIACENZA,  Km. 48, dir. est 15028;1.759;;;
8.746014;45.101701;Eni 11409;AL;TORTONA;211 AL KM 13 + 350 SNC 15057;1.460;;;
8.858989;44.870030;METANO TORTONA;AL;TORTONA;Strada Statale, Km. 0, romaniana - 15057;1.557;07:00-20:00;8:00-13:00;07:00-20:00
13.498353;43.613782;ANCONA;AN;ANCONA;VIA DEL LAVORO - -;1.649;06:00-12:30/15:30-20:30;07:00-13:00;06:00-13:00
13.520998;43.593459;ANCONA ASSE NORD/SUD - LOC.COLLEVERDE;AN;ANCONA;ASSE NORD/SUD - LOC.COLLEVERDE SNC 60100;1.569;07:30-13:30/14:30-20:00;Chiuso;07:30-13:30/14:30-20:00
13.528832;43.519120;CAMERANO VIA FARFISA;AN;CAMERANO;VIA FARFISA SNC 60021;1.379;;;
13.578768;43.450926;Castelfidardo 1;AN;CASTELFIDARDO;S.P. 3 VAL MUSONE KM 2.840 SCN 60022;1.475;07:00-19:00;Chiuso;07:00-19:00
13.104385;43.497104;SCUPPA ROBERTO;AN;CASTELPLANIO;LOCALITA' CANNEGGE 5 60032;1.769;06:00-21:00;08:00-12:00/15:00-19:00;06:00-21:00
13.348558;43.597386;CHIARAVALLE;AN;CHIARAVALLE;Strada Prov.le per Castelferretti  - -;1.649;06:30-20:30;07:00-13:00;06:30-20:30
13.329875;43.628661;Interpetrol A14 Montemarciano;AN;CHIARAVALLE;Via San Bernardo 67 60030;1.599;07:30-12:30/15:00-19-30;Chiuso;07:30-12:30
13.080100;43.646227;ALL SERVICE POINT CORINALDO;AN;CORINALDO;S.P CORINALDESE 14+100  60013;1.799;07:00-12:30/15:00-19:30;07:00-12:30/15:00-19:30;07:00-12:30/15:00-19:30
12.942911;43.345732;BIEFFE S.A.S. DISTRIBUTORE METANO DI BELLOCCHI PAOLO E C.;AN;FABRIANO;Via Ermanno Casoli 5  60044;1.599;07:00-20:00;08:00-12:30;07:00-20:00
12.860240;43.345872;SACAT FABRIANO;AN;FABRIANO;STRADA COMUNALE MONTE CUCCO KM.2+743  60044;1.599;07:00-13:00/14:00-20:00;07:00-13:00;07:00-13:00/14:00-20:00
13.335072;43.627772;ESINO EST;AN;FALCONARA MARITTIMA;Autostrada A14 BOLOGNA-BARI-TARANTO, Km. 208+700, dir. Nord - -;1.819;00:00-24:00;00:00-24:00;00:00-24:00
13.394921;43.615724;GOLDENGAS Shell Falconara Sanzio Est;AN;FALCONARA MARITTIMA;16 Adriatica, Km. 291 + 475, nord  - 60015;1.699;7:30-12:30/15:30-19:30;Chiuso;7:30-12:30
13.368519;43.640041;metano fmc CARLETTI;AN;FALCONARA MARITTIMA;VIA CLEMENTINA 1/A 60015;1.599;06:30-21:00;07:30-21:00;06:30-21:00
13.344651;43.440160;Stazione di Servizio IS - Filottrano;AN;FILOTTRANO;VIA DELL'INDUSTRIA 79/B 60024;1.599;07:00-12:30/15:00-19:30;Chiuso;07:00-12:30/15:00-19:30
13.215211;43.506272;BEYFIN;AN;JESI;ROMA 198 BIS 60035;1.699;07:00-12:30/15:30-19:30;Segue turni;07:00-12:30
13.325829;43.576824;GOLDENGAS Shell Coppetella;AN;JESI;76 della Val d'Esino, Km. 67 + 504, aeroporto Raffaello Sanzio - 60035;1.699;07:30-19:30;07:30-12:30;07:30-13:00/15:00-19:30
13.218630;43.488620;JESI 1 SRL;AN;JESI;PIANDELMEDICO 99 60035;1.699;07:30-19:30;Chiuso;07:30-19:30
13.254230;43.515490;JESI 1 SRL CENTRO;AN;JESI;GUGLIELMO MARCONI 166 60035;1.699;06:30-21:00;06:30-21:00;06:30-21:00
13.277903;43.557406;Rifornimento Carburanti di Francioni Roberto & C. s.n.c.;AN;JESI;VIA SS 76 KM 67+744 VIA ANCONA 87 60035, JESI (AN) 87 60035;1.699;;;
13.645457;43.434585;METANO LORETO SAS;AN;LORETO;VIA SELVE  60025;1.599;08:00-20:00;07:00-12:00/15:00-20:00;07:00-20:00
13.051400;43.459300;SAM METANO;AN;MERGO;Via Montirone 8  60030;1.799;06:00-20:00;07:00-12:30/14:30-19:30;06:00-20:00
13.452170;43.539860;Stazione di Servizio IS - Offagna;AN;OFFAGNA;SPADARIA 2 SIROLO-SENIGALLIA KM16+665.7  60020;1.499;07:00-13:00/15:00-19:00;Chiuso;07:00-13:00/15:00-19:00
13.496924;43.499042;Goldengas Shell San Biagio via D'Ancona;AN;OSIMO;Statale 361 Septempedana, Km. 5060, dir. sud - 60027;1.599;07:00-19:30;Chiuso;07:30-12:30/14:00-19:00
13.535809;43.499962;OSIMO;AN;OSIMO;Statale 16 Adriatica, Km. 312+400, dir. ANCONA - -;1.565;06:30-21:00;07:00-13:00;06:30-21:00
13.456326;43.463439;STAZIONE DI SERVIZIO IP PADIGLIONE;AN;OSIMO;361 Septempedana, Km. 12+120, Montefano - 60027;1.479;07:00-19:00;07:00-12:30/15:00-19:00;07:00-19:00
13.314338;43.471221;Area di servizio Pradellona;AN;SANTA MARIA NUOVA;VIA PRADELLONA SNC 60030;1.599;06:00-20:00;07:30-12:30;06:00-20:00
12.873086;43.436132;TAMOIL - SASSOFERRATO;AN;SASSOFERRATO;"VIA S.P.360  KM 49 039;892 LOC. FORNACI SN 60041, SASSOFERRATO (AN) - 60041";1.699;07:00-20:00;07:00-12:30;07:00-20:00
13.157576;43.669719;ALL SERVICE POINT S.R.L.;AN;SENIGALLIA;FRAZIONE S. P. CORINALDESE-BRUGNETTO KM.5+641, 60019 - -;1.799;06:00-20:30;06:00-12:30;06:00-20:30
13.185117;43.731109;ESSEPI SRL;AN;SENIGALLIA;VIA ENRICO MATTEI 23/1 60019;1.799;;;
13.175209;43.745039;VULCAN SENIGALLIA;AN;SENIGALLIA;RAFFAELLO SANZIO SN 60019;1.699;08:30-21:00;08:30-21:00;08:30-21:00
13.032121;43.563623;STAZIONE SHELL;AN;SERRA DE' CONTI;Statale 360 Arceviese, Km. 24,164, dir. ARCEVIA - 60030;1.799;;;
13.085796;43.719403;TREOIL SRLS;AN;TRECASTELLI;PROVINCIALE VALCESANO 60 60012;1.758;07:00-19:30;07:00-19:30;07:00-19:30
7.368582;45.734917;7624;AO;POLLEIN;Località Autoporto  11020;1.629;08:00-12:00/15:00-19:00;Chiuso;08:00-12:00
13.701518;42.853977;7626;AP;ASCOLI PICENO;CAMPOLUNGO SNC 63100;1.349;Chiuso;Chiuso;Chiuso
13.633093;42.836685;Eredi Celani Luigi s.r.l. Metano;AP;ASCOLI PICENO;Via Navicella 123 63100;1.495;07:00-20:00;Chiuso;07:00-20:00
13.700925;42.855002;GOLDENGAS area servizio API Ascoli Z.I. Campolungo;AP;ASCOLI PICENO;ZONA INDUSTRIALE CAMPOLUNGO SNC 63100;1.559;07:00-20:00;08:00-12:00/15:00-19:00;07:00-20:00
13.595139;42.860905;IP ASCOLI PICENO;AP;ASCOLI PICENO;Via delle Zeppelle  63100;1.549;07:00-20:00;07:00-13:00;07:00-20:00
13.673419;42.969221;Ip amadio;AP;COSSIGNANO;CONTRADA GALLO 33, 63067 - -;1.619;07:00-13:00/14:00-20:00;07:00-13:00;07:00-13:00/14:00-20:00
13.835004;43.034172;METANO C;AP;CUPRA MARITTIMA;VIA SAN GIACOMO DELLA MARCA 4 63012;1.649;07:00-20:00;07:00-13:00;07:00-20:00
13.836439;42.982146;MS Carburanti;AP;GROTTAMMARE;Contrada Granaro 398/A 63066;1.649;07:00/20:00;07:30-12:30/15:30-19:30;07:00/20:00
13.698835;42.846253;Goldengas spa PV Maltignano;AP;MALTIGNANO;R.A. 11 ASCOLI MARE KM. 8+252 SNC 63085;1.559;;;
13.821616;42.883166;DISTRIBUTORE CARBURANTI CONAD;AP;MONSAMPOLO DEL TRONTO;Via Cristoforo Colombo 51 63077;1.395;00:00-20:00;00:00-20:00;00:00-20:00
13.895752;42.893484;METANO P;AP;SAN BENEDETTO DEL TRONTO;STRADA DELLE MACCHIE 5 63039;1.649;07:00-13:30;07:00-13:30;07:00-13:30
13.892738;42.896595;VULCAN S. BENEDETTO T.;AP;SAN BENEDETTO DEL TRONTO;SAN GIOVANNI 7 63074;1.699;07:00-20:00;09:00-20:00;07:00-20:00
13.766603;42.862509;IDP Pagliare di Spinetoli;AP;SPINETOLI;8 MARZO 10 63078;1.549;07:30-13:00/15:00-19:30;Chiuso;07:30-13:00/15:00-19:30
13.444656;42.019248;ARCHE' AVEZZANO VIA NUOVA;AQ;AVEZZANO;VIA NUOVA  SNC 67051;1.689;07:30-12:30/15:00-19:00;Chiuso;07:30-12:30
13.428442;42.006507;AREA BIANCA v.pertini;AQ;AVEZZANO;VIA SANDRO PERTINI SNC 67051;1.605;08:00-18:00;08:30-12:00;08:00-18:00
13.452698;42.038761;area bianca v.buonarroti;AQ;AVEZZANO;VIA MICHELANGELO BUONARROTI 118-120 67051;1.595;07:30-20:00;08:00-13:00;07:30-24:00
13.601170;41.769784;Stazione di Servizio ENI;AQ;BALSORANO;SS 690 KM 39,310 SNC 67052;1.589;07:00-19:30;Chiuso;07:00-19:30
13.515158;42.324011;L'Aquila - Barisciano;AQ;BARISCIANO;Località Collerendola  67021;1.699;07:00-12:30/15:30-19:00;Chiuso;07:00-12:30
13.374787;42.363164;L'Aquila - Casermette;AQ;L'AQUILA;VIA SUPEREQUM 4 67100;1.699;07:00-19:00;Chiuso;07:00-19:00
13.037150;42.066270;CIVITA SUD;AQ;ORICOLA;Autostrada A24 ROMA-L'AQUILA-TERAMO,  Km. 48, dir. L'Aquila 67060;1.529;00:00-24:00;00:00-24:00;00:00-24:00
13.037050;42.066220;CIVITA SUD;AQ;ORICOLA;Autostrada A24 ROMA-L'AQUILA-TERAMO,  Km. 48, dir. L'Aquila 67060;1.529;00:00-24:00;00:00-24:00;00:00-24:00
13.056703;42.079945;Eni Gnl Metano distributore Oricola;AQ;ORICOLA;Via Tiburtina Valeria, Km. 68,300 SNC 67063;1.599;08:00-19:00;Chiuso;08:00-19:00
13.875598;42.107686;ENI 16555 - 2D di De Stephanis Giuseppina & c.;AQ;PRATOLA PELIGNA;5 DIR KM. 5+491 SN 67035;1.599;07:00-19:00;08:00-12:00;08:00-12:30
13.906801;42.075676;area servizio Q8;AQ;SULMONA;DELLA REPUBBLICA SNC 67039;1.605;07:00-19:00;07:00-19:00;07:00-19:00
13.302485;42.052897;L'Aquila - Tagliacozzo;AQ;TAGLIACOZZO;S.S. TIBURTINA VALERIA KM.102 SNC 67069;1.549;07:00-13:00/15:00-19:00;Chiuso;07:00-13:00
11.783396;43.439263;AREZZO BATTIFOLLE;AR;AREZZO;679 Arezzo-Battifolle, Km. 7+489, AREZZO - 52100;1.659;06:00-19:30;06:00-19:30;06:00-19:30
11.808210;43.456290;AREZZO PESCAIOLA;AR;AREZZO;S.P. 21 DI PESCAIOLA - LOC SAN GIULIANO  52100;1.699;07:30-12:30/15:00-19:00;Chiuso;Chiuso
11.808431;43.454201;AREZZO SAN GIULIANO;AR;AREZZO;Statale 679 Arezzo-Battifolle, Km. 4+830, dir. AUTOSTRADA - 52100;1.699;06:00-20:00;06:00-20:00;06:00-20:00
11.866258;43.446000;AREZZO SAN MARCO;AR;AREZZO;S.S.73 SENESE ARETINA  52100;1.699;06:30-19:30;Chiuso;06:30-19:30
11.796734;43.444693;Arezzo - Battifolle;AR;AREZZO;BATTIFOLLE KM.6+250 SNC 52100;1.649;07:30-12:30/15:30-19:00;Chiuso;07:30-12:30
11.832518;43.476181;Arezzo - San Leo;AR;AREZZO;S.S. 69 VALDARNO KM. 62 SNC 52100;1.699;07:00-12:30/15:00-19:00;Chiuso;07:00-12:30
11.868379;43.477209;Arezzo - Setteponti;AR;AREZZO;SETTEPONTI 41 52100;1.699;00:00-24:00;00:00-24:00;00:00-24:00
11.848218;43.416719;ENICAFE;AR;AREZZO;Statale 71 Umbro Casentinese Romagnola, Km. 141, dir. PERUGIA - 52100;1.647;07:30-12:30/15:30-19:00;Chiuso;07:30-12:30
11.880088;43.452022;F.LLI MAZZI SRL;AR;AREZZO;VIALE MECENATE 81/A 52100;1.999;05:00-01:00;05:00-01:00;05:00-01:00
11.802806;43.694242;AREA DI SERVIZIO LECHIANE;AR;BIBBIENA;VIA BUONCONTE DA MONTEFELTRO 9 52011;1.649;7:30-12:30/15:00-19:00;Chiuso;8:00-12:30
11.762473;43.406522;BADIA AL PINO OVEST;AR;CIVITELLA IN VAL DI CHIANA;Autostrada A1 MILANO-NAPOLI, Km. 362+300, dir. Sud - 52041;1.599;00:00-24:00;00:00-24:00;00:00-24:00
11.768329;43.408875;MANNELLI GIUSEPPE SRL;AR;CIVITELLA IN VAL DI CHIANA;Via dei Boschi 2 52041;1.659;07:30-13:00/15:00-19:00;Chiuso;07:30-13:00
11.799241;43.401821;pv 34613;AR;CIVITELLA IN VAL DI CHIANA;SS. 680 Km. 10+640, snc Monte S.Savino - S.Zeno (AR) snc 52041;1.552;;;
11.959243;43.250487;Arezzo - Camucia;AR;CORTONA;STRADA PROVINCIALE DI MANZANO 1046 52044;1.599;07:00-12:30/14:30-20:00;07:30-12:30;07:00-12:30/14:30-19:30
11.818868;43.258944;OP Petroli FOIANO DELLA CHIANA;AR;FOIANO DELLA CHIANA;VIA DI AREZZO SP327 49/A/B 52045;1.699;07:00-19:00;07:00-12:00;07:00-19:00
11.827706;43.242319;Piccini Energy - Foiano della Chiana;AR;FOIANO DELLA CHIANA;STRADA PROVINCIALE 327 LOC. PIALLA VIA DEL PORTO SNC  52045;1.579;07:30-12:30/15:00-20:00;Chiuso;07:30-12:30
11.809258;43.223694;SIVOC;AR;FOIANO DELLA CHIANA;DELLE FARNIOLE 27 52045;1.599;06:30-20:30;06:30-20:30;06:30-20:30
11.756374;43.328439;IP MONTE SAN SAVINO;AR;MONTE SAN SAVINO;LOC. LE VERTIGHE 623/A 52048;1.999;07:00-13:00/14:30-20:00;Chiuso;07:00-13:00/14:30-19:30
11.553701;43.539835;METANAUTO S.R.L.;AR;MONTEVARCHI;VIA AMMIRAGLIO BURZAGLI 233 52025;1.880;07:00-20:00;07:00-13:00;07:00-13:00
11.775044;43.724304;AQUILA - PONTE A POPPI;AR;POPPI;Statale 70 della Consuma, Km. 35+360, dir. Arezzo - 52014;1.699;07:00-12:30/15:00-19:30;Chiuso;07:00-12:30
12.118700;43.576310;ADS Città del Palio della Balestra;AR;SANSEPOLCRO;Strada Statale E45 Km 138,85 Nord dir. Cesena  52037;1.649;06:00-20:00;06:00-20:00;06:00-20:00
12.117689;43.576371;ADS Città di Piero della Francesca;AR;SANSEPOLCRO;FRAZIONE VANNOCCHIA 81/B 52037;1.649;06:00-22:00;07:00-20:00;07:00-20:00
12.121032;43.566463;PicciniFuels - Dir. Arezzo;AR;SANSEPOLCRO;VIA SENESE ARETINA  102-104 52037;1.549;06:30-19:30;06:30-19:30;06:30-19:30
12.121668;43.566424;PicciniFuels - Dir. Sansepolcro;AR;SANSEPOLCRO;Via Senese Aretina  121 52037;1.649;07:00-12:30/15:00-19:00;Chiuso;07:30-12:30
8.177908;44.904735;1480 – Asti;AT;ASTI;Corso Torino, 475  14100;1.652;07:30-12:30/14:30-19:00;Chiuso;07:30-12:30
8.222058;44.905632;Enercoop Asti;AT;ASTI;Via MONTI 2a 14100;1.590;07:30-19:30;08:30-13:00;07:30-19:30
8.166683;44.901757;Inzirillo Salvatore Roberto;AT;ASTI;CORSO TORINO 442 14100;1.799;07:30-12:20/14:30-18:50;Chiuso;08:00-13:00
8.229863;44.992968;CALLIANO;AT;CALLIANO MONFERRATO;S.P. 457 PER MONCALVO - LOC. PIRENTA  14033;1.599;07:00-12:30/14:00-19:00;Chiuso;07:00-12:30/14:00-18:30
8.321720;44.877909;7383;AT;CASTELLO DI ANNONE;S.S.N. 10 KM 69+155 SN 14034;1.619;07:30-18:30;Chiuso;07:30-12:30
7.948330;44.936764;DISCAR VILLANOVA D'ASTI;AT;VILLANOVA D'ASTI;STRADA EX S.S. N. 10 PADANA INFERIORE KM. 35+100 S.N. 14019, VILLANOVA D'ASTI (AT) +100 14019;1.999;07:30-12:00/15:00-18:45;Chiuso;07:30-12:00
14.593248;40.952213;Pit Stop;AV;AVELLA;7 bis di Terra di Lavoro, Km. 58+400, Avellino  83021;1.729;08:00-23:00;08:00-23:00;08:00-23:00
14.598524;40.957574;fuel 58;AV;AVELLA;NAZ.DELLE PUGLIE KM58+001 SNC 83021;1.899;;;
14.819323;40.929372;AVELLINO;AV;AVELLINO;Contrada Fontanatetta 24 83100;1.599;07:00-20:00;08:00-13:00;07:00-20:00
15.073228;41.070303;Q8 CAUTILLO;AV;GROTTAMINARDA;91 bis Irpina, Km. KM 1 +174, NAPOLI - 83035;1.759;05:00-21:30;06:30-20:30;05:00-21:30
14.831995;40.937226;BARRASSOCARBURANTI;AV;MANOCALZATI;Statale 7 bis di Terra di Lavoro, Km. 7+305, dir. avellino - 83035;1.599;;;
14.748905;40.915073;CENTRO FLAME;AV;MERCOGLIANO;VIA VIA P.S. MANCINI SNC 83013, MERCOGLIANO (AV)  83013;1.599;07:00-21:00;07:00-19:00;07:00-21:00
14.779603;40.820193;CALIFANO SERVICE - MONTORO;AV;MONTORO;VIA cimitero snc 83025, MONTORO (AV) SNC 83025;1.489;06:00-00:30;06:00-00:30;06:00-00:30
14.839010;40.968610;MOCCIA;AV;PRATOLA SERRA;7/BIS KM. 304+200 SNC 83039;1.599;07:00-20:00;07:00-13:00;07:00-20:00
16.867742;40.894483;DE BERNARDIS snc - CAMER;BA;ACQUAVIVA DELLE FONTI;STRADA PROVINCIALE PER SAMMICHELE KM. 1,700  70021;1.699;07:00-20:00;Chiuso;07:00-20:00
16.879120;41.016426;PLUS;BA;ADELFIA;VIA VALENZANO Km. 1,2 70010;1.786;06:30-19.30;07:00-12:30;06:30-19.30
16.623056;40.892261;CAMER ALTAMURA;BA;ALTAMURA;96 Barese, Km. 90+400, bari - 70022;1.650;06:30-22:00;Chiuso;06:30-22:00
16.568944;40.813890;DIGISERVICE SRL;BA;ALTAMURA;VIA CARPENTINO SP.ALTAMURA-LATERZA SN 70022;1.699;05:00-22:00;06:00-13:00;05:00-22:00
16.549699;40.816093;sanrocco carburanti srl;BA;ALTAMURA;Via Pietro Colletta SNC 70022;1.699;05:30-20:30;05:30-13:00;05:30-20:30
16.846811;41.100930;9119 BARI;BA;BARI;VIA GEN.BELLOMO-S.FARA SS.271-KM.4,197  SN;1.784;;;
16.925234;41.102404;ALBERGO PETROLI;BA;BARI;VIA GIOVANNI GENTILE 73/C/BIS 70126;1.759;06:00-21:30;06:00-14:00;06:00-21:30
16.866877;41.081132;BARI CORSO ALCIDE DE GASPERI 330;BA;BARI;Corso Alcide de Gasperi 330  70125;1.699;;;
16.865392;41.088997;DI 07;BA;BARI;Via Gen. dalla Chiesa  1 ang. Via Giulio Petroni  70100;1.699;06:00-21:00;06:00-13:00;06:00-21:00
16.778331;41.150452;DI 09;BA;BARI;Via Nazionale  8/V 70128;1.699;;;
16.848741;41.113891;DI 10;BA;BARI;Via Giuseppe Tatarella  70100;1.699;07:30-12:30/15:00-18:45;Chiuso;07:30-12:30
16.862908;41.089512;IP 31;BA;BARI;16 Adriatica, Km. 802+950, BRINDISI - 70124;1.699;00:00-24:00;00:00-24:00;00:00-24:00
16.938123;41.097243;M&M power s.r.l.;BA;BARI;VIA GIOVANNI GENTILE 99/A 70126;1.699;07:00-21:00;07:00-14:00;07:00-21:00
16.829099;41.123888;Sud Italia Gas srl;BA;BARI;EUROPA 18/B 70132;1.699;00:00-24:00;00:00-24:00;00:00-24:00
16.799320;41.123889;TOIL BARI;BA;BARI;VIALE EUROPA 73/U 70132;1.699;05:00–22:30;05:00–22:30;05:00–23:00
16.764832;41.026810;GATTI AREA;BA;BITETTO;PROV 90 BITETTO-SANN. KM 0+790 70020;1.767;06:30-20:00;Chiuso;06:30-20:00
16.696621;41.133861;CAMER BITONTO;BA;BITONTO;SP.NR.218 POLIGONALE IMP.MET. SN 70032;1.599;06:30-19:15;06:30-12:15;06:30-19:15
16.727762;41.136285;IP 32;BA;BITONTO;S.P. 91 KM. 2+750  70032;1.550;05:45-19:00;05:45-13:00;05:45-19:00
16.910749;41.052448;DI 08;BA;CAPURSO;100 di Gioia del Colle, Km. 9+600, TARANTO - 70010;1.699;06:30-19:00;08:00-12:30;07:00-19:00
16.910753;41.052456;IP;BA;CAPURSO;STATALE 100 KM 9,560 70010;1.659;06:30-19:00;08:00-12:30;07:00-19:00
16.912239;41.004842;EDISON - EME SRLS;BA;CASAMASSIMA;STRADA SCONOSCIUTA CASAMASSIMA  70010;1.695;06:00-20:00;07:00-13:00;06:00-20:00
17.200022;40.821644;ENI CASTELLANA GROTTE;BA;CASTELLANA GROTTE;Statale 172 dei Trulli, Km. 28,587, dir. ALBEROBELLO-PUTIGNANO - 70013;1.699;05:00-20:00;05:00-13:00/15:00-20:00;05:00-13:00/15:00-20:00
17.133551;40.936492;D&F DI COLELLA DAVIDE;BA;CONVERSANO;S.P. 240 km 25+590 SNC 70014;1.699;07:00–19:30;07:00–12:30;07:00–19:30
16.453539;41.146212;STAZIONE DI SERVIZIO IP DI ARBORE SAVINO;BA;CORATO;S.P. 85 - KM. 9,650 SNC 70033;1.689;05:00-19:30;Chiuso;05:00-19:30
16.941693;40.807928;DI 25;BA;GIOIA DEL COLLE;100 di Gioia del Colle, Km. 38+200, BARI - 70023;1.550;06:30-19:30;Chiuso;06:30-19:30
16.704398;41.167661;54496 – Giovinazzo Nord;BA;GIOVINAZZO;S.S. 16 BIS KM. 787 + 230  70054;1.670;07:30-12:30/15:00-19:00;Chiuso;07:30-12:30
16.703346;41.167350;54501 – Giovinazzo Sud;BA;GIOVINAZZO;S.S. 16 BIS KM. 787 + 220  70054;1.670;04:00-20:00;04:00-20:00;04:00-20:00
16.684503;41.173349;ROXIENNE SRL;BA;GIOVINAZZO;Statale 16 bis Adriatica, Km. 785+450, dir. BARI  70054;1.629;04:00-20:00;05:00-13:00;04:00-19:00
16.443087;40.818942;GIANNETTA GIUSEPPE;BA;GRAVINA IN PUGLIA;ALTAMURA EXS.S.96 KM.71-700 - 70024;1.645;06:30-12:30/15:00-19:00;Chiuso;06:30-12:30/15:00-19:00
16.450007;40.820018;ITALSUD CARBURANTI;BA;GRAVINA IN PUGLIA;VIA S. VICINO C.S. 70024;1.650;05:00-21:00;06:00-20:00;05:00-21:00
16.452101;40.821274;metanauto gravina ba srl;BA;GRAVINA IN PUGLIA;VIA PIERLUIGI NERVI - ZONA PIP  70024;1.749;04:30-20:30;05:30-13:00;04:30-20:30
17.311543;40.759854;Cardone Giuseppe Eni;BA;LOCOROTONDO;Strada Statale 172  KM 41+761 70010;1.599;07:00-12:30/15:00-19:30;Chiuso;07:00-12:30
16.769010;41.095892;MURGE EST;BA;MODUGNO;Autostrada A14 BOLOGNA-BARI-TARANTO, Km. 671+444, dir. Nord - 70026;1.731;00:00-24:00;00:00-24:00;00:00-24:00
16.773363;41.107900;erg spa;BA;MODUGNO;strada provinciale modugno palese km 2,200 sc  70026;1.659;08:00-19:00;Chiuso;08:00-14:00
17.059337;41.041754;D & F SRL - PV ENI MOLA;BA;MOLA DI BARI;SP111 KM 1+235 70042;1.699;05:00-21:00;06:00-13:30;05:00-21:00
16.556762;41.204256;MOLFETTA EASY CC MONGOLFIERA;BA;MOLFETTA;Via dell'Arte Bianca  70056;1.769;07:30-12:30/15:00-19:00;Chiuso;07:30-12:30/15:00-19:00
16.590257;41.179579;lanza giammaria;BA;MOLFETTA;CONTRADA SANTA LUCIA  70056;1.659;07:00-13:30/15:00-21:00;07:00-13:30/16:00-20:00;07:00-13:30/15:00-21:00
16.582828;41.182176;lanza giammaria;BA;MOLFETTA;VIA TERLIZZI KM 1.00 70056;1.659;;;
17.260894;40.965572;D&F CAFFE' S.R.L.;BA;MONOPOLI;STRADA COMUNALE S. ANTONIO SN 70043;1.679;04:00-20:30;Chiuso;04:00-20:30
17.281528;40.960016;SOGEDI SRL PUNTO VENDITA ENI 9151;BA;MONOPOLI;VIALE ALDO MORO 59 70043;1.759;06:00-21:00;06:00-21:00;06:00-21:00
17.099099;40.802314;IP;BA;NOCI;sp 239   70015;1.599;07:00-12:30/15:00-17:30;Chiuso;07:00-12:30
16.989056;41.062474;eni;BA;NOICATTARO;SP57 KM 0+200;1.681;;;
16.706616;41.066515;DI 23;BA;PALO DEL COLLE;S.P. 220  KM. 0+570 70027;1.767;07:00-20:00;Chiuso;07:00-20:00
17.143520;40.866259;Stazione di servizio IP;BA;PUTIGNANO;SP 237 PER CASTELLANA GROTTE 55 70017;1.729;06:00-12:30/14:30-19:00;Chiuso;06:00-12:30/14:30-19:00
16.979970;41.005810;Agil;BA;RUTIGLIANO;84 ADELFIA-RUTIGLIANO KM 8 +250 70018;1.699;05:00-23:00;07:00-13:00;05:00-23:00
17.006979;40.999585;ip Multiservice Car F.lli Lorusso;BA;RUTIGLIANO;STRADA PROVINCIALE SP 240 KM 11,398  70018;1.499;07:00-13:00/15:00-19:00;07:00-12:30;07:00-13:00/15:00-19:00
16.808854;41.017467;STAZIONE DI SERVIZIO IP;BA;SANNICANDRO DI BARI;S.P. 236 KM 14+476 SNC 70028;1.767;06:00–19:30;Chiuso;06:00–19:30
16.752624;40.824062;LATERZA PETROLI SRL;BA;SANTERAMO IN COLLE;S.P. 236 KM.37+403  70029;1.789;05:00-22:00;06:00-22:00;05:00-22:00
16.584262;41.115943;CAMER TERLIZZI;BA;TERLIZZI;LOC.SOVERETO S.P.231 KM.16+800 SN 70038;1.599;06:15-20:00;07:00-13:00;06:15-20:00
16.549017;41.112654;ENI;BA;TERLIZZI;STRADA PROVINCIALE 231 KM. 19,800  70038;1.699;00:00-24:00;00:00-24:00;00:00-24:00
16.515388;41.123423;Totalerg;BA;TERLIZZI;S.P.TERLIZZI-RUVO DI PUGLIA KM.1,230  70038;1.579;05:30-21:00;07:00-13:00;06:00-13:00/15:00-21:00
16.997528;40.916620;38004 TURI;BA;TURI;S.P.215 KM.3+155 (C.DA LAMA DI SCELZA);1.704;07:30-12:30/15:00-19:00;Chiuso;07:30-12:30
9.819414;45.778656;la roggia;BG;ALBINO;ex  strada statale 671 km 26+825 13 24121;1.599;05:00-20:00;Chiuso;05:00-20:00
9.780938;45.483863;ANTEGNATE VIA DEL COMMERCIO 3-SHOPPING CENTER;BG;ANTEGNATE;VIA DEL COMMERCIO - SHOPPING CENTER 3 24051;1.345;;;
9.678003;45.664837;MAC CONTINI BERGAMO;BG;BERGAMO;VIA ZANICA 119 24126;1.625;06:30-21:30;08:00-12:00/15:00-19:00;06:30-21:30
9.685681;45.690580;SHELL BERGAMO;BG;BERGAMO;MAURO GAVAZZENI 39 24121;1.399;;;
9.639634;45.540424;Mpm Service Srl;BG;BRIGNANO GERA D'ADDA;Strada Provinciale 128   24053;1.595;07:00-12:00/14:00-18:30;Chiuso;07:00-12:00/14:00-18:00
9.761537;45.682336;AL.BO. SNC;BG;BRUSAPORTO;STATALE 42 KM 28 +250 SN 24060;1.999;05:30-19:30;Chiuso;05:30-19:30
9.793211;45.596811;ESSO hbh servizi sas di Abid hussain;BG;CALCINATE;S.P 122 km18 + 985    25035;1.549;06:00-19:00;08:00-12:30;06:00-19:00
9.752009;45.643118;Stazione ENI Autolavaggio Blue Bubbles;BG;CALCINATE;498 Soncinese, Km. 5, Soncino - 24050;1.649;07:00-12:15/14:00-19:15;Chiuso;07:00-12:15/14:00-19:15
9.908224;45.742795;alex pellegrini;BG;CASAZZA;VIA NAZIONALE 25 24060;1.452;04:00-20:00;Chiuso;04:00-20:00
9.870435;45.836977;area di servizio carburanti di ramic semir;BG;CASNIGO;VIA Serio 70 24020, CASNIGO (BG) 70 24020;1.699;07:00-12:00/14:00-19:00;Chiuso;07:00-12:00/14:00-19:00
9.887398;45.638170;Belotti Automobili s.r.l.;BG;CASTELLI CALEPIO;VIA DEI MILLE 186 24060;1.820;07:15-12:15/14:30-19:15;Chiuso;07:15-12:15/14:30-18:45
9.960627;45.882961;UNION;BG;CLUSONE;ex ss671 km 35+900  24023;1.659;07:30-12:15/14:00-19:00;Chiuso;07:30-16:30
9.803935;45.656104;CMB CARBURANTI;BG;COSTA DI MEZZATE;STRADA PROVINCIALE 91 SN 24060;1.450;06:30-19:00;Chiuso;06:30-18:00
9.617300;45.683324;Curno;BG;CURNO;VIA FERMI ANGOLO VIA CURNASCO SNC 24035;1.449;07:30-20:00;08:00-20:00;08:00-20:00
9.613474;45.679567;ENI 01637;BG;CURNO;Statale 671 della Val Seriana, Km. 0,982, dir. bergamo - 24035;1.452;06:00-19:25;07:00-12:25;06:00-12:25
9.616631;45.646497;mora renato gaetano;BG;DALMINE;via provinciale 39 24044;1.879;07:30-12:30/14:30-19:00;Chiuso;07:30-12:30/14:30-18:30
9.812741;45.473741;distributore Center Park;BG;FONTANELLA;498 Soncinese, Km. 1.350, Bergamo  24056;1.595;06:30-12:15/14:30-19:15;Chiuso;06:30-12:15/14:30-19:15
9.710068;45.660156;La Combustibili;BG;GRASSOBBIO;VIA PER AZZANO 36 24050;1.625;07:30-19:30;Chiuso;07:30-19:30
9.560859;45.714086;ENERCOOP;BG;MAPELLO;VIA VIA STRADA REGIA 4 24030, MAPELLO (BG) 4 24030;1.449;07:30-12:30/15:00-19:30;Chiuso;07:30-12:30/15:00-19:30
9.749540;45.736033;COMMERCIALE PAGANONI PC01;BG;NEMBRO;ACQUA DEI BUOI 13 24027;1.499;07:00-12:45/15:00-18:15;Chiuso;07:00-12:15
9.690978;45.664994;IPER STATION ORIO AL SERIO;BG;ORIO AL SERIO;Via Portico sn 24050;1.559;08:30-19:45;Chiuso;08:30-19:45
9.791952;45.684709;zp;BG;SAN PAOLO D'ARGON;42 del Tonale e della Mendola, Km. 32+413, nord - 24060;1.499;;;
9.679493;45.592876;Eni Spirano 1563;BG;SPIRANO;S.P. 122 FRANCESCA KM 9+985 SNC 24050;1.452;07:00-18:45;Chiuso;08:00-12:00
9.505035;45.656819;LIGURIA GAS SUISIO;BG;SUISIO;VIA GUGLIELMO MARCONI 38 24040;1.570;;;
9.851847;45.632853;TURRA PETROLI TELGATE;BG;TELGATE;SANDRO PERTINI 8 24060;1.549;06:30-19:00;Chiuso;06:30-14:00
9.586578;45.511490;A.F. PETROLI S.P.A. Treviglio (Bg);BG;TREVIGLIO;CALVENZANO S.P.136 KM 0+320 24047;1.599;06:00-20:00;Chiuso;06:00-20:00
9.907805;45.733580;MARTINA 77 srl;BG;VIGANO SAN MARTINO;VIA NAZIONALE 26 24060;1.439;Chiuso;Chiuso;Chiuso
9.707668;45.645329;Zanica;BG;ZANICA;S.S. 591 CREM.LATO DX OVEST SNC 24050;1.559;06:00-12:00/14:00-19:00;Chiuso;07:00-14:00
8.075541;45.549329;Enercoop Biella;BI;BIELLA;VIALE CLAUDIO VILLA 2 13900;1.690;07:45-19:30;08:30-13:00;07:45-19:30
8.041400;45.531541;6883;BI;PONDERANO;S.P. 400/A KM 2+950 S.N. 13875;1.559;07:30-12:30/14:30-19:00;Chiuso;07:30-12:30
8.085867;45.497765;2483;BI;SANDIGLIANO;S.S. 143 KM 24+447 SN 13876;1.559;;;
12.179579;46.139813;Azzalini Energie Belluno Metano;BL;BELLUNO;Via Agordo 255  32100;1.597;Chiuso;Chiuso;Chiuso
12.181131;46.140304;Azzalini Energie di Shala Armend;BL;BELLUNO;VIA AGORDO 255 32100;1.597;Chiuso;Chiuso;Chiuso
12.125343;46.085176;6892;BL;BORGO VALBELLUNA;Via Cavassico Inferiore;1.599;;;
11.826321;46.002600;BEYFIN;BL;FONZASO;Via Fenadora 2  32030;1.699;07:30-12:30/14:30-18:45;Chiuso;07:30-12:15
12.288680;46.227427;OIL ITALIA LONGARONE;BL;LONGARONE;SS51 Alemagna km 44+700 - Loc. Fortogna  32016;1.596;Chiuso;Chiuso;Chiuso
14.803532;41.116141;DELTA PETROLI SRL;BN;BENEVENTO;Via Aldo Moro snc 82100;1.935;06:30-21:30;07:30-12:30;06:30-21:30
14.832321;41.142621;SUD PETROLI;BN;BENEVENTO;ZONA INDUSTRIALE PONTE VALENTINO  82100;1.499;06:30-20:00;07:30-12:30/16:00-19:00;06:30-20:00
14.560584;41.077162;Oroil;BN;BUCCIANO;SS 265var/c;1.799;06:30-20:30;08:00-13:00/15:00-20:00;06:30-20:30
14.675816;41.151229;FINERGY;BN;FOGLIANISE;PROVINCIALE VITULANESE KM 5+560 82030;1.598;06:00-20:30;07:00-13:00;06:00-20:30
14.634254;41.054149;Impianto Montesarchio;BN;MONTESARCHIO;Via Annunziata Vecchia snc 82016;1.798;05:30-21:00;07:00-13:00;05:30-21:00
14.570388;41.042120;IP METANO GPL;BN;PAOLISI;APPIA 69 82011;1.799;06:00-22:00;08:00-13:00/15:30-20:00;06:00-22:00
14.643604;41.211459;IES;BN;PAUPISI;STATALE 372, KM 51+ 515 S.C. 82030;1.549;05:00-23:00;05:00-23:00;05:00-23:00
14.481858;41.225921;_SUDPETROLI1;BN;SAN SALVATORE TELESINO;VIA PROV. TELESE ALIFE 3  SP73  82030;1.499;07:30-21:00;07:00-13:00/14:30-19:30;06:00-21:00
14.494593;41.228740;vaccarella;BN;SAN SALVATORE TELESINO;S.S.372,KM37+100 SNC 82030;1.549;00:00-24:00;00:00-24:00;00:00-24:00
10.975546;44.168725;BENUZZI GAS;BO;ALTO RENO TERME;I MAGGIO 40 40046;1.799;07:30-12:30/16:00-19:00;Chiuso;07:30-12:30/16:00-19:00
11.369521;44.614671;BENTIVOGLIO;BO;BENTIVOGLIO;VIA PROVINCIALE GALLERIA 19/A 40010;1.639;07:00-19:00;08:30-12:30/14:00-18:00;07:00-19:00
11.375849;44.619966;Distributore ENI 25549;BO;BENTIVOGLIO;Località Interporto  40010;1.431;07:00-12:30/14:00-18:00;Chiuso;Chiuso
11.241732;44.528774;25515 BOLOGNA;BO;BOLOGNA;Via Marco Emilio Lepido 206  40132;1.596;06:00-19:00;Chiuso;06:00-19:00
11.260747;44.492107;25554 – Bologna Bazzanese;BO;BOLOGNA;Via Nuova Bazzanese, 8  40132;1.596;06:30-12:30/14:30-19:00;Chiuso;Chiuso
11.392694;44.498137;CONAD;BO;BOLOGNA;Via A. Gazzoni 4/2 40138;1.595;07:00-20:00;07:00-20:00;07:00-20:00
11.262711;44.492256;IP VIA NUOVA BAZZANESE;BO;BOLOGNA;NUOVA BAZZANESE - SS 569 SNC 40132;1.559;08:00-12:00/15:00-19:00;Chiuso;08:00-12:00/15:00-19:00
11.400545;44.494664;ITALMET s.r.l.;BO;BOLOGNA;Statale 253 San Vitale, Km. 5, dir. RAVENNA - 40138;1.698;06:10-22:00;06:10-22:00;06:10-22:00
11.255246;44.525321;Metano Borgo Panigale;BO;BOLOGNA;VIA DEGLI ALBERELLI 1 40132;1.599;06:00-20:00;Chiuso;06:00-20:00
11.362608;44.519825;Sprint Gas Stalingrado;BO;BOLOGNA;Via Stalingrado 71;1.649;07:30-20:20;Chiuso;07:30-20:20
11.516007;44.513375;BUDRIO SERVICE;BO;BUDRIO;VIA ZENZALINO SUD KM 1600  40054;1.599;07:00-19:30;07:00-13:00;07:00-19:30
11.255072;44.491776;SASSOMET SRL;BO;CASALECCHIO DI RENO;VIA MARIA MARGOTTI 2/4 40033;1.499;06:00-21:45;06:00-21:45;06:00-21:45
11.360314;44.567816;CASTEL MAGGIORE VIA GALLIERA;BO;CASTEL MAGGIORE;VIA GALLIERA  40013;1.639;06:30-20:30;Chiuso;06:30-20:30
11.354940;44.566177;Enercoop Castel Maggiore;BO;CASTEL MAGGIORE;VIA PIO LA TORRE 11/A 40013;1.699;07:00-19:30;09:00-13:00/15:00-18:30;07:00-19:30
11.392959;44.567781;natali sabbiuno;BO;CASTEL MAGGIORE;VIA MATTEOTTI 185 40013;1.629;07:00-20:00;08:00-19:00;07:00-20:00
11.571818;44.408884;Metano Castel San Pietro Terme;BO;CASTEL SAN PIETRO TERME;EMILIA PONENTE 1318 40024;1.348;06:00-22:00;06:00-22:00;06:00-22:00
11.598966;44.429183;SILLARO EST;BO;CASTEL SAN PIETRO TERME;Autostrada A14 BOLOGNA-BARI-TARANTO,  Km. 37, dir. Nord 40024;1.649;00:00-24:00;00:00-24:00;00:00-24:00
11.489869;44.501149;COSTANTIN CASTENASO;BO;CASTENASO;Via P. C. S. Nasica 108  40055;1.449;06:00–19:00;Chiuso;07:00-18:00
11.423581;44.488703;VEGA CASTENASO;BO;CASTENASO;Via Galeazzo Marescotti  40138;1.449;07:00-20:00;09:00-13:00/15:00-19:00;07:00-20:00
11.426440;44.522229;natali- castenaso;BO;CASTENASO;VIA DEL FRULLO 40 40055;1.629;05:00-20:00;08:00-13:00/14:00-20:00;05:00-20:00
11.122090;44.730350;DISTRIBUTORE COSTANTIN CREVALCORE;BO;CREVALCORE;DI MEZZO PONENTE 1965 40014;1.899;07:00-19:30;08:00-13:00;07:00-19:30
11.431392;44.589179;Lovoleto;BO;GRANAROLO DELL'EMILIA;Via Porrettana 38/b 40057;1.629;07:00-19:00;08:30-12:30/15:00-19:00;07:00-19:00
11.723807;44.374772;CAPRI 2;BO;IMOLA;VIA I MAGGIO  87 40026;1.629;06:00-20:00;Chiuso;07:30-19:00
11.735346;44.374267;IMOLA 3365;BO;IMOLA;LASIE 9/D 40026;1.659;06:00-22:00;06:00-22:00;06:00-22:00
11.724832;44.362427;IMOLA VIA SELICE 213/A;BO;IMOLA;VIA SELICE 213/A 40026;1.629;07:00-20:00;Chiuso;07:00-20:00
11.764224;44.414627;IP 49505;BO;IMOLA;Via Selice Km 8 40026;1.760;07:30-12:30/15:00-19:00;Chiuso;07:30-12:30
11.685762;44.340589;METANGAS;BO;IMOLA;VIA MONTANARA 50/C 40026;1.659;06:00-22:00;06:00-22:00;06:00-22:00
11.464068;44.634819;natali- malalbergo;BO;MALALBERGO;ASINARI 24 40058;1.629;;;
11.628094;44.481471;Nardi e Tabellini srl;BO;MEDICINA;VIA SAN VITALE OVEST 377 40059;1.549;15:00-19:30;Chiuso;07:00-13:00
11.659898;44.615982;Coop Molinella Reno Energia;BO;MOLINELLA;DEGLI ALPINI 1 40062;1.659;07:00-19:30;08:30-12:30;07:00-19:30
11.637580;44.612850;DISTRIBUTORE COSTANTIN MOLINELLA;BO;MOLINELLA;CANALE 5 40062;1.759;07:00-20:00;08:00-13:00;07:00-20:00
11.671283;44.631428;metanolapalazzina;BO;MOLINELLA;via Provinciale Inferiore n. 61 -  SP 6 zenzalino 61 40062;1.583;06:30-20:00;07:00-13:00;06:30-20:00
11.198389;44.464299;B.E.A.  DI BARUFFALDI ALBERTO;BO;MONTE SAN PIETRO;VIA LAVINO 3/B 40050;1.899;07:00-19:00;Chiuso;07:00-13:00/14:00-19:00
11.352493;44.440347;Della Porta Massimo e c s.n.c;BO;PIANORO;VIA VIA DE GASPERI 1 40065, PIANORO (BO) 1 40065;1.629;07:00-13:00/14:30-19:00;Chiuso;07:30-12:30
11.370640;44.632890;COOP San Giorgio di Piano RENO ENERGIA;BO;SAN GIORGIO DI PIANO;strada provinciale Bologna 15/1 40016;1.659;07:00-19:30;Chiuso;07:00-19:30
11.202852;44.618931;A.F. PETROLI  S.P.A. San Giovanni in P. (Bo);BO;SAN GIOVANNI IN PERSICETO;BOLOGNA 170 40017;1.599;07:30-12:30/15:00-19:30;Chiuso;07:30-12:30
11.178965;44.657241;Bologna - San Giovanni in Persiceto;BO;SAN GIOVANNI IN PERSICETO;CREVALCORE 72 40017;1.599;06:30-19:30;Chiuso;06:30-19:30
11.164980;44.647710;DISTRIBUTORE METANO-GPL;BO;SAN GIOVANNI IN PERSICETO;MODENA 112/C 40017;1.659;06:30-20:00;06:30-12:30;06:30-20:00
11.228127;44.623885;VULCAN S. GIOVANNI IN P.;BO;SAN GIOVANNI IN PERSICETO;STRADA PROVINCIALE 3 KM2+530 SNC 40017;1.489;07:00-12:30/15:00-19:00;Chiuso;07:00-12:30/15:30-18:00
11.477296;44.469078;25565 SAN LAZZARO DI SAVENA;BO;SAN LAZZARO DI SAVENA;COMPLANARE A14  KM 4+830 SNC;1.444;06:00-19:45;Chiuso;07:00-17:00
11.418759;44.470033;REL;BO;SAN LAZZARO DI SAVENA;VIA PAOLO POGGI 4 40068;1.677;07:00-18:55;Chiuso;07:00-18:55
11.426620;44.701346;natali gino srl;BO;SAN PIETRO IN CASALE;Via Stangolini 1676 40018;1.629;07:00-20:00;07:00-20:00;07:00-20:00
11.234068;44.381251;MASCAGNI ENERGY S.R.L.;BO;SASSO MARCONI;VIA FIACCACOLLO 1 40037;1.490;06:00-22:00;06:00-22:00;06:00-22:00
11.104302;44.508398;Metano Crespellano;BO;VALSAMOGGIA;MORETTO 2 40056;1.649;06:30-19:30;Chiuso;06:30-19:30
11.182342;44.533321;Vega Crespellano;BO;VALSAMOGGIA;Via Lunga 30 40056;1.659;07:00-19:00;Chiuso;07:00-13:00
17.870346;40.597550;EME SRLS  - EDISON;BR;BRINDISI;SP43  72100;1.776;07:00-19:30;Chiuso;07:00-19:30
17.966866;40.599356;ENERGY BRINDISI;BR;BRINDISI;SS 613 KM 2+900 613 72100;1.699;07:00-20:00;07:00-20:00;07:00-20:00
17.948634;40.624564;IMPIANTO GAS METANO di Damiano Manta srlu;BR;BRINDISI;VIA PROVINCIALE PER LECCE 69 72100;1.859;06:30-20:00;06:30-12:30;06:30-20:00
17.525176;40.628220;MENGA PETROLI;BR;CEGLIE MESSAPICA;VIA CEGLIE - FRANCAVILLA  72013;1.799;05:30-20:00;Chiuso;05:30-20:00
17.981270;40.478670;MENGA PETROLI;BR;CELLINO SAN MARCO;S.P. 75 PER SAN PIETRO VERNOTICO   72020;1.799;07:00-19:30;08:30-12:30;07:00-19:30
17.348732;40.825012;ENI FASANO;BR;FASANO;Statale 172 dei Trulli, Km. 8,800, dir. TARANTO - 72015;1.759;05:30-21:30;05:30-21:30;05:30-21:30
17.802036;40.544110;BIANCO PETROLI SRL - STAZIONE 2;BR;MESAGNE;TORRE S. SUSANNA KM.1+100 SN 72023;1.679;06:00-20:00;07:30-12:30;06:00-20:00
17.839745;40.431298;MENGA PETROLI - SAN PANCRAZIO SALENTINO;BR;SAN PANCRAZIO SALENTINO;SP74 S.PANCRAZIO-MESAGNEKM1.15 SNC 72026;1.799;06:00-13:00/15:00-20:00;06:00-13:00;06:00-13:00/15:00-20:00
17.689729;40.637981;REICA SRL - Metano;BR;SAN VITO DEI NORMANNI;VIA S.P. 48  FRANCAVILA FONTANA  KM 15,150 SNC 72019, SAN VITO DEI NORMANNI (BR)  72019;1.799;06:00-21:00;07:00-13:00;06:00-21:00
17.728640;40.465882;STAR OIL;BR;TORRE SANTA SUSANNA;VIA PROV.LE PER ORIA KM. 0,500 null, 72028;1.240;04:00-18:00;Chiuso;04:00-15:00
10.332447;45.988471;FRATELLI MOHAMMED DI JABRAR AFZAL;BS;BRAONE;Via Nazionale 24 25040;1.799;07:00-19:30;Chiuso;07:00-17:30
10.216546;45.572186;11745 BRESCIA;BS;BRESCIA;Via Montelungo, Tang. Ovest 10 25123;1.402;07:00-19:00;Chiuso;07:30-12:30/14:30-18:00
10.211494;45.518043;A2A Energia - Future Fuels srl;BS;BRESCIA;VIA MALTA 25/D 25124;1.899;07:00-19:30;08:00-12:30;07:00-19:30
10.223616;45.527859;AREA DI SERVIZIO IP;BS;BRESCIA;VIA VIA S. ROCCHINO 34 25123, BRESCIA (BS) 34 25123;1.319;;;
10.200886;45.518826;DISTRIBUTORE IP DI CORINI S.N.C. DI CORINI NICOLA, CLAUDIO E RAINERI MAURO;BS;BRESCIA;TANGENZIALE DE GASPERI 5 25100;1.879;06:30-19:15;Chiuso;06:30-12:30/14:00-18:00
10.231061;45.512773;Eni Chiarelli;BS;BRESCIA;Via Borgosatollo 7 25124;1.559;07:00-19:00;Chiuso;07:00-12:30
10.219790;45.511467;Eni P. & B. srl;BS;BRESCIA;Tangenziale Sud KM;1.879;;;
10.275528;45.505132;Esso;BS;BRESCIA;Via Serenissima 19  25135;1.799;07:00-20:00;08:00-13:00;07:00-20:00
10.177654;45.507892;Green Fuel Company S.p.A. - Brescia;BS;BRESCIA;VIA LABIRINTO 390 25125;1.699;06:00-21:00;08:30-13:00/16:00-20:00;06:00-21:00
10.273742;45.520407;SIA FUEL BRESCIA 2;BS;BRESCIA;Viale Sant'Eufemia 5 25125;1.459;;;
10.428422;45.435072;gama snc indipendente;BS;CALCINATO;VIA BOSSOTTI 15 25011;1.388;07:15-12:15/14:15-19:00;08:00-12:00;07:15-12:15/14:15-19:00
10.296961;45.479711;steal srl;BS;CASTENEDOLO;VIA BRUNO BONI 7/9 25014;1.799;07:00-12:00/14:00-19:00;Chiuso;07:00-12:00/14:00-19:00
9.910021;45.525329;totalerg;BS;CHIARI;via ss11 bis  1 25032;1.499;07:00-12:00/14:00-19:00;Chiuso;07:00-12:00/14:00-18:00
9.924313;45.582375;ADS Esso Flli Pezzoni S.n.c;BS;COLOGNE;Via Brescia   25033;1.649;07:00-19:45;Chiuso;07:00-19:00
10.095415;45.438782;Area di Servizio Dello Nord;BS;DELLO;Strada Provincial IX, km 14+518  25020;1.859;07:00-12:30/14:15-18:30;Chiuso;07:00-12:30
10.084990;45.424810;Distributore Esso;BS;DELLO;Via Quinsanese SP IX km 16+269  25020;1.599;07:00-19:00;08:00-12:00;07:00-19:00
10.218871;45.903015;Toroselle;BS;ESINE;Statale 42 del Tonale e della Mendola, Km. 12a, dir. Tonale - 25040;1.599;07:30-12:30/14:30-19:00;07:30-12:00;07:30-12:30/14:30-19:00
10.471371;45.449785;BAR IL DIAMANTE DI SCUTTERI FRANCO;BS;LONATO DEL GARDA;VIA TRIVELLINO 2/B 25017;1.399;07:00-12:30/14:30-19:00;08:30-11:00;07:00-17:00
10.515289;45.427854;IPER STATION LONATO;BS;LONATO DEL GARDA;VIALE BRODENA  ANG. V. MANTOVA 36 25017;1.399;07:30-19:50;Chiuso;07:30-19:50
10.160862;45.360877;SHELL MANERBIO;BS;MANERBIO;via leno  1 25025;1.599;06:00-19:00;Chiuso;06:00-18:00
10.349321;45.502800;Stazione Servizio Metano;BS;MAZZANO;Viale Brescia 128  25080;1.297;06:00-20:00;Chiuso;06:00-20:00
10.426904;45.405083;eni;BS;MONTICHIARI;via mantova  273 25018;1.499;7:00-12:30/14:30-19:30;Chiuso;7:00-12:30/14:30-19:30
10.388383;45.527860;DISTRIBUTORE IP;BS;NUVOLERA;VIA S.S. 45BIS KM 54+760 0 25080, NUVOLERA (BS) SNC 25080;1.599;07:00-19:00;08:00-12:00;07:00-18:00
10.071243;45.575378;agip 11739;BS;PASSIRANO;s.p. 19 passirano brescia  25050;1.889;06:30-19:00;Chiuso;06:30-12:30
10.200100;45.453008;PONCARALE - S.S. 45 BIS;BS;PONCARALE;S.S. 45 BIS KM. 38,230 snc 25020;1.529;07:00-12:00/14:00-18:00;Chiuso;07:00-12:00
10.339804;45.504335;Rezzato;BS;REZZATO;VIA TREPONTI SNC 25086;1.297;07:30-13:00/14:30-19:00;08:30-12:30/14:30-19:00;07:30-13:00/14:30-19:00
10.086694;45.602785;AGIP;BS;RODENGO SAIANO;Statale 510 Sebina Orientale, Km. 7+960, dir. iseo - 25050;1.699;06:00-12:15/14:00-18:50;Chiuso;06:00-11:00
10.118279;45.579106;Rodengo Saiano;BS;RODENGO SAIANO;VIA DEL BORGO VIA INDUSTRIALE SNC 25050;1.639;07:30-11:45/14:30-18:45;10:00-12:45/15:00-18:45;07:30-11:45/14:30-18:45
10.151906;45.537132;Roncadelle Sud;BS;RONCADELLE;11 Padana Superiore, Km. 2+450, sud - 25030;1.749;07:30-19:00;Chiuso;07:30-14:00
10.150100;45.532800;VALTROMPIA NORD;BS;RONCADELLE;Autostrada A4 MILANO-BRESCIA,  Km. 213, dir. ovest 25030;1.639;00:00-24:00;00:00-24:00;00:00-24:00
10.149385;45.532130;VALTROMPIA SUD;BS;RONCADELLE;Autostrada A4 MILANO-BRESCIA, Km. 214, dir. venezia - 25030;1.699;00:00-24:00;00:00-24:00;00:00-24:00
10.012083;45.555229;IP ROVATO LATO EST;BS;ROVATO;Strada Statale, Km. 16, Est - 25038;1.517;07:30-12:15/15:00-19:00;Chiuso;08:00-12:00
10.051686;45.367303;VEROLANUOVA;BS;VEROLANUOVA;S.P. IX LOC.CADIGNANO CENTRO COMMERCIALE BENNET S.N.C. 25028;1.587;07:30-19:30;Chiuso;07:30-19:30
10.113022;45.315845;VEROLANUOVA - C/O CC BENNET.;BS;VEROLANUOVA;C/O CC BENNET SN 25028;1.599;09:00-18:30;Chiuso;09:00-18:30
10.199820;45.627510;1769;BS;VILLA CARCINA;GLISENTI 72 25069;1.799;07:30-12:00/14:00-18:45;Chiuso;07:30-12:00
16.288212;41.244476;fuccifuel;BT;ANDRIA;VIA VECCHIA BARLETTA 204 76123, ANDRIA (BT) 204 76123;1.599;00:00-24:00;00:00-24:00;00:00-24:00
16.269760;41.302781;IP;BT;BARLETTA;BARBERINI S.N. 76121;1.599;07:30-12:30/15:00-19:00;Chiuso;06:00-15:00
16.084226;41.311831;PETROL VENETA SAN FERDINANDO;BT;SAN FERDINANDO DI PUGLIA;16 bis Adriatica, Km. 728+840, NORD - 76017;1.768;06:00-21:00;06:00-21:00;06:00-21:00
16.127958;41.357807;GRASSITELLI CARBURANTI;BT;TRINITAPOLI;S.P. 61 TRINITAPOLI - MARGHERITA DI SAVOIA  76015;1.768;07:00-20:00;07:30-13:00/16:00-20:00;07:00-20:00
16.127958;41.357807;GRASSITELLI CARBURANTI;BT;TRINITAPOLI;S.P. 61 TRINITAPOLI - MARGHERITA DI SAVOIA  76015;1.768;07:00-20:00;07:30-13:00/16:00-20:00;07:00-20:00
11.281309;46.494556;MEBORAST;BZ;APPIANO SULLA STRADA DEL VINO;238 delle Palade, Km. 221, SUD - 39057;1.897;05:30-20:45;05:30-20:45;05:30-20:45
11.895855;46.604924;Auto Alta Badia - Tamoil - Badia;BZ;BADIA;Statale 244 della Val Badia, Km. 25,5, dir. Corvara - 39036;1.950;;;
11.306603;46.478791;Q8 Eisenstecken Mebo 20;BZ;BOLZANO;MeBo 20  39100;1.799;;;
11.316781;46.471597;SHELL  IT 1041;BZ;BOLZANO;VIA GIOVANNI KEPLERO 1 39100;1.800;06:00-20:00;Chiuso;06:00-20:00
11.403701;46.493289;SCAPIN MARCO;BZ;CORNEDO ALL'ISARCO;VIA BRENNERO 7 39053;1.584;07:30-12:00/15:00-18:45;Chiuso;07:30-11:45
11.043266;46.662883;Tamoil;BZ;NATURNO;Via Nazionale 39 39025;1.629;07:00-12:15/14:00-18:00;Chiuso;07:00-12:15
11.685368;46.567915;ENI INSAM;BZ;ORTISEI;Statale 242 di Val Gardena e Passo Sella, Km. 14, dir. CHIUSA - 39046;1.709;;;
11.211943;46.245775;FIRMIN;BZ;SALORNO SULLA STRADA DEL VINO;Via nazionale 9/8 39040;1.619;08:00-12:00/15:00-19:00;Chiuso;08:00-12:00
11.721893;46.814125;Distributore Q8 Vandoies;BZ;VANDOIES;49 della Pusteria, Km. 13,60, Brunico - 39030;1.999;08:15-11:45/14:30-18:15;Chiuso;08:15-11:30
14.457730;41.506970;Mmmetano srls;CB;BOJANO;LOCALITA' REMETE SNC 86021;1.649;07:30-13:30/14:00-19:30;08:00-13:00;07:30-13:30/14:00-19:30
14.647030;41.570762;METANAUTOMOLISE SNC;CB;CAMPOBASSO;CDA MACCHIE 96 86100;1.647;07:30-19:30;07:30-13:00;07:30-19:30
14.536141;41.490266;New Energy Colle D'Anchise;CB;COLLE D'ANCHISE;647 Fondo Valle del Biferno, Km. 2,5, nord - 86020;1.549;06:00-20:45;07:00-20:00;06:00-20:45
14.993066;41.959318;DISTRIBUTORE Q8 TERMOLI;CB;TERMOLI;Statale 87 Sannitica, Km. 218+743, dir. CAMPOBASSO - 86039;1.545;05:00-21:00;06:00-21:00;05:00-21:00
15.003868;41.970117;ECO-FUEL METANO - TERMOLI 1;CB;TERMOLI;Contrada Pantano Alto SNC 86039;1.498;06:30-21:30;06:30-21:30;06:30-21:30
15.004120;41.972234;ECOFUEL-TERMOLI 2;CB;TERMOLI;ACACIE SNC 86039;1.650;06:30-20:30;06:30-20:30;06:30-20:30
14.331955;41.325716;TAMOIL;CE;ALIFE;EX S.S. 158  81011;1.548;;;
14.189132;40.987646;Impianto Distribuzione Carburanti Lukoil;CE;AVERSA;Viale Europa snc 81031;1.399;;;
14.212466;40.953917;RAN S.R.L.;CE;AVERSA;VIA A. GRAMSCI SNC 81031;1.555;06:00-21:00;06:00-21:00;06:00-21:00
14.209619;40.959913;stazione eni di barbato & cavallaccio;CE;AVERSA;via vito di iasi/via kennedy  81031;1.566;07:00-20:00;Chiuso;07:00-13:00
14.270464;40.864973;CAPUA;CE;CAPUA;STRADA STATALE 7 APPIA KM 203 +374 SNC 81043;1.599;;;
14.290360;41.128837;CMC CARBURANTI;CE;CAPUA;Strada Statale, Km. SNC, Nord - 81043;1.559;06:00-20:30;07:00–13:00/15:30–20:00;06:00-20:30
14.236404;41.016644;Q8 Silvestre Agnese;CE;CARINARO;Strada Statale 265, Km. 36+950 dir. giugliano  80132;1.629;00:00-24:00;00:00-24:00;00:00-24:00
14.368867;41.060081;CASERTA;CE;CASERTA;GALATINA snc 81100;1.549;07:00-20:00;08:00-13:00;07:00-17:00
14.361142;41.058825;NEW ENERGY CASERTA;CE;CASERTA;SS 700 KM 4+112 - 81100 - CASERTA CE SNC 81100;1.549;06:00-21:00;06:00-21:00;06:00-21:00
14.344230;41.048783;Powergas;CE;CASERTA;APPIA ANTICA LOC.LO UTTARO SNC 81100;1.409;07:00-20:00;Chiuso;08:00-20:00
14.324919;41.282472;ARES;CE;DRAGONI;BONIFICA SNC 81010;1.547;06:00-20:00;06:00-13:00;06:00-20:00
14.071757;41.177610;TAL CARBURANTI;CE;FRANCOLISE;7 Via Appia, Km. 185+400, VERSO BRINDISI - 81050;1.699;05:30-22:45;Chiuso;05:30-22:45
14.182935;40.953925;Italmare Lusciano;CE;LUSCIANO;S.S. 265 KM 48 + 077 81030;1.499;00:00-24:00;00:00-24:00;00:00-24:00
14.367988;41.017045;Eco Energy;CE;MADDALONI;VIA FICUCELLA II TRATTO 15, 81024 - -;1.549;06:00-20:00;07:00-13:00;06:00-20:00
14.433201;41.024836;Gasauto;CE;MADDALONI;7 Via Appia, Km. 225, maddaloni - 81024;1.549;07:00-12:30/14:00-19:00;Chiuso;07:00-12:30
14.354460;41.021877;IMPIANTO Q8 MADDALONI;CE;MADDALONI;S.S. 265 KM. 25+802  81024;1.549;06:00-23:00;06:00-23:00;06:00-23:00
14.397949;41.043152;New Energy Maddaloni;CE;MADDALONI;Via Ponti della Valle 8 81024;1.549;05:00-22:00;05:00-22:00;05:00-22:00
14.393263;41.005115;area di servizio agip;CE;MADDALONI;VIA CALABRICITO SNC 81024;1.679;05:00-21:00;05:00-21:00;05:00-21:00
14.313537;41.024698;stazione eni 18470/18461;CE;MARCIANISE;VIA XXV APRILE  81025;1.547;06:00-20:00;Chiuso;06:00-20:00
14.173712;41.159939;Q8;CE;PASTORANO;Statale 7 Via Appia, Km. 194+425, dir. caserta - 81050;1.699;06:00-20:00;07:30-12:30;06:00-20:00
14.328973;41.156750;ENILIVE;CE;PIANA DI MONTE VERNA;SP336 S.S.87 KM39 81013;1.647;;;
14.166033;41.317389;STAR OIL;CE;PIETRAVAIRANO;S.S. 372, KM 6 + 161 S.N.C. 81040;1.399;06:30-21:00;08:00-21:00;06:30-21:00
14.169965;40.994050;GOLDFUEL SRL;CE;SAN MARCELLINO;corso Europa 122/124 81030;1.399;06:00-22:00;06:00-22:00;06:00-22:00
14.325277;41.035515;Ap San Marco;CE;SAN MARCO EVANGELISTA;PROVINCIALE 336 SNC 81020;1.547;06:00-22:00;06:00-22:00;06:00-22:00
14.322658;41.050147;S.NICOLA EST;CE;SAN NICOLA LA STRADA;Autostrada A1 MILANO-NAPOLI,  Km. 737, dir. NORD 81020;1.859;00:00-24:00;00:00-24:00;00:00-24:00
14.144895;41.090875;TAMOIL;CE;SANTA MARIA LA FOSSA;S.P. N.333 KM19+625 SNC 81050;1.658;08:00-20:00;08:00-18:30;08:00-20:00
14.215799;40.994431;AP VIA FRATTE;CE;TEVEROLA;FRATTA SNC 81030;1.599;07:00-21:00;07:00-21:00;07:00-21:00
14.152092;40.975444;Elvy Via Prov.le Trentola-Ischitella;CE;TRENTOLA-DUCENTA;Via Provinciale Trentola-Ischitella km 0,600 81038;1.399;06:00-21:00;06:00-21:00;06:00-21:00
14.414254;41.068466;DISTRIBUTORI ECOS SRL VALLE DI MADDALONI;CE;VALLE DI MADDALONI;KM.17+315 S.S. 265 SNC 81020;1.649;00:00-24:00;00:00-24:00;00:00-24:00
14.106188;40.976561;Elvy Via Provinciale nr 18;CE;VILLA LITERNO;Via Provinciale nr 18  km 12+500 81039;1.449;;;
14.639080;42.170705;PORTOBELLO AREA DI SERVIZIO;CH;CASALBORDINO;S.S. 16 ADRIATICA KM 503+195 . 66021;1.698;06:00-22:00;06:00-22:00;06:00-22:00
14.107226;42.328544;PORTOBELLO;CH;CHIETI;via Aterno km 215 . 66021;1.698;06:00-22:00;06:00-22:00;06:00-22:00
14.154309;42.375512;STAZIONE SERVIZIO ENI;CH;CHIETI;S.S. 656 KM. 1-896   66100;1.599;07:30-19:00;Chiuso;07:30-19:00
14.666210;41.947405;Smart Oil - Dogliola;CH;DOGLIOLA;VIA SS 650 KM 61+915 LOC. FARA SN 66050, DOGLIOLA (CH)  66050;1.377;06:00-20:00;08:00-17:00;08:00-17:00
14.419393;42.217445;DI NUNZIO SRL;CH;LANCIANO;VIA ICONICELLA 326/B 66034;1.659;06:30-20:30;07:30-13:00;06:30-20:30
14.288167;42.386540;ALENTO OVEST;CH;MIGLIANICO;Autostrada A14 BOLOGNA-BARI-TARANTO, Km. 393+900, dir. Sud - 66010;1.784;00:00-24:00;00:00-24:00;00:00-24:00
14.460787;42.179568;TAMOIL SANGRO CARBURANTI;CH;MOZZAGROGNA;Statale 652 di Fondo Valle Sangro, Km. 74+300, dir. atessa - 66030;1.599;07:30-19:30;Chiuso;07:30-14:00
14.376515;42.343157;OK ORTONA;CH;ORTONA;C.DA SANTA LIBERATA SNC 66026;1.799;06:00-21:00;Chiuso;07:00-19:30
14.430518;42.259808;PORTOBELLO AREA DI SERVIZIO;CH;ROCCA SAN GIOVANNI;Contrada Santa Calcagna  66020;1.698;06:00-22:00;06:00-22:00;06:00-22:00
14.192019;42.428779;Sozio metano;CH;SAN GIOVANNI TEATINO;Via Bolzano snc 66020;1.747;07:00-20:30;08:30-12:30;07:00-20:30
14.757031;42.055926;GGOIL METANO;CH;SAN SALVO;STRADA VECCHIO MULINO  66050;1.498;06:00-21:00;07:00-20:00;06:00-21:00
14.273747;37.062365;MELFA'S;CL;GELA;STRADA STAT. 115 GELA-VITTORIA SNC 93012, GELA (CL)  93012;1.599;04:30-13:00;07:00-19:30;04:30-19:30
14.067909;37.645241;Agrimetano Pottino;CL;RESUTTANO;CIOLINO SNC 93010;1.000;10:00-13:00/15:00-17:00;Chiuso;Chiuso
8.010362;44.687295;Erretre Alba;CN;ALBA;Corso Europa 87  12051;1.699;;;
7.892171;44.483881;Sia Fuel Carrù;CN;CARRÙ;Strada Provinciale Clavesana 59 12061;1.685;;;
7.866538;44.645818;ERRETRE FONDOVALLE;CN;CHERASCO;STRADA PROVINCIALE FONDOVALLE 12 KM 0+680  12062;1.699;07:30-12:30/14:00-19:00;Chiuso;08:00-13:00
7.552894;44.412410;00209 CUNEO;CN;CUNEO;FRAZ. MADONNA DELL'OLMO VIA TORINO  135 00;1.652;07:30-12:15/14:30-18:45;Chiuso;07:30-12:15
7.833567;44.362341;4728;CN;MONDOVÌ;S.S 28 AL KM. 33+603 S/N 12084;1.599;Chiuso;Chiuso;Chiuso
7.541339;44.555237;57443;CN;VILLAFALLETTO;VIA CIRCONVALLAZIONE EST 18/A 12020;1.889;07:00-19:00;Chiuso;07:00-19:00
9.205710;45.764618;ANZANO DEL PARCO-C/O BENNET SNC;CO;ANZANO DEL PARCO;C/O BENNET SNC 22040;1.629;09:00-12:15/15:00-19:00;Chiuso;09:00-13:00
9.064532;45.692577;COIL BREGNANO;CO;BREGNANO;Via Beato Michele Carcano 2/A 22070;1.437;06:00-20:00;07:30-12:30;06:00-20:00
9.027875;45.729152;LARIO OVEST;CO;CADORAGO;A9 LAINATE-COMO-CHIASSO, Km. 27,6, milano - 22071;1.599;;;
9.154634;45.718983;ENERCOOP;CO;CANTÙ;VIA VIA LOMBARDIA 68 22063, CANTU' (CO) 68 22063;1.439;08:00-13:00/14:00-19:00;Chiuso;08:00-13:00/14:00-19:00
9.055053;45.781416;Carrefour Carburanti Como;CO;COMO;Via Colombo  22100;1.699;;;
9.086082;45.785132;ENILIVE;CO;COMO;VIA CANTURINA 85 22100;1.699;07:30-12:30/14:30-19:00;Chiuso;07:30-12:30
9.288279;46.136128;EUROGAS;CO;DONGO;Via Statale 212 22014;2.159;08:00-12:00/14:30-19:00;Chiuso;08:00-12.00
9.225381;45.803778;D.C.C. S.R.L.;CO;ERBA;VIALE PREALPI  22036;1.684;07:00-12:30/14:00-19:00;Chiuso;07:00-12:30/14:00-17:00
9.414040;46.141610;IPERAL CARBURANTI GERA LARIO;CO;GERA LARIO;Via Tre Confini snc 22010;1.579;09:00-18:00;Chiuso;09:00-18:00
9.058767;45.770146;IperStation Stop & Go Grandate;CO;GRANDATE;Via Strada Statale dei Giovi 2/A 22070;1.589;08:00-19:00;Chiuso;08:00-19:00
9.985436;45.282458;METANBACHI;CR;BORDOLANO;STRADA PROVINCIALE 86 2 26020;1.299;07:00-12:00/14:00-19:00;Chiuso;07:00-12:00/14:00-19:00
10.436283;44.977106;CASALMETANO;CR;CASALMAGGIORE;VIA MARZABOTTO  26041;1.649;07:00-19:30;Chiuso;07:00-19:30
10.001801;45.181907;TAMOIL CASTELVERDE;CR;CASTELVERDE;S.P. N. 498 KM 64+982 L.D. SN 26022;1.599;07:00-19:00;08:00-12:30;08:00-18:00
9.669323;45.370987;Metano e Gpl di Festari Martino e C. snc;CR;CREMA;VIA  TREVIGLIO 14 26013;1.459;07:00-13:00;08:00-12:15;07:00-13:00/14:00-19:30
10.058654;45.135021;Keropetrol;CR;CREMONA;VIA POSTUMIA 138 26100;1.649;06:30-19:30;07:00-12:30;06:30-19:30
9.973848;45.167395;LP CARBURANTI;CR;CREMONA;VIA SAN PREDENGO 52, 26100;1.649;07:00-12:30/14:30-19:00;Chiuso;07:00-12:30/14:30-18:30
9.733916;45.335335;stazione di servizio Formenti Roberto e C. snc;CR;MADIGNANO;Statale 415 Paullese, Km. 40,850, dir. cremona - 26020;1.499;07:00-12:00/13:30-18:30;Chiuso;07:00-12:00
9.945666;45.153359;GReen;CR;SESTO ED UNITI;ACQUAVIVA SNC 26028;1.559;07:00-13:00/14:00-19:00;Chiuso;07:00-13:00
16.236743;39.802293;ESSO;CS;CASTROVILLARI;Statale 19 delle Calabrie, Km. 206+400, dir. SUD - 87012;1.949;07:00-19:00;Chiuso;07:00-19:00
16.519750;39.638589;LP AUTOGRILL SRL;CS;CORIGLIANO CALABRO;Via Santa Lucia SNC 87064;1.799;05:00-20:30;Chiuso;05:00-20:30
16.630376;39.611634;CAMPANA GIUSEPPE E FIGLI S.N.C. GPL\METANO;CS;CORIGLIANO-ROSSANO;FRASSO KM5+70 87064;1.949;00:00-24:00;00:00-24:00;00:00-24:00
16.565020;39.630680;MA.LU.SA. s.n.c. di Marchese Simone &C;CS;CORIGLIANO-ROSSANO;CONTRADA INSITI SNC 87064;1.799;06:30-20:00;08:00-13:00;06:30-20:00
16.010445;39.406797;ENI;CS;FUSCALDO;SS 18 VAR. KM 0+670,50 SNC 87024;1.778;;;
16.240205;39.374478;BPOWER SRL;CS;MONTALTO UFFUGO;SANTA MARIA DI SETTIMO 175 87046;1.568;;;
16.149703;39.852510;MEGAS SRL;CS;MORANO CALABRO;CONTRADA MANGIOPPO  87016;1.549;07:00-20:30;08:00-13:00;07:00-20:30
16.027446;39.383136;ESSO PAOLA;CS;PAOLA;SS 18 - LOCALITA' SOTTERRA SNC 87027;1.879;07:30-12:30/15:30-19:00;Chiuso;07:30-12:30/15:30-19:00
16.257480;39.347621;IP;CS;RENDE;C/DA SANTA ROSA SNC 87036;1.599;06:00-19:30;Chiuso;06:00-14:00
16.241346;39.363729;Metallo Petroli Rende;CS;RENDE;Via C. Colombo snc 87036;1.769;06:00-20:00;07:00-13:00;06:00-20:00
16.220367;39.619703;IP;CS;SAN MARCO ARGENTANO;ROSSILLO  87018;1.599;07:00-19:00;Chiuso;07:00-19:00
15.133751;37.618036;ACI SANT'ANTONIO;CT;ACI SANT'ANTONIO;Via San Giovanni SN 95025;1.869;07:00-21:00;08:00-13:00;07:00-21:00
14.994663;37.574891;COMANGAS;CT;BELPASSO;Strada Provinciale 56/i  54 95032;1.899;07:00-20:00;07:30-13:00;07:00-20:00
14.813288;37.853088;VIRZI' SRL;CT;BRONTE;VIA SP 81-EX SR MAN. SEM. S.ANDREA SN 95034;1.799;06:00-13:00/15:00-20:00;08:00-13:00;06:00-13:00/15:00-20:00
15.075754;37.470758;CHIARAL S.R.L.;CT;CATANIA;S. GIUSEPPE LA RENA SNC 95100;1.669;06:00-22:00;06:00-22:00;06:00-22:00
15.103940;37.531786;VIALE ULISSE - CATANIA;CT;CATANIA;Viale Ulisse  95100;1.999;00:00-24:00;00:00-24:00;00:00-24:00
15.030645;37.501792;A. Di Benedetto srl S/le Cravone Misterbianco;CT;MISTERBIANCO;Strada CRAVONE SNC 95045;1.999;05:00-21:00;05:00-21:00;05:00-21:00
15.012476;37.480278;ENI TANGENZIALE;CT;MISTERBIANCO;TANG. OVEST CATANIA KM 10+150 SNC 95045;1.645;06:00-21:00;06:00-21:00;06:00-21:00
15.031637;37.534483;Ecoil;CT;MISTERBIANCO;strada san giovanni galermo sn 95045;1.996;00:00-24:00;00:00-24:00;00:00-24:00
14.847993;37.526721;MEIC SERVICES SPA - PATERNO';CT;PATERNÒ;VIA CONTRADA POGGIO MONACO SN 95047, PATERNO' (CT)  95047;1.599;07:00-19:00;Chiuso;07:00-19:00
15.190730;37.704100;JONIA CARBURANTI;CT;RIPOSTO;17 18 95018;2.332;00:00-24:00;00:00-24:00;00:00-24:00
15.111220;37.572477;Viale Europa 63/65;CT;SAN GREGORIO DI CATANIA;EUROPA 63/65 95027;1.869;06:00-21:00;Chiuso;06:00-21:00
15.162948;37.695825;SANTA VENERINA;CT;SANTA VENERINA;VIA STABILIMENTI 282 95010;1.569;;;
15.071530;37.570950;TREMESTIERI ETNEO;CT;TREMESTIERI ETNEO;CAVOUR SNC 95030;1.869;06:30-21:00;07:00-13:00;06:30-21:00
16.597368;38.886140;Delta Petroli Srl (CZ);CZ;CATANZARO;VIA LUCREZIA DELLA VALLE 21 88100;1.949;06:00-20:00;Chiuso;06:00-20:00
16.555772;38.882156;IP Germaneto;CZ;CATANZARO;EUROPA 51/G 88100;1.850;07:00-19:30;Chiuso;07:00-19:30
16.535963;38.699689;ENERGAS SOVERATO;CZ;SOVERATO;strada statale 106 località San Nicola km 165 +900  88068;1.750;07:30-12:30/15:00-18:00;Chiuso;07:30-12:30/15:00-18:00
14.689315;37.564047;guagliardo s.r.l.;EN;CATENANUOVA;contrada forca - s.p. 74 al km 0+600  94010;1.799;;;
12.174719;44.227018;BEVANO EST;FC;BERTINORO;Autostrada A14 BOLOGNA-BARI-TARANTO,  Km. 89,500, dir. BOLOGNA 47032;1.699;;;
12.222240;44.156168;ACTON 1Q - CESENA LA MALFA;FC;CESENA;VIA UGO LA MALFA 3101 47522, CESENA (FC) 3101 47521;1.649;06:00-21:00;08:00-12:00;06:00-21:00
12.226861;44.172703;ACTON 1Q - CESENA VIA TORINO;FC;CESENA;VIA TORINO FR. PIEVESESTINA 1689 47522, CESENA (FC) 1689 47522;1.649;06:00-21:00;Chiuso;06:00-21:00
12.224968;44.173874;Enercoop Cesena;FC;CESENA;VIA TORINO 1904 47522;1.649;07:00-19:30;09:00-13:00/15:00-19:00;07:00-19:30
12.221008;44.160042;"Metanauto del Savio s.n.c. ""Pievesestina";FC;CESENA;VIA VIGNE DI PIEVESESTINA 225 47522;1.599;06:30-21:30;06:30-21:30;06:30-21:30
12.278368;44.166943;"Metanauto del Savio s.n.c. ""Villachiaviche";FC;CESENA;VIA CERVESE 3179 47521;1.599;06:30-21:30;06:30-21:30;06:30-21:30
12.193773;44.157559;diegaro;FC;CESENA;SS. 9 EMILIA  47023;1.648;06:00-20:00;Chiuso;06:00-20:00
12.204227;44.111464;san vittore 1;FC;CESENA;3 bis Tiberina, Km. 219+398, roma  47522;1.648;06:00-21:00;06:00-21:00;06:00-21:00
12.204948;44.111289;san vittore 2;FC;CESENA;3 bis Tiberina, Km. 219+398, ravenna  47023;1.648;06:00-20:30;07:00-20:00;07:00-20:00
12.179124;44.401475;Api-IP;FC;CESENATICO;Strada Statale Adriatica16 km 180/320 2145 47042;1.699;;;
12.098678;44.197632;BERTI & RUFFILLI SNC DI BERTI VANNI & CORZANI MONICA;FC;FORLÌ;BERTI & RUFFILLI SNC VIALE ROMA 400/B  47121 FORLI' 400/B 47121;1.599;07:00-20:00;07:30-12:30/15:00-20:00;07:00-20:00
12.081286;44.234042;COSTANZO II;FC;FORLÌ;VIA COSTANZO II 17 47122;1.599;07:30-19:00;07:30-12:30;07:30-19:00
12.082048;44.215625;MATTEI;FC;FORLÌ;VIA MATTEI 4 47122;1.599;07:30-19:30;08:00-12:30/15:00-19:00;07:30-19:30
12.020543;44.235391;METANO SCHIAVONIA SNC;FC;FORLÌ;VIA PADULLI 19 47122, FORLI' (FC) 19 47122;1.499;06:00-21:50;06:00-21:50;06:00-21:50
12.096064;44.255560;Metano Forlì di Zannoni Srl;FC;FORLÌ;VIA RAVEGNANA 538/P 47122, FORLI' (FC) 538/P 47122;1.599;07:00-19:00;Chiuso;07:00-19:00
12.017455;44.231647;Q8 Forlì;FC;FORLÌ;Viale Bologna 104  47122;1.499;07:30-12:30/15:00-19:00;Chiuso;07:30-12:30
12.074587;44.164905;STAZIONE DI SERVIZIO BIDENTE DI ZANNONI SRL;FC;FORLÌ;VIA BIDENTE 210/P 47121, FORLI' (FC) 210/P 47121;1.599;07:30-12:30/15:00-19:00;Chiuso;07:30-12:30
12.354026;44.114409;Metanopoli;FC;GAMBETTOLA;VIA MALBONA 13 47035, GAMBETTOLA (FC) 13 47035;1.500;07:00-19:30;07:00-12:30;07:00-19:30
12.402784;44.149877;GEP CELLI GIULIANO S.R.L. VIA RIGOSSA DX;FC;GATTEO;SP 108 RIGOSSA AL KM 3+028 SNC 47043;1.599;07:00-20:00;07:00-20:00;07:00-20:00
12.190656;43.950560;MERCATO SARACENO;FC;MERCATO SARACENO;STR.STAT. BIS TIBERINA KM.200+306  47025;1.549;07:30-13:00/14:30-19:00;Chiuso;07:30-12:30
12.408324;44.116114;RUBICONE OVEST;FC;SAVIGNANO SUL RUBICONE;Autostrada A14 BOLOGNA-BARI-TARANTO,  Km. 111,3, dir. Taranto 47039;1.719;00:00-24:00;00:00-24:00;00:00-24:00
12.375348;44.091694;savignano;FC;SAVIGNANO SUL RUBICONE;VIA EMILIA PONENTE KM 15 685  47039;1.648;06:00-20:00;Chiuso;06:00-20:00
11.789130;44.646160;Distributore metano consandolo;FE;ARGENTA;Via Nazionale sud  78/B 44011;1.579;;;
11.640752;44.664761;Ip Argenta;FE;ARGENTA;Via Imperiale 4;1.359;;;
12.100802;44.574181;METANO;FE;ARGENTA;VIA VALLE UMANA 47/C 44011;1.679;07:00-12:30/13:30-20:00;07:00-12:30;07:00-12:30/13:30-20:00
11.404742;44.900427;Reno Gas Energy srl;FE;BONDENO;PER ZERBINATE, 28 44012;1.699;07:00-13:00/14:30-19:30;Chiuso;07:00-13:00/14:30-19:30
11.279201;44.727370;MANSERVISI ENERGY VIA CURATO;FE;CENTO;DEL CURATO 100 44042;1.699;;;
11.279201;44.727370;MANSERVISI ENERGY VIA FERRARESE;FE;CENTO;FERRARESE 41 44042;1.699;;;
11.301129;44.752526;NUOVA;FE;CENTO;VIA NUOVA 8/A 44042;1.699;07:00-12:30/14:00-19:00;07:30-12:30;07:00-12:30/14:00-19:00
11.302610;44.751822;STATALE;FE;CENTO;VIA STATALE 7/A 44042;1.699;07:00-12:30/14:00-19:00;07:30-12:30;07:00-12:30/14:00-19:00
12.112035;44.820158;BARTOLUCCI METANO;FE;CODIGORO;VIA BELLINI 12 44021;1.499;;;
12.181971;44.787744;IP;FE;COMACCHIO;Statale 309 Romea, Km. 38, dir. Venezia - 44022;1.479;07:00-12:30/14:30-19:00;08:30-12:00;08:00-12:30/14:30-19:00
12.220536;44.711665;METANO ROMEA s.r.l.s.;FE;COMACCHIO;via Vecchia Romea  -  S. Giuseppe di Comacchio 32 44020;1.599;08:00-13:00/14:30-19:30;08:00-13:00/14:30-19:30;08:00-13:00/14:30-19:30
11.817396;44.883776;DANY METANO S.R.L.S;FE;COPPARO;DEL LAVORO 38 44034;1.399;08:00-13:00/15:00-19:00;Chiuso;08:00-13:00
11.651135;44.844190;Enercoop Ferrara Le Mura;FE;FERRARA;VIA CARRETTI 1 44123;1.549;07:30-13:00/14:00-19:00;08:00-13:00;07:30-13:00/14:00-19:00
11.570127;44.741527;MONTALBANO;FE;FERRARA;VIA BOLOGNA 1451 44124;1.599;07:00-21:00;07:00-14:00;07:00-21:00
11.596914;44.848806;Metano Ferrara;FE;FERRARA;VIA BONGIOVANNI 31 44122;1.599;07:00-20:00;Chiuso;07:00-21:00
11.589354;44.839988;NEW RETE FERRARA ARGINONE;FE;FERRARA;Via Arginone 325;1.569;;;
11.570833;44.880119;PO EST;FE;FERRARA;Autostrada A13 BOLOGNA-PADOVA, Km. 43+400, dir. Nord - 44100;1.649;00:00-24:00;00:00-24:00;00:00-24:00
11.569385;44.878889;PO OVEST;FE;FERRARA;Autostrada A13 BOLOGNA-PADOVA,  Km. 43,4, dir. BOLOGNA;1.699;00:00-24:00;00:00-24:00;00:00-24:00
11.574015;44.800078;STAZIONE DI SERVIZIO I.P.;FE;FERRARA;BOLOGNA 714 44124;1.489;07:00-12:30/15:00-19:00;Chiuso;Chiuso
11.632346;44.812276;cm di curri alberto e c. snc;FE;FERRARA;VIA RAVENNA 262 44124;1.589;07:00-19:30;07:00-19:30;07:00-19:30
12.012823;44.810975;METANO DI SAPRA GROUP SRLS;FE;FISCAGLIA;DEL MARE 28/A 44027;1.499;06:00-21:00;06:00-21:00;06:00-21:00
11.923918;44.815799;Distributore IP Jolanda di Savoia;FE;JOLANDA DI SAVOIA;Via del Mare 1B  44037;1.589;07:30-19:30;08:00-12:30;07:30-19:30
11.961574;44.747240;METANO DI SAPRA GROUP SRLS;FE;OSTELLATO;Str. S. Camillo 96 44020;1.499;07:00-10:00/14:00-19:00;Chiuso;07:00-10:00/14:00-19:00
11.480700;44.772972;Sarmet s.r.l.;FE;POGGIO RENATICO;VIA CIRCONVALLAZIONE SNC 44028;1.399;06:30-20:00;Chiuso;07:30-13:00
11.785262;44.708209;PORTOMAGGIORE;FE;PORTOMAGGIORE;PROVINCIALE PER FERRARA 95 44015;1.879;06:30-19:30;Chiuso;06:30-13:30
11.708522;44.728720;ESSO VOGHIERA;FE;VOGHIERA;S.S. 16 - ADRIATICA KM 565 SNC 44019;1.599;07:30-18:30;Chiuso;07:30-18:30
15.520770;41.146807;AUTOMETANO CANDELA;FG;CANDELA;S.P. 99 PER CANDELA KM 9+300;1.699;06:30-21:30;06:30-13:30/15:30-21:30;06:30-21:30
15.713491;41.358877;daunia metano srl;FG;CARAPELLE;16 Adriatica, Km. 693.250, bari - foggia - 71041;1.699;06:00-21:00;06:00-13:30/15:30-21:00;06:00-21:00
15.927558;41.258162;CERIGNOLA FUEL;FG;CERIGNOLA;VIA TIRO A SEGNO KM. 1+400 - 71042;1.799;06:00-20:00;06:00-13:00/16:00-20:00;06:00-20:00
15.900490;41.319266;MASTROPIETRO CELESTE - PV. ENI 09296;FG;CERIGNOLA;S.P. 77 km 5+300  71042;1.799;06:00-19:30;06:00-13:00;06:00-19:30
15.512158;41.513134;FGE ITALIANA GAS SRL;FG;FOGGIA;SAN SEVERO S.S. 16 KM 668,400 71121;1.498;06:00-22:00;06:00-22:00;06:00-22:00
15.575781;41.448217;Metanauto Foggia Sud;FG;FOGGIA;VIA BARI KM 1,100 IV TRAVERSA  71121;1.699;07:00-21:00;07:00-13:30/15:30-21:00;07:00-21:00
15.848820;41.597888;PETROL VENETA MANFREDONIA;FG;MANFREDONIA;Statale 89 Garganica, Km. 172+598, dir. FOGGIA - 71043;1.799;05:00/21:00;05:00/21:00;05:00/21:00
15.921806;41.638190;TROIANO PETROLI;FG;MANFREDONIA;VIA BARLETTA ANG. VIA FLORIO SC 71043;1.889;06:00-21:30;Chiuso;06:00-21:30
15.716968;41.331743;FRATELLI CURCI S.R.L. - ENI 29247;FG;ORTA NOVA;VIALE FERROVIA KM. 1,00  71045;1.699;08:00-19:30;Chiuso;08:00-19:30
15.224760;41.762689;METANO SAN PAOLO;FG;SAN PAOLO DI CIVITATE;Ex Strada Statale 16, Km. 35,400, dir. s.paolo di civitate  71010;1.450;07:00-12:00/14:00-20:00;10:00-12:00;07:00-12:00/14:00-20:00
15.340447;41.701838;LA TORRE PETROLI;FG;SAN SEVERO;16 Adriatica, Km. 641+135, SUD  71016;1.799;00:00-24:00;00:00-24:00;00:00-24:00
15.390784;41.714855;METANO SAN SEVERO;FG;SAN SEVERO;Statale 89 Garganica, Km. 4, dir. SAN SEVERO APRICENA -;1.599;;;
15.325217;41.688687;CARFAGNA CARBURANTI;FG;TORREMAGGIORE;SP.30 KM 3+060  71017;1.499;06:00-20:00;06:00-13:00;06:00-20:00
11.228011;43.989216;CPM Barberino;FI;BARBERINO DI MUGELLO;VIA LAGO LOC. CAVALINA  SN 50031;1.665;00:00-24:00;00:00-24:00;00:00-24:00
11.199770;43.591880;AQUILA ENERGIE;FI;BARBERINO TAVARNELLE;VIA LEONARDO DA VINCI 148/150 50028;1.799;07:30-12:30/15:00-19:00;Chiuso;07:00-12:30
10.968951;43.593010;CASTELFIORENTINO;FI;CASTELFIORENTINO;VIA MACHIAVELLI  50051;1.699;07:00-12:30/15:00-19:00;Chiuso;07:00-12:30
11.008800;43.578000;metano toscana srl (castelfiorentino);FI;CASTELFIORENTINO;Via Monte Olivo 40 50051;1.798;07:00-20:00;07:00-13:00;07:00-20:00
11.018533;43.566873;CERTALDO;FI;CERTALDO;VIA TOSCANA  50052;1.699;07:30-19:00;Chiuso;07:30-12:30/15:00-19:00
10.911906;43.687866;ENGO;FI;EMPOLI;REGIONALE TOSCANA N.429 SNC 50053;1.795;06:00-21:00;08:00-13:00/16:00-18:30;07:00-12:00/16:30-19:00
10.961113;43.691750;GAGGIOLI E CALONACI;FI;EMPOLI;via val d'orme nuova 10 50053;1.779;07:00-12:30/15:00-19:00;Chiuso;07:00-12:30
10.893255;43.704008;Metano Toscana srl - (Empoli - Via Vald'Elsa);FI;EMPOLI;Via Val D'Elsa snc 50053;1.798;;;
10.968516;43.716596;Metano Toscana srl - Empoli Via Piovola;FI;EMPOLI;VIA DELLA PIOVOLA 63-65-67 50053;1.798;07:00-20:00;07:00-13:00;07:00-20:00
11.496106;43.597584;metano toscana srl(figline v.a);FI;FIGLINE E INCISA VALDARNO;TRAVERSA SS 69 snc 50063;1.798;07:00-20:00;07:00-13:00;07:00-20:00
11.206151;43.764874;34723 FIRENZE;FI;FIRENZE;VIALE NENNI 19 -21;1.652;07:00-12:30/15:00-19:00;Chiuso;07:00-12:30
11.316775;43.768710;BEYFIN;FI;FIRENZE;VIA ROCCA TEDALDA 451 50136;1.699;07:00-21:00;08:00-13:00/15:30-19:00;07:00-21:00
11.304206;43.756015;FIRENZE VIALE EUROPA;FI;FIRENZE;VIALE EUROPA SNC 50126;1.699;07:00-20:00;07:00-20:00;07:00-20:00
11.209166;43.798996;FIRENZE VIALE GUIDONI;FI;FIRENZE;VIALE ALESSANDRO GUIDONI 207/209 50127;1.699;07:00-20:00;15:00-20:00;07:00-20:00
11.215471;43.804466;Firenze - Viale XI Agosto;FI;FIRENZE;Viale XI Agosto 100 50127;1.699;06:30-21:30;06:30-21:30;06:30-21:30
11.223787;43.817244;GAS STATION CASTELLO SAS;FI;FIRENZE;VIA VIA SESTESE, 97/99 97 50100, FIRENZE (FI) 97/99 50141;1.661;07:00-12:30/15:00-19:00;Chiuso;07:00-12:00
11.277049;43.800472;M&Z snc di Marucelli Franca e Zanieri Jacopo;FI;FIRENZE;VIA FAENTINA 380/A 50133;1.749;08:00-12:30/15:00-19:00;Chiuso;08:30-12:30
11.173162;43.819695;PERETOLA NORD;FI;FIRENZE;Autostrada A11 FIRENZE-PISA N., dir. Firenze;1.644;00:00-24:00;00:00-24:00;00:00-24:00
11.228196;43.745647;beyfin;FI;FIRENZE;VIA SENESE 186/A/2 50124;1.699;07:00-12:30/15:00-19:00;07:00-12:30;07:00-12:30/15:00-19:00
11.199338;43.772930;ip;FI;FIRENZE;VIALE ETRURIA 30 50142;1.699;07:00-20:30;07:00-14:00;07:00-20:30
11.331768;44.163292;S.I.M srl Pietramala;FI;FIRENZUOLA;PIETRAMALA 470 50033;1.187;15:00-19:00;15:00-19:00;15:00-19:00
10.809774;43.736887;AQUILA;FI;FUCECCHIO;VIA PISTOIESE 5/A 50054;1.749;06:30-19:30;Chiuso;06:30-13:00
10.821283;43.708611;FUCECCHIO;FI;FUCECCHIO;VIA SAN MINIATESE - LOC SAN PIERINO  50054;1.699;07:00-12:30/14:30-19:00;Chiuso;07:00-12:30
10.821073;43.724481;MAC;FI;FUCECCHIO;VIA VIA  CESARE   BATTISTI 176 50054, FUCECCHIO (FI) 176 50054;1.799;07:30-12:30/15:00-19:30;Chiuso;07:30-12:30
11.312623;43.600159;Q8;FI;GREVE IN CHIANTI;SR 222 Km 22,317  50022;1.799;07:30-12:30/15:00-19:00;Chiuso;07:00-12:30
11.122693;43.770689;Aquila Drive - Lastra a Signa Stagno;FI;LASTRA A SIGNA;Via degli Scalpellini 1  50055;1.749;07:00-19:00;07:30-12:30;07:30-18:00
11.064461;43.709697;CAR GOLD DI BANDINI DANIELE E GAGGILI STEFANO;FI;LASTRA A SIGNA;VARIANTE STRADA PROV.N12 - -;1.749;07:00-12:30/15:00-19:00;Chiuso;07:30-12:30
11.106274;43.735668;Lastra a Signa - S.G.C. FI-PI-LI LOC. PIANACCI;FI;LASTRA A SIGNA;S.G.C. FI-PI-LI LOC. PIANACCI  50055;1.699;07:30–12:30/15:00–18:00;Chiuso;07:30–12:30/15:00–18:00
11.052904;43.714992;Metano Toscana GINESTRA F.NA;FI;LASTRA A SIGNA;VIA VIA VAL DI PESA SNC 50055, LASTRA A SIGNA (FI) KM 13,75 50055;1.798;00:00-24:00;00:00-24:00;00:00-24:00
11.426060;43.771144;ENI - PONTASSIEVE;FI;PONTASSIEVE;Variante SS67 Tosco-Romagnola Km 1,335  50065;1.749;07:30-12.30/15:00-19:00;Chiuso;07:30-12.30
11.526604;43.672648;REGGELLO;FI;REGGELLO;VIA DI MEARINO SNC 50066;1.699;07:15-12:45/15:00-19:30;Chiuso;07:15-12:45/15:00-18:00
11.449559;43.703994;Mabe service Rignano;FI;RIGNANO SULL'ARNO;LOC. PIAN DELL'ISOLA 33 50063;1.699;07:00-12:30/15:00-19:00;;07:00-12:30
11.187634;43.618811;SAN CASCIANO EST;FI;SAN CASCIANO IN VAL DI PESA;RACC. SIENA-FIRENZE KM 41+893 // 50026;1.859;06:00-21:00;06:00-21:00;06:00-21:00
11.162134;43.765089;Firenze - Scandicci;FI;SCANDICCI;VIA PISANA  50018;1.699;07:30-12:30/15:00-19:00;07:00-12:30;07:30-12:30/15:00-19:00
11.151175;43.772514;METANO SCANDICCI;FI;SCANDICCI;VIA DEI PRATONI 11/13 50018;1.699;07:00-20:00;Chiuso;07:00-20:00
11.306058;43.961933;34724 SAN PIERO A SIEVE;FI;SCARPERIA E SAN PIERO;S.P. DI MASSARONDINAIA;1.647;07:30-12:30/14:30-18:30;Chiuso;07:30-12:30/14:30-18:30
11.338821;43.963333;stazione romgnoli srl beyfin;FI;SCARPERIA E SAN PIERO;via la torre petrona  33 50038;1.649;07:00-12:30/15:00-19:00;Chiuso;07:00-12:30
11.175781;43.840596;OILFIN;FI;SESTO FIORENTINO;VIA FERRUCCIO PARRI 6/8 50019;1.749;07:00-19:00;Chiuso;07:00-12:30/15:00-18:00
11.172903;43.818330;PERETOLA SUD;FI;SESTO FIORENTINO;Autostrada A11 FIRENZE-PISA N., Km. 3+000, dir. Est - 50019;1.644;00:00-24:00;00:00-24:00;00:00-24:00
11.206806;43.819851;SESTO FIORENTINO;FI;SESTO FIORENTINO;VIA P PASOLINI  50019;1.699;08:00-19:00;Chiuso;08:00-12:30/14:30-19:00
11.101406;43.786609;Vezzosi Mauro e Filippo snc;FI;SIGNA;viale Arte della Paglia 10, 50058;1.749;07:00-12:30/15:00-19:00;Chiuso;07:00-12:30
13.832022;43.103877;METANO A;FM;ALTIDONA;VIA BELLINI SNC 63824;1.649;06:30-20:30;07:00-13:00;06:30-20:30
13.843891;43.075744;PICENO EST;FM;CAMPOFILONE;A14 BOLOGNA-BARI-TARANTO, Km. 290,8, NORD - 63828;1.869;00:00-24:00;00:00-24:00;00:00-24:00
13.790493;43.158217;COMETRA;FM;FERMO;CONTRADA CANALE 17 63900;1.649;06:30-21:30;06:30-21:30;06:30-21:30
13.779259;43.218187;ECOFUEL - LIDO DI FERMO;FM;FERMO;SS 16 Adriatica, Km. 353+850, Sud - 63900;1.699;06:45-20:00;06:45-20:00;06:45-20:00
13.728537;43.169477;ECOFUEL - VIA RESPIGHI;FM;FERMO;Via Ottorino Respighi snc 63900;1.699;07:00-20:30;07:00-20:30;07:00-20:30
13.743078;43.172958;Stazione di servizio IP Fermo - C.da Mossa;FM;FERMO;Contrada Mossa  63900;1.679;07:00-20:00;Chiuso;07:00-20:00
13.584940;43.195602;GEMMA DE MATTIA;FM;MONTE SAN PIETRANGELI;SAN MARTINO 22 63815;1.798;7:30-13:00/15:00-20:00;Chiuso;7:30-13:00/15:00-20:00
13.646985;43.206661;GOLDENGAS MILLEVOLTE NIKI & ANTHONY SNC;FM;MONTE URANO;VIA ETE MORTO 77 63831;1.699;07:00-20:00;10:00-12:30;07:00-20:00
13.683790;43.183753;Stazione di Servizio IS - Monte Urano;FM;MONTE URANO;VIA SP FALERIENSE KM. 10+ 158 28, 63813;1.699;06:30-20:00;07:30-12:30 / 15:00-19:30;06:30-20:00
13.638662;43.041412;ECOFUEL - MVC;FM;MONTE VIDON COMBATTE;STRADA PROVINCIALE B 238 KM 18+562  63847;1.699;07:00-19:30;07:00-19:30;07:00-19:30
13.527101;43.102971;Stazione di Servizio IS - Montegiorgio;FM;MONTEGIORGIO;LOCALITA' PIANE DI MONTEVERDE-S.P. 239KM 28+950.7, 63833;1.699;06:30-20:00;07:00-13:00/15:00-20:00;06:30-20:00
13.515885;43.103916;VITALI MAURO;FM;MONTEGIORGIO;VIA PIANE DI MONTEVERDE 18 63833;1.699;07:00-20:00;07:00-13:00/14:30-20:00;07:00-20:00
13.575844;43.119674;VITALI MAURO 2;FM;MONTEGIORGIO;STRADA PROVINCIALE n.239-FERMANA/FALERIENSE KM.23+358 63833;1.699;06:30-20:00;06:30-13:00/14:30-20:00;06:30-20:00
13.769978;43.236747;PAN PETROLI;FM;PORTO SANT'ELPIDIO;Statale 16 Adriatica, Km. 351+428, dir. SUD - 63821;1.699;06:00-20:30;07:00-12:30;06:00-20:30
13.734187;43.289525;PORTO SANT'ELPIDIO VIA FRATTE 22;FM;PORTO SANT'ELPIDIO;VIA FRATTE 22 63821;1.569;06:30-20:30;06:30-20:30;06:30-20:30
13.759100;43.245670;ZAMPALONI FEDERICO;FM;PORTO SANT'ELPIDIO;VIA FOSSO DEL PALO 21 63821;1.679;06:30-21:00;06:30-12:45;06:30-21:00
13.709248;43.203146;ECOFUEL - FALERIENSE;FM;SANT'ELPIDIO A MARE;S.P. FALERIENSE KM 35 + 7 M SNC 63811;1.699;06:30-20:00;06:30-20:00;06:30-20:00
13.693521;43.241994;Fermo -Sant'Elpidio a Mare;FM;SANT'ELPIDIO A MARE;S.P. ELPIDIENSE KM.7+200 SNC 63019;1.699;07:00-12:30/14:30-19:30;Chiuso;07:00-12:30
13.209581;41.776764;eni Acuto;FR;ACUTO;155 DI FIUGGI KM. 16+050 SNC 03010;1.969;07:00-13:00/15:00-19:00;Chiuso;07:00-13:00/15:00-19:00
13.313070;41.659870;Easy Service Alatri;FR;ALATRI;S.R 6 CASILINA KM 80+500 SNC 03011;1.969;08:00-13:00/15:00-19:00;Chiuso;08:00-13:00/15:00-19:00
13.117817;41.736795;Stazione di Servizio ESSO Anticolana;FR;ANAGNI;VIA ANTICOLANA KM.1,200  03012;1.899;07:00-19:30;07:00-19:30;07:00-19:30
13.785156;41.464444;FGE ITALIANA GAS SRL;FR;CASSINO;Via Cerro SNC 03043;1.498;07:00-21:00;07:00-21:00;07:00-21:00
13.683410;41.497684;CASILINA EST;FR;CASTROCIELO;A1 MILANO-NAPOLI, Km. 658+800, Nord - 03030;1.569;;;
13.283060;41.621364;Eni Asse Attrezzato;FR;FROSINONE;S.P. Asse Attrezzato km2+155  03100;1.969;07:00-20:00;08:00-13:00;07:00-19:30
13.320893;41.623894;TUTTO GAS DI SIMONE AIELLO;FR;FROSINONE;S.S. 156 MONTI LEPINI SNC 03100;1.975;06:45-19:45;Chiuso;07:00-19:30
13.557330;41.679130;EASY SERVICE ISOLA LIRI;FR;ISOLA DEL LIRI;VIA ROMA SNC 03036;1.799;06:00-21:00;06:00-21:00;06:00-21:00
13.293170;41.598300;Easy Service Patrica;FR;PATRICA;S.S. DEI MONTI LEPINI KM 7+930 SNC 03010;1.969;00:00-24:00;00:00-24:00;00:00-24:00
13.285156;41.594998;GATTI GIUSEPPINA;FR;PATRICA;CONTRADA QUATTRO STRADE 167 03010;1.999;06:00-12:45/14:00-20:00;Chiuso;06:00-12:45/14:00-20:00
13.657850;41.543950;TOIL ROCCASECCA;FR;ROCCASECCA;Via Montello 57 03038;1.699;07:00-13:00/14:00-20:00;Chiuso;07:00-13:00/14:00-20:00
13.933495;41.445250;Over Srl;FR;SAN VITTORE DEL LAZIO;6 Via Casilina, Km. 149+975, Napoli;1.599;07:00-12:30/15:00-19:00;Chiuso;07:00-12:30/15:00-19:00
13.606310;41.698290;EASY SERVICE SORA;FR;SORA;COLLEG.TO SCHITO-COLLE D'ARTE SNC 03039;1.969;;;
13.573898;41.697636;ENI AREA DI SERVIZIO;FR;SORA;VIA DELL'INDUSTRIA SNC 03039, SORA (FR) SNC 03039;1.969;07:00-19:00;Chiuso;07:00-19:00
13.794017;41.484507;ENI di Vittiglio Maurizio;FR;VILLA SANTA LUCIA;via casilina km 134.750  03043;1.599;07:00-12:30/14:00-19:30;Chiuso;07:00-12:30/14:00-19:30
8.961522;44.435594;ME-TRA spa;GE;GENOVA;VIA PIACENZA 141-143R 16138;1.549;07:30-20:30;08:00-13:00/14:30-19:30;07:30-20:30
8.899118;44.468511;Metano per Auto;GE;GENOVA;VIA LEVATI LUIGI MARIA 1 16163;1.585;05:00-20:00;07:00-12:30/14:00-20:00;05:00-20:00
11.265846;42.928934;PAGANICO;GR;CIVITELLA PAGANICO;Statale 223 di Paganico, Km. 22+700, dir. SIENA - 58045;1.699;07:30-12:30/15:00-19:30;15:00-19:30;15:00-19:30
10.781150;42.939460;Distributore di Follonica;GR;FOLLONICA;DIACCIO  58022;1.549;07:00-20:00;07:30-13:00/16:30-20:30;07:00-20:00
10.773260;42.935584;FOLLONICA B.FUEL;GR;FOLLONICA;"s.p. 152 ""Vecchia Aurelia"" km 42,500  58022";1.455;07:30-12:30/15:30-19:30;07:30-12:30/15:30-19:30;07:30-12:30/15:30-19:30
11.089518;42.790960;CANESTRELLI ENERGY IN MOTION;GR;GROSSETO;Via Aurelia Nord - Loc. La Rugginosa SNC 58100;1.495;07:30-13:00/15:00-19:00;Chiuso;07:30-13:00
11.132437;42.762372;CONAD SUPERMERCATO GROSSETO;GR;GROSSETO;VIA SCANSANESE  58100;1.587;07:30-19:30;07:30-19:30;07:30-19:30
11.098949;42.778787;ENI DI PASQUI PAOLO;GR;GROSSETO;VIA AURELIA NORD KM. 162  58100;1.547;07:00-12:30/15:00-19:00;Chiuso;07:00-12:30
11.084159;42.801023;Mac Grosseto Nord;GR;GROSSETO;Località Rugginosa  58100;1.699;07:00-20:00;07:00-18:00;07:00-20:00
11.093877;42.749826;Mac Grosseto Sud;GR;GROSSETO;Strada provinciale 158 58100;1.799;07:00-13:00/15:00-19:00;Chiuso;07:00-13:00/15:00-19:00
11.092790;42.784787;Tirrenogas Grosseto;GR;GROSSETO;AURELIA NORD 236 58100;1.493;07:30-20:00;07:30-13:00;07:30-20:00
8.024941;43.921184;Pv 54151;IM;IMPERIA;28 del Colle di Nava, Km. 136+500, Imperia - 18100;1.716;08:00-12:30/14:30-19:00;Chiuso;08:00-12:30/14:30-19:00
17.091883;39.124600;Esso S.S. 106  direzione  Reggio Calabria;KR;CROTONE;106 Jonica, Km. 251+500, Reggio Calabria - 88900;1.997;07:00-12:30/15:00-19:00;Chiuso;07:00-12:30
9.287780;45.773220;SUELLO;LC;SUELLO;SS 36 Valassina KM 41+650  23867;1.585;;;
18.090835;40.362428;METALUPIAE SRL;LE;ARNESANO;STRADA PROVINCIALE N. 04 LECCE NOVOLI  73010;1.650;07:00-21:30;Chiuso;07:00-21:30
18.252703;40.261499;CAMER CAPRARICA;LE;CAPRARICA DI LECCE;s.p. 372 per martano  73010;1.699;06:30-20:00;Chiuso;06:30-20:00
18.189189;40.311863;APRON;LE;CAVALLINO;16 Adriatica, Km. IX/961+58MT, LECCE - 73020;2.099;;;
18.043609;40.281752;Renis Gas srl;LE;COPERTINO;Strada Prov.le Copertino-Leverano km 8  73043;1.599;06:00-22:00;07:30-13:00/16:00-21:00;06:00-22:00
18.253565;40.123182;FLY-  SP 363 MAGLIE-CUTROFIANO CORIGLIANO;LE;CORIGLIANO D'OTRANTO;via SP 363 MAGLIE-CUTROFIANO  73022;1.599;06:30-21:00;Chiuso;06:30-21:00
18.096866;40.206933;Distributore metano Collemeto;LE;GALATINA;101 Salentina di Gallipoli, Km. 17,200, Lecce - 73013;1.625;06:00-21:00;08:00-13:00;06:00-21:00
18.063231;40.152311;Stazione di servizio Sogecarb;LE;GALATONE;VIA VIA SAVOIA 50 73044, GALATONE (LE) 50 73044;1.599;07:00-20:00;07:00-13:00;07:00-20:00
18.202013;40.344510;LECCE VIA VERNOLE KM 1+500;LE;LECCE;VIA VERNOLE KM 1+500;1.699;00:00-24:00;00:00-24:00;00:00-24:00
18.113990;40.252608;CAMER SS 101 DIREZ GALLIPOLI;LE;LEQUILE;SS 101 KM 11 + 900 SNC 73010;1.650;;;
18.116736;40.250512;CAMER SS101 DIREZ LECCE;LE;LEQUILE;SS101 KM 11 + 750 DIREZ LECCE SNC 73010;1.650;;;
18.156570;40.036300;38019  Matino;LE;MATINO;Strada Prov.le Parabita Casarano;1.595;;;
18.134796;39.984787;FLY - VIA VICINALE VORA COMP.RE SP.68 TAVIANO-CASARANO MELISSANO;LE;MELISSANO;VIA VICINALE VORA COMP.RE SP.68 TAVIANO-CASARANO SNC 73040;1.575;07:00-20:00;Chiuso;07:00-20:00
18.278739;40.152186;ENI;LE;MELPIGNANO;Statale 16 Adriatica, Km. 979,789, dir. LECCE - 73020;1.619;07:30-12:30/15:00-19:00;Chiuso;07:30-12:30
18.088198;40.330135;Easy Service - Monteroni;LE;MONTERONI DI LECCE;s.p. 119 Lecce - Porto Cesario S.N.C. 73047;1.599;07:00-21:00;07:00-12:00/15:00-20:00;07:00-21:00
18.315096;40.101148;METALUPIAE SRL;LE;MURO LECCESE;275 di Santa Maria di Leuca, Km. VI/2, LEUCA - 73036;1.650;06:00-20:30;06:00-20:30;06:00-20:30
18.059843;40.392354;METALUPIAE SRL;LE;NOVOLI;7 ter Salentina, Km. 60+567, LECCE-MANDURIA - 73051;1.650;06:00-21:00;Chiuso;06:00-21:00
18.081486;40.056309;CAMER PARABITA;LE;PARABITA;S.P. 361 ALEZIO - PARABITA  73052;1.650;06:15-20:15;07:00-13:00;06:15-20:15
18.166990;40.218596;METALUPIAE SRL;LE;SOLETO;Z.I. di Soleto - S.S. 476 Lecce-Galatina  73010;1.650;07:00-21:30;Chiuso;07:00-21:30
18.147874;40.375821;DI 59;LE;SURBO;Via Vallese angolo Via Benzi S.C. 73010;1.595;07:30-12:30/15:00-19:00;Chiuso;07:30-12:30
18.226392;39.938439;MARTINESE VIA TAURISANO-ACQUARICA;LE;TAURISANO;SP TAURISANO ACQUARICA D. CAPO SN 73056;1.498;06:00-20:00;07:00-12:00;06:00-20:00
10.586964;43.006195;PROGETTO GAS;LI;CAMPIGLIA MARITTIMA;VIA DEI FALEGNAMI 36 57021;1.709;07:00-20:00;07:30-20:00;07:00-20:00
10.545606;43.122055;5098 CASTAGNETO CARDUCCI;LI;CASTAGNETO CARDUCCI;FRAZ. DONORATICO VAR. AURELIA KM. 257  +665;1.820;07:00-19:00;Chiuso;07:00-19:00
10.524300;43.330000;CONAD CECINA;LI;CECINA;VALDICECINA 70 INT 2 57023;1.498;07:00-20:30;07:00-20:30;07:00-20:30
10.496131;43.621258;5099  COLLESALVETTI;LI;COLLESALVETTI;S.G.C. FI/PI/LI LOC.GRECCIANO  SUD  64;1.707;06:00-20:45;00:00-01:00/06:00-24:00;06:00-20:45
10.425317;43.611934;COLLESALVETTI DIR FI;LI;COLLESALVETTI;SGC FI-PI-LI KM 70+650 DIR FI LOC.MORTAIOLO  57014;1.559;05:00-19:30;07:00-19:00;06:00-19:30
10.496417;43.622039;COLLESALVETTI GRECCIANO;LI;COLLESALVETTI;SGC FI-PI-LI KM 64+607  57014;1.559;06:00-19:30;06:00-12:00;06:00-19:30
10.374892;43.600630;MAC Interporto;LI;COLLESALVETTI;Interporto  55011;1.599;06:30-19:00;Chiuso;07:00-12:00
10.357102;43.579537;Stazione di metano di Collesalvetti;LI;COLLESALVETTI;AIACCIA 74 57017;1.585;08:00-12:30/15:00-19:30;Chiuso;08:00-12:30/15:00-19:30
10.327271;43.532093;ACI 08;LI;LIVORNO;PRIMETTA CIPOLLI MARRUCCI 25 57128;1.699;08:00-12:30/15:00-19:00;Chiuso;08:00-12:30
10.312416;43.560656;LIVORNO VIA DELLE CATERATTE 73;LI;LIVORNO;VIA DELLE CATERATTE  73;1.599;;;
10.469349;43.386054;Distributore di Rosignano;LI;ROSIGNANO MARITTIMO;LE MORELLINE  57013;1.599;07:30-13:00/15:00-20:00;08:30-12:30;07:30-13:00/15:00-20:00
10.556316;43.079360;Distributore di San Vincenzo;LI;SAN VINCENZO;DI CAMPIGLIA SNC 57027;1.549;07:00-12:30/14:00-18:00;Chiuso;08:00-13:00/14:00-18:00
9.628765;45.175843;CASALPUSTERLENGO;LO;CASALPUSTERLENGO;S.P.234 CODOGNESE  26841;1.489;07:00-12:30/14:00-19:00;Chiuso;07:00-12:30
9.686932;45.121936;FOMBIO;LO;FOMBIO;Statale 9 Via Emilia, Km. KM 270,709, dir. LODI - 26861;1.499;07:30-12:30/15:00-19:00;Chiuso;07:30-12:30
9.684528;45.103816;Erredue snc;LO;GUARDAMIGLIO;VIA EMILIA 18, 26862 18 26862;1.999;07:00-20:00;07:00-19:30;07:00-19:30
9.478519;45.322629;BEYFIN;LO;LODI;MILANO SNC 26900;1.599;06:00-12:45/14:00-19:00;08:00-11:45;06:00-12:45
9.491481;45.319759;METANGAS s.r.l.;LO;LODI;MILANO 62 26900;1.399;;;
9.460462;45.326633;Il Gigante Self 24h;LO;MONTANASO LOMBARDO;Strada Provinciale 16 1F 26836;1.599;09:00-19:00;00:00-24:00;09:00-14:00
9.535349;45.247532;TAMOIL OSSAGO;LO;OSSAGO LODIGIANO;Strada Provinciale 107, Km. 6+467, Lodi-Livraga  26816;1.599;07:00-19:00;08:00-12:30;07:00-19:00
9.634009;45.141970;SOMAGLIA OVEST;LO;SOMAGLIA;Autostrada A1 MILANO-NAPOLI, Km. 43+500, dir. Sud - 26867;1.665;00:00-24:00;00:00-24:00;00:00-24:00
9.424487;45.331774;ANTEGNATICA ENERGIA SRL;LO;TAVAZZANO CON VILLAVESCO;ANTEGNATICA SS.9 SNC 26838;1.100;06:00-19:30;08:00-12:00;06:00-19:30
9.443079;45.409375;YPSILON SERVICE DI CATELLA CLAUDIO CARLO DOMENICO & C. S.N.C.;LO;ZELO BUON PERSICO;Statale 415 Paullese, Km. 15+158, dir. milano - 26839;1.599;06:00-12:30/14:00-19:00;Chiuso;06:30-12:30/14:00-18:00
12.670446;41.575857;Metano Aprilia;LT;APRILIA;VIA GUARDAPASSO 53 04011, APRILIA (LT) 55 04011;1.599;07:00-20:00;07:30-13:00;07:00-20:00
12.677388;41.599065;VECCIA CARBURANTI;LT;APRILIA;VIA CARROCETO KM. 14+1  04011;1.599;07:30-12:30/15:00-19:00;Chiuso;07:30-12:30/15:00-19:00
12.708352;41.547101;VIA PONTINA;LT;APRILIA;PONTINA KM52+453 04011;1.989;06:00-22:00;06:00-22:00;06:00-22:00
13.416218;41.333807;PETROL GAMMA;LT;FONDI;VIA DIVERSIVO ACQUACHIARA SNC 04022;1.899;07:30-13:00/15:00-19:00;07:30-12:30;07:30-13:00/15:00-19:00
13.687956;41.270440;Penitro Carburanti sas;LT;FORMIA;"VIA S.R.  630  ""AUSONIA"" KM. 30+180 29 04023, FORMIA (LT)  04023";1.899;07:30-12:30/15:00-19:00;Chiuso;07:30-12:30/15:00-19:00
12.923457;41.459929;EASY SERVICE S.R.L. / LATINA;LT;LATINA;VIA SAN FRANCESCO 1 SNC 04100;1.769;06:30-20:00;07:00-12:30;06:30-20:00
12.938103;41.533698;Eni Crotallo SPA;LT;LATINA;Via delle industrie 54 04013;1.699;06:00-20:00;Chiuso;06:00-19:30
12.946759;41.505925;TOIL LATINA;LT;LATINA;s.s. appia km 66+755 tor tre ponti   04100;1.599;05:30-20:30;Chiuso;05:30-20:30
12.863303;41.478449;fge italiana gas;LT;LATINA;STRADA SABOTINO 1 04100;1.498;00:00-24:00;00:00-24:00;00:00-24:00
12.884378;41.441690;iPlanet;LT;LATINA;DEL LIDO KM 2.750 SNC 04100;1.599;06:30-19:00;Chiuso;06:30-19:00
12.858108;41.484289;stazione di servizio Eni 26708;LT;LATINA;"VIA S.R. 148 ""PONTINA"" KM 66+443 (LOCALITA' BORGO PIAVE) SNC 04100, LATINA (LT) SNC 04100";1.699;;;
12.858108;41.484289;stazione di servizio Eni 26708;LT;LATINA;"VIA S.R. 148 ""PONTINA"" KM 66+443 (LOCALITA' BORGO PIAVE) SNC 04100, LATINA (LT) SNC 04100";1.699;;;
13.737550;41.309830;EASY SERVICE SPIGNO S.;LT;SPIGNO SATURNIA;AUSONIA KM 7+800 SNC 04020;1.899;00:00-24:00;00:00-24:00;00:00-24:00
13.188552;41.318328;PERFILISTATION TERRACINA;LT;TERRACINA;"VIA S.S. 7 ""APPIA"" KM 95+722 SNC 04019, TERRACINA (LT) snc 04019";1.899;07:00-19:30;07:00-13:00/15:00-19:30;07:00-13:00/15:00-19:30
10.645076;43.828338;ALTOPASCIO;LU;ALTOPASCIO;VIA ROMANA EST 24 55011;1.699;07:30-12:30/14:30-19:30;Chiuso;07:30-12:30/15:00-18:00
10.252761;43.896359;CAMAIORE;LU;CAMAIORE;Via delle Bocchette  55041;1.599;;;
10.583625;43.860049;beyfin;LU;CAPANNORI;Viale Europa 10  55012;1.699;07:00-12:30/15:00-19:30;Chiuso;07:30-12:30
10.455308;44.049236;Torregas Srl - Gallicano;LU;GALLICANO;VIA ROMA SNC 55027;1.799;07:00-12:00/14:30-19:00;Chiuso;08:00-12:00
10.466395;43.848463;Distributore carburanti Lucca;LU;LUCCA;VIA SARZANESE  55100;1.586;07:00-21:00;07:30-12:45/14:30-21:00;07:00-21:00
10.493365;43.817540;LUCCA PONTETETTO;LU;LUCCA;S.P. SOTTOMONTE - LUCCA  - LOC. PONTETETTO  55100;1.699;07:30-13:00/14:30-19:30;Chiuso;07:30-13:00
10.559035;43.847391;Torregas Srl - Antraccoli;LU;LUCCA;VIA PROV.LE DELLA MADONNINA SNC 55100;1.699;07:00-19:30;Chiuso;07:00-19:30
10.331478;43.873870;MASSAROSA;LU;MASSAROSA;VIA SARZANESE 819 55054;1.699;07:30-12:30/15:00-19:00;08:30-12:00;07:30-12:30/15:00-19:00
10.291568;43.879688;S.I.M. srl;LU;MASSAROSA;VIA PROV.VIAREGGIO MONTRAMITO 672 55054;1.536;07:00-24:00;07:00-24:00;07:00-24:00
10.222109;43.934120;Distributore metano;LU;PIETRASANTA;1 Via Aurelia, Km. 368, Viareggio - 55045;1.586;07:00-21:00;07:00-12:45/14:30-21:00;07:00-21:00
10.218239;43.931019;PIETRASANTA;LU;PIETRASANTA;VIALE UNITA' D'ITALIA  55045;1.599;07:00-19:30;08:00-12:30/15:30-19:00;07:00-19:00
10.604271;43.827365;Torregas srl - Porcari;LU;PORCARI;AVVOCATO DEL MAGRO SNC 55016;1.699;07:00-20:00;Chiuso;07:00-20:00
9.436311;45.615579;BELLUSCO - SP 2 MONZA BELLUSCO.;MB;BELLUSCO;S.P. 2 MONZA/BELLUSCO SN 20882;1.599;07:00-12:00/14:00-19:00;Chiuso;08:00-12:00
9.164104;45.614438;Metangas Bovisio Masciago;MB;BOVISIO-MASCIAGO;Via Prof. G. Fortuzzi angolo Via IX Novembre SNC 20813;1.449;06:00-20:00;07:00-20:00;06:00-20:00
9.322114;45.548032;PETROL OUTLET Brugherio;MB;BRUGHERIO;VIA DEI MILLE 151 20861;1.399;07:30-12:30/14:00-18:45;Chiuso;07:30-12:30
9.394437;45.574417;BRIANZA SUD;MB;CAPONAGO;Autostrada A4 MILANO-BRESCIA, Km. 24, dir. BERGAMO - -;1.685;00:00-24:00;00:00-24:00;00:00-24:00
9.324163;45.604082;TAMOIL 7463 LATO SUD/EST;MB;CONCOREZZO;S.P. 60 KM 0+700 SNC 20049;1.499;07:00-19:00;Chiuso;Chiuso
9.478543;45.623413;CORNATE D'ADDA VIA BERLINGUER 61;MB;CORNATE D'ADDA;VIA BERLINGUER 61 29949;1.599;08:00-12:30/14:30-19:00;Chiuso;08:00-12:30/14:00-18:00
9.201271;45.600796;METANO AUTO DESIO SRL;MB;DESIO;AMBROSOLI ANGOLO V. MILANO  20832;1.649;07:00-13:00;Chiuso;07:00-13:00
9.309040;45.580225;Acinque;MB;MONZA;VIALE STUCCHI 57 20900;1.199;07:00-13:00/13:30-19:00;08:00-13:00;08:00-13:00/13:30-19:00
9.281291;45.565656;MONZA-VIA ENRICO FERMI;MB;MONZA;VIA ENRICO FERMI S/N 20052;1.599;07:00-12:00/14:00-19:00;Chiuso;07:30-12:00
9.227370;45.570824;eni;MB;MONZA;via ugo foscolo  20900;1.699;07:30-12:30/14:00-19:00;Chiuso;07:30-12:30
9.158192;45.603931;LEONE;MB;VAREDO;EX S.S. 527 KM 7+885  20814;1.649;;;
9.311200;45.617200;IL GIGANTE SELF H24 -VILLASANTA-;MB;VILLASANTA;Via Tiziano Vecellio 1 20852;1.315;Chiuso;Chiuso;Chiuso
13.054628;43.176249;2RC RENT SRL;MC;CAMERINO;CARBONE SS 256 KM 15,420 SN 62032;1.579;07:00-13:00/14:00-20:00;Chiuso;07:00-13:00/14:00-20:00
13.704428;43.344457;Civitanova 1;MC;CIVITANOVA MARCHE;C. COLOMBO S.S. 16 KM 337 950 62012;1.475;07:00-20:00;07:00-12:00/14:00-20:00;07:00-20:00
13.728983;43.291017;FONTANELLA;MC;CIVITANOVA MARCHE;VIA FONTANELLA 67 62012;1.456;07:30-12:30/14:30-19:30;Chiuso;07:30-12:30/14:30-19:30
13.683834;43.282616;GEP CARBURANTI CIVITANOVA;MC;CIVITANOVA MARCHE;VIA GOBETTI SNC 62012;1.599;07:00-20:00;07:30-13:00/14:30-20:00;07:30-13:00/14:30-20:00
13.658221;43.292850;Metano Cavallino;MC;CIVITANOVA MARCHE;CAVALLINO 79 62012;1.395;07:00-20:00;Chiuso;07:00-20:00
13.375979;43.176008;SERI SRL;MC;COLMURANO;VIA FIASTRA 34 62020;1.699;07:00-20:30;07:00-20:30;07:00-20:30
13.438488;43.251044;7579;MC;CORRIDONIA;77 KM 85+103 - 62014;1.629;07:00-13:00/14:00-20:00;07:00-13:00/14:00-20:00;07:00-13:00/14:00-20:00
13.485305;43.255294;CORRADINI NELLO E C. SNC;MC;CORRIDONIA;VIA FONTELEPRE SNC 62014;1.540;06:30-13:00/16:00-20:00;06:30-12:30;06:30-13:00/16:00-20:00
13.564339;43.269401;METANO CORRIDONIA;MC;CORRIDONIA;LOCALITA SARROCCIANO SP 485  62014;1.529;06:30-21:00;07:00-13:00;06:30-21:00
13.082316;43.220860;Stazione di Servizio IP Urcia Alberto e C s.n.c. 44363;MC;GAGLIOLE;LOCALITA' BASCIANO DI GAGLIOLE 5 62020;1.549;06:30-13:00/13:45-20:00;07:00-13:00;06:30-13:00/13:45-19:00
13.436207;43.294673;Metano Pieve;MC;MACERATA;LA PIEVE 10 62100;1.425;;;
13.494650;43.278090;Metano Valleverde;MC;MACERATA;Via Domenico Concordia 13 62100;1.395;06:30-19:30;Chiuso;06:30-19:30
13.443261;43.262965;SFORZACOSTA;MC;MACERATA;Contrada Acquevive snc 62100;1.599;07:00-20:00;Chiuso;07:00-12:00
13.488251;43.186945;metano Perroni Mogliano;MC;MOGLIANO;CORSIA s.caterina 5 62010, MOGLIANO (MC) 5 62010;1.599;07:30-12:30/15:00-20:00;Chiuso;07:30-12:30/15:00-20:00
13.430185;43.337656;METANO VALLECASCIA MC 3;MC;MONTECASSIANO;VIA VALLECASCIA 31/A 62010;1.449;06:30-20:00;06:30-12:15;06:30-20:00
13.580700;43.372278;GOLDENGAS SPA ENI PV MONTELUPONE;MC;MONTELUPONE;S.P. 571 KM 8+877 SNC 62010;1.599;06:30-20:30;07:30-12:30/15:00-20:00;06:30-20:30
13.608161;43.323767;MBM MULTISERVIZI SAS di Martinelli Andrea;MC;MORROVALLE;via verdi  (strada provinciale 10 km 16+579) 156 62010;1.599;07:00-20:00;Chiuso;07:00-20:00
13.063181;43.073259;CDC.L. DI MARCHETTI & C. SNC;MC;MUCCIA;STRADA COMUNALE GIOVE  62034;1.699;07:00-13:00/15:00-20:00;Chiuso;07:00-13:00/15:00-20:00
13.683151;43.390040;Stazione di Servizio IS - Potenza Picena;MC;POTENZA PICENA;Statale 16 Adriatica, Km. 332+575, dir. Porto Potenza Picena - 63018;1.549;06:30-20:00;06:30-20:00;06:30-20:00
13.519345;43.366819;Recanati 1;MC;RECANATI;S.P. HELVIA RECINA KM 14 SCN 62019;1.475;07:00-20:30;07:00-12:00/14:00-19:45;07:00-20:30
13.536224;43.384825;Stazione di Servizio IS - Recanati;MC;RECANATI;Statale 77 della Val di Chienti, Km. 107+381, dir. zona industriale San Leopardo - 62019;1.499;07:00-19:30;Chiuso;07:00-19:30
13.216015;43.240190;Stazione di Servizio IS - San Severino Marche;MC;SAN SEVERINO MARCHE;Statale 361 Septempedana, Km. 53+695, dir. San Severino - 62027;1.499;07:00-12:30/15:30-19:30;Chiuso;07:00-12:30/15:30-19:30
13.274951;43.050199;Rifornimento metano Perroni Sarnano;MC;SARNANO;CONTRADA callarella 269 62028, SARNANO (MC) 269 62028;1.599;07:30-13:00/15:00-20:00;08:00-12:30/15:00-20:00;07:30-13:00/15:00-20:00
13.311038;43.209381;BONFIGLI METANO S.R.L.;MC;TOLENTINO;CONTRADA C.DA RIBUTINO, 72/B 62029, TOLENTINO (MC)  62029;1.599;06:30-20:30;07:30-13:00;06:30-20:30
13.349018;43.230188;TOLENTINO SUD;MC;TOLENTINO;SS77 SNC 62029;1.699;00:00-24:00;00:00-24:00;00:00-24:00
13.304162;43.277419;Staffolani Adriano;MC;TREIA;CONTRADA VALLONICA 24/A 62010;1.449;;;
13.287701;43.341246;TREIA 1;MC;TREIA;S.P. CINGOLANA LOC. SCHITO KM11+087 62010;1.475;08:00-19:30;Chiuso;08:00-19:30
15.206354;38.144748;BIONDO OIL S.A.S. DI COPPOLINO DOMENICA & C.;ME;BARCELLONA POZZO DI GOTTO;ON. GAETANO MARTINO 52 98051;1.678;00:00-24:00;00:00-24:00;00:00-24:00
15.594538;38.253587;Impianto carburanti IP Nuova Panoramica;ME;MESSINA;Via Nuova Panoramica  98168;1.899;07:00-13:00/15:00-19:30;Chiuso;07:00-13:00/15:00-19:30
15.513780;38.156800;S. LUCIA SOPRA CONTESSE;ME;MESSINA;FORNACE SN 98126;1.869;07:00-19:00;07:00-12:00;08:00-18:00
14.995040;38.135120;PMM srl Carburanti;ME;PATTI;CONTRADA MORERI SOTTANI SNC 98066;1.899;07:00-19:00;07:00-13:00;07:00-19:00
15.276990;38.196540;SAN FILIPPO DEL MELA;ME;SAN FILIPPO DEL MELA;ASI SN 98044;1.569;07:00-19:00;07:00-12:00;07:00-19:00
14.829854;38.092593;EPR - SINAGRA;ME;SINAGRA;CONTRADA MOLINO VECCHIO SNC 98069;1.799;07:30-12:30/14:30-19:00;Chiuso;07:30-12:30/14:30-19:00
15.343614;38.206087;SB GAS AUTO;ME;TORREGROTTA;STRADA COMUNALE COTUGNARA sn 98040;2.039;06:00-19:00;Chiuso;06:00-19:00
9.053292;45.561761;Iper Station Arese;MI;ARESE;Via Luraghi sn 20020;1.649;07:45-19:45;Chiuso;07:45-19:45
9.122409;45.400918;ASSAGO OVEST;MI;ASSAGO;Autostrada A50 TANG.LE OVEST DI MILANO,  Km. 18.723, dir. Ovest 20094;1.699;06:00-21:50;06:00-21:50;06:00-21:50
9.130012;45.559090;Green Fuel Company S.p.A. - Bollate;MI;BOLLATE;VIA PACE 50 20021;1.699;07:00-19:00;Chiuso;08:00-12:00
8.869915;45.547263;enercoop;MI;BUSTO GAROLFO;VIA ARCONATE 120 20020;1.499;07:00-19:30;07:00-13:00;07:00-19:30
9.245054;45.335017;X3CNG Italia srl - Carpiano;MI;CARPIANO;SP 40, km 11 + 500  20080;1.699;06:00-12:00/14:00-18:20;Chiuso;07:00-12:30
8.782057;45.543313;SOMMESE - CASTANO;MI;CASTANO PRIMO;SP 34/D - km. 1+200  20022;1.679;07:30-12:30/14:30-19:00;Chiuso;07:30-12:30
9.057773;45.578884;EKOPOINT;MI;GARBAGNATE MILANESE;VIA TRATTATI DI ROMA  20024;1.649;07:00-20:00;08:00-20:00;08:00-20:00
9.504483;45.585976;AF Petroli Grezzago (Mi);MI;GREZZAGO;VIA STRADA PROVINCIALE 179  20056;1.699;07:30-12:30/15:00-19:00;Chiuso;07:30-12:30
9.485035;45.535737;IP DI INZAGO;MI;INZAGO;VIA PADANA SUPERIORE 1 20065;1.649;07:30-12:30/14:30-19:00;08:30-12:15;07:30-12:30/14:30-19:00
9.186897;45.322498;LACCHIARELLA;MI;LACCHIARELLA;VIA CASCINA  NUOVA  - LOC.VILLAMAGGIORE  20084;1.599;07:00-18:30;Chiuso;07:00-13:30
9.039123;45.559970;VILLORESI EST;MI;LAINATE;Autostrada A8-A9 MILANO-LAGHI, Km. 7+600, dir. Nord - 20020;1.699;00:00-24:00;00:00-24:00;00:00-24:00
9.040144;45.558349;VILLORESI OVEST;MI;LAINATE;Autostrada A8-A9 MILANO-LAGHI, Km. 7+600, dir. Sud - 20020;1.993;06:00-22:00;06:00-22:00;06:00-22:00
8.901101;45.604982;Green Fuel Company S.p.A. - Legnano;MI;LEGNANO;VIA PER BUSTO 33/A 20025;1.699;07:00-18:45;08:00-11:45;07:30-16:45
8.869053;45.479109;Moro_Distributore Q8_Marcallo Con Casone;MI;MARCALLO CON CASONE;VIA DE GASPERI  130 20010;1.649;07:00-12:30/14:30-18:45;Chiuso;07:00-12:15
9.356094;45.404126;ENI S.P. 39 MEDIGLIA;MI;MEDIGLIA;PROV. N. 39 DELLA CERCA 12 20076;1.599;07:00-12:30/14:00-18:15;Chiuso;07:00-12:00
9.261494;45.506814;CASCINA GOBBA EST;MI;MILANO;Autostrada A51 TANG.LE EST DI MILANO, dir. Venezia 20132;1.549;06:00-21:50;06:00-21:50;06:00-21:50
9.259259;45.506712;CASCINA GOBBA OVEST;MI;MILANO;Autostrada A51 TANG.LE EST DI MILANO, Km. 9+720, dir. sud - 20132;1.549;06:30-21:50;06:30-21:50;06:30-21:50
9.101179;45.480255;ENI 2194;MI;MILANO;VIA NOVARA 286 20153;1.667;07:00-12:30/14:30-18:45;Chiuso;07:00-12:30/14:30-18:45
9.118590;45.443396;GPL METANO;MI;MILANO;VIA LORENTEGGIO 0263 20152;1.799;07:00-20:00;08:00-18:00;07:00-20:00
9.225766;45.515316;LEONE  Milano Viale Monza n. 254;MI;MILANO;VIALE MONZA 254 20128;1.599;07:00-12:30/14:00-19:00;Chiuso;08:30-13:00/14:00-18:00
9.096814;45.506485;M.A.S. S.r.l.;MI;MILANO;GALLARATE 437 20151;1.799;06:00-20:40;Chiuso;06:00-20:40
9.152552;45.439463;MILANO - VIA S.RITA 41;MI;MILANO;VIA S.RITA 41 20143;1.759;07:00-19:30;Chiuso;07:00-17:00
9.208450;45.408155;Milano - Ripamonti;MI;MILANO;GIUSEPPE RIPAMONTI 483 20141;1.649;07:00-12:30/15:00-19:00;Chiuso;07:00-12:30
9.253790;45.470992;Q8;MI;MILANO;VIA CORELLI ARCANGELO 56 20134;1.699;07:00-19:30;Chiuso;07:00-19:30
9.175020;45.409047;VEGA MISSAGLIA;MI;MILANO;VIA DEI MISSAGLIA 109 20142;1.599;07:30-12:30/14:30-19:00;Chiuso;07:30-12:30/14:30-19:00
9.148189;45.521043;X3CNG ITALIA SRL - AMORETTI;MI;MILANO;VIA AMORETTI CARLO 93 20157;1.769;07:30-13:00/15:00-19:00;08:30-12:30;07:30-13:00/15:00-19:00
9.070727;45.352597;EPR - NOVIGLIO;MI;NOVIGLIO;sp 203 km 6.300 SNC 20082;1.698;07:00-19:00;Chiuso;07:00-19:00
9.173430;45.559944;Eni Station PV 12416;MI;PADERNO DUGNANO;S.P. ex S.S. 35 Nord dei Giovi km 132+300  20037;1.647;06:00-19:00;Chiuso;07:00-17:00
9.173264;45.588769;PADERNO DUGNANO-FZ.PALAZZOLO SS/SP35KM.6+550 OVEST;MI;PADERNO DUGNANO;FZ.PALAZZOLO SS/SP 35 KM.6+550 OVEST S/N 20037;1.649;06:00-22:00;06:00-22:00;06:00-22:00
9.175574;45.574211;S.M.C. SNC DI AGNANI MASSIMO E STEFANO;MI;PADERNO DUGNANO;Statale 35 dei Giovi, Km. 134, dir. sud  20037;1.649;07:00-12:30/14:00-19:00;Chiuso;07:00-12:30
9.464121;45.523593;GENERAL OIL;MI;POZZUOLO MARTESANA;SP 103 DIR KM 2.500 SNC 20060;1.599;08:00-12:00/15:00-18:30;Chiuso;07:00-12:30
9.449320;45.519683;Pozzuolo;MI;POZZUOLO MARTESANA;strada provinciale 103 smc 20060;1.569;07:00-12:30/15:00-18:30;Chiuso;07:00-13:00
8.940021;45.611190;Vele sas di Verduci Antonino & c;MI;RESCALDINA;VIA SARONNESE 51 20027;1.659;06:45-12:00/14:45-17:45;Chiuso;08:00-11:45
9.041621;45.514623;ET CAR SERVICE SUD;MI;RHO;VIALE DEI FONTANILI ang. Via Vallassa snc 20017;1.699;07:30–12:30/15:00–18:00;Chiuso;07:30–12:30/15:00–18:00
9.019234;45.541093;GHULAM PAK;MI;RHO;S.S.33 DEL SEMPIONE, KM.16+030  20017;1.649;07:00-19:50;08:00-13:00;07:00-19:50
9.038897;45.509367;RHO SUD;MI;RHO;Autostrada A4 TORINO-MILANO,  Km. 119, dir. EST 20017;1.699;00:00-24:00;00:00-24:00;00:00-24:00
9.178438;45.391220;ROZZANO VIA CURIEL EUGENIO 25;MI;ROZZANO;VIA CURIEL EUGENIO 25 20098;1.599;;;
9.257046;45.421341;ENI SAN DONATO METANO;MI;SAN DONATO MILANESE;PIAZZALE SUPERCORTEMAGGIORE SNC 20097;1.499;07:00-19:15;Chiuso;07:30-17:30
9.375913;45.322377;S.ZENONE EST;MI;SAN ZENONE AL LAMBRO;A1 MILANO-NAPOLI, Km. 15, nord - 20070;1.649;00:00-24:00;00:00-24:00;00:00-24:00
9.376063;45.321004;S.ZENONE OVEST;MI;SAN ZENONE AL LAMBRO;A1 MILANO-NAPOLI, Km. 16, Sud - 20070;1.599;00:00-24:00;00:00-24:00;00:00-24:00
9.286826;45.501780;SEGRATE-FZ.ROVAGNASCO VIA MONZESE/MANZONI;MI;SEGRATE;FZ.ROVAGNASCO VIA MONZESE/MANZONI S/N 20090;1.639;08:00-12:00/15:00-19:00;Chiuso;08:00-12:00
9.263870;45.486669;VEGA SEGRATE;MI;SEGRATE;VIA PIAGGIO 1 20090;1.699;07:30-19:00;Chiuso;07:30-19:00
9.042530;45.487837;Mas;MI;SETTIMO MILANESE;VIA STRADACCIA  20019;1.799;07:00-16:00;Chiuso;07:00-16:00
9.385026;45.499730;DALOIL 1971;MI;VIGNATE;VIA MOLINA  20060;1.699;07:30-12:30;Chiuso;Chiuso
10.857030;45.090430;KEROPETROL BAGNOLO SAN VITO;MN;BAGNOLO SAN VITO;Via Marco Biagi Snc 46031;1.899;09:00-14:30/16:30-19:00;Chiuso;09:00-14:30
11.127134;45.043132;IP;MN;BORGO MANTOVANO;VIA S.S.   12 KM.236+614 46036, BORGO MANTOVANO (MN) 44  46036;1.699;07:00-13:00/14:00-19:00;08:00-12:00;07:00-13:00/14:00-18:50
10.895140;45.207454;miro impianto agip;MN;CASTELBELFORTE;COLONNA C.M. 46032;1.399;;;
10.772975;45.124626;casalino erika;MN;CURTATONE;CADUTI DEL LAVORO 21/A 46010;1.599;;;
10.719638;45.153156;ip;MN;CURTATONE;LEOPOLDO PILLA 41 46010;1.529;07:30-19:30;Chiuso;07:30-12:30
10.563794;45.327534;TENEDINI RICCARDO;MN;GUIDIZZOLO;Statale 236 Goitese, Km. 25+547, dir. mantova - 46040;1.597;07:00–12:30/14:30–19:00;Chiuso;07:00–12:30
10.812172;45.163002;2094 - Lunetta San Giorgio;MN;MANTOVA;Via Legnago  46100;1.496;07:30-12:30/14:10-19:00;Chiuso;07:30-12:00
10.840056;45.152033;A.F. PETROLI S.P.A. - MANTOVA;MN;MANTOVA;VIA VIA OSTIGLIA - S.P. 482 KM 2+130 46100, MANTOVA (MN) 12 46100;1.629;;;
10.841830;45.156774;MAZZOLA E BIGNARDI SPA;MN;MANTOVA;VIA BRENNERO 33 46100;1.710;07:30-12:30/14:30-19:00;Chiuso;07:30-12:30/14:30-19:00
10.809208;45.174589;METAMANTOVA SNC;MN;MANTOVA;VIA VIALE DELLA FAVORITA 11 46100, MANTOVA (MN) 11 46100;1.699;06:30-21:00;06:30-21:00;06:30-21:00
10.744654;45.034984;IP GHULAM,MOTTEGGIANA;MN;MOTTEGGIANA;STRADA NAZIONALE CISA 16 46020;1.999;07:00-20:00;07:00-15:00;07:00-20:00
10.839791;44.987064;TAMOIL ZEN TRASPORTI di ghulam zain ul abadin;MN;PEGOGNAGA;SP Ovest 45  46020;1.599;;;
11.106119;44.967114;KEROPETROL POGGIO RUSCO;MN;POGGIO RUSCO;Via Abetone Brennero 154  46025;1.999;07:30-12:30/14:00-19:00;Chiuso;07:30-12:30/14:00-19:00
10.915690;45.152260;KEROPETROL SPA RONCOFERRARO;MN;RONCOFERRARO;Via C. Battisti 297  46037;1.999;07:00-19:30;07:00-12:30;07:00-19:30
10.929720;45.050290;ego;MN;SAN BENEDETTO PO;Via Romana 2 46027;1.699;07:30-12:30/14:30-18:55;Chiuso;07:30-12:30
11.038012;44.736892;6363 BONPORTO;MO;BOMPORTO;Via Gorghetto 2 41030;1.594;07:30-12:30/14:30-18:30;Chiuso;07:30-12:30
10.849062;44.704280;CAMPOGALLIANO EST;MO;CAMPOGALLIANO;Autostrada A22 BRENNERO-MODENA, dir. EST;1.679;00:00-24:00;00:00-24:00;00:00-24:00
10.847896;44.702790;CAMPOGALLIANO OVEST;MO;CAMPOGALLIANO;Autostrada A22 BRENNERO-MODENA,  Km. 308.49, dir. Sud - 41011;1.653;00:00-24:00;00:00-24:00;00:00-24:00
10.873746;44.761383;EH24CARPI;MO;CARPI;Via Carlo Marx 160  41012;1.739;07:30-12:30/15:00-19:00;Chiuso;07:30-12:30
10.878474;44.805285;METANO CARPI;MO;CARPI;SS413 km 45.537 dir. Sud-Ovest  41 D 41012;1.559;07:00-21:00;07:00-13:00;07:00-21:00
10.897703;44.842907;RANJHA TOTAL SERVICE DI ABBAS GHULAM;MO;CARPI;VIA ROMANA SP 413 ROMANA NORD 127 41012;1.599;07:25-12:30/14:00-19:30;08:30-12:30;07:25-12:30/14:00-19:30
10.864201;44.791491;STAZIONE DI SERVIZIO ENI;MO;CARPI;DELL'INDUSTRIA 3 41012;1.499;07:30-12:30/14:30-19:00;Chiuso;07:30-12:30
11.080400;44.585517;METANAUTO CASTELFRANCO EMILIA;MO;CASTELFRANCO EMILIA;VIA EMILIA EST 83 41013;1.639;07:00-20:00;07:00-20:30;07:00-20:30
11.036549;44.827210;EVELYNE STATION - ESSO;MO;CAVEZZO;VIA VOLTURNO 124 41032;1.599;07:00-12:30/15:00-19:00;Chiuso;07:00-12:30
11.277190;44.837460;DISTRIBUTORE METANO;MO;FINALE EMILIA;PER MODENA 48/A 41034;1.699;07:00-19:30;07:00-12:30;07:00-19:30
10.824532;44.538121;A.F. PETROLI S.P.A. - FIORANO;MO;FIORANO MODENESE;SAN FRANCESCO 206 41042;1.599;;;
10.831522;44.549483;CIS NORD - FIORANO MODENESE;MO;FIORANO MODENESE;PEDEMONTANA 105 41042;1.599;07:00-19:30;Chiuso;07:00-12:30
10.853320;44.530190;FIORANO MODENESE;MO;FIORANO MODENESE;VIA STATALE ANGOLO VIA SAN GIOVANNI  SNC 41042;1.699;07:30-12:30/15:00-19:00;Chiuso;07:30-12:30/15:00-19:00
10.826044;44.570682;AREA DI SERVIZIO FORMIGINE;MO;FORMIGINE;ND SS. 724 MODENA/SASSUOLO KM. 17+000 SNC 41043, FORMIGINE (MO) KM 17+00 41043;4.999;07:30-13:00/15:00-19:30;07:30-13:00;07:30-13:00/15:00-19:30
10.826811;44.570386;AREASERVIZIO IP CT SRL;MO;FORMIGINE;via modena sassuolo km17 latosx direzione modena  41043;1.399;07:30-13:00/15:00-19:30;07:30-13:00;07:30-13:00/15:00-19:30
10.888719;44.531590;6357 MARANELLO;MO;MARANELLO;S.P 467 PEDEMONTANA,  2100  41053;1.577;07:30-12:30/15:00-19:30;Chiuso;Chiuso
10.892708;44.531052;METANO MARANELLO;MO;MARANELLO;STRADA PEDEMONTANA 2405-2415 41053;1.499;07:00-19:00;Chiuso;07:00-13:00
10.892708;44.531052;METANO MARANELLO;MO;MARANELLO;STRADA PEDEMONTANA 2405-2415 41053;1.299;07:00-19:00;Chiuso;07:00-13:00
11.062401;44.855193;POMPA BIANCA;MO;MEDOLLA;MATTEOTTI 51 41036;1.599;07:00-19:55;07:00-12:55;07:00-19:55
11.043312;44.895167;EGO;MO;MIRANDOLA;VIA PROVINCIALE PER CONCORDIA 70/D 41037;1.597;07:00-12:30/14:30-19:00;Chiuso;07:00-12:30/14:30-19:00
11.047340;44.866030;KEROPETROL SPA MIRANDOLA;MO;MIRANDOLA;VARIANTE SS 12,KM.3 +368 SNC 41037;1.799;;;
10.934165;44.656166;6259 MODENA CANALETTO;MO;MODENA;Via Canaletto 62 41030;1.574;07:00-12:30/15:00-19:00;Chiuso;07:00-12:30
10.888608;44.664330;6353 MODENA;MO;MODENA;VIA L.PIRANDELLO -  TANGENZIALE NORD  49/51;1.474;07:00-12:30/15:00-19:00;Chiuso;07:00-13:00
10.894010;44.644517;AREA SERVIZI ENERGIA FUTURA S.R.L. ABBREVIABILE IN: A.S.E.F. S.R.L.;MO;MODENA;L. DA VINCI 330 41126;1.785;;;
10.881770;44.656850;COIL MODENA;MO;MODENA;Via Emilia Ovest 842  41123;1.469;07:30-12:30-15:00-19:00;Chiuso;07:30-12:30
10.964031;44.629842;Elp - Modena;MO;MODENA;via Pica 11 41126;1.639;07:30-12:30/15:00-19:30;Chiuso;07:30-12:30
10.883417;44.616007;GRAZI PETROLI;MO;MODENA;VIA GIARDINI 1171 41126;1.639;07:30-19.00;Chiuso;07:30-19.00
10.853899;44.606319;MODENA MO/SASSUOLO 1601 LOC BAGGIOVAR;MO;MODENA;MO/SASSUOLO 1601 LOC BAGGIOVAR SNC 41100;1.599;07:00-19:00;Chiuso;07:00-19:00
10.953305;44.620830;SUPER GAS SRL;MO;MODENA;VIA COLLEGAROLA 215 41126;1.639;07:00-20:00;07:00-12:50;07:00-20:00
10.957008;44.654170;VV;MO;MODENA;VIA PAPA GIOVANNI XXIII 36/A 41122;1.699;7:00-13:00/14:30-19:30;Chiuso;7:30-13:00/15:00-19:00
10.937562;44.681851;effe uno sas;MO;MODENA;NAZIONALE DEL CANALETTO 678 41122;1.469;06:30-12:30/13:30-19:00;Chiuso;07:00-12:30
10.789779;44.585037;ME-TRA spa;MO;SASSUOLO;VIA ANCORA 500/502 41049;1.499;07:00-21:00;08:00-13.00/15.00-20:00;07:00-21:00
10.801891;44.559652;SASSUOLO RADICI IN PIANO;MO;SASSUOLO;RADICI IN PIANO SNC 41049;1.599;07:00-19:00;Chiuso;07:00-12:30
11.010377;44.544962;A.F. PETROLI S.P.A. - VIA MODENESE;MO;SPILAMBERTO;VIA VIA MODENESE  S.S. 623 KM10+530, 1493 41057, SPILAMBERTO (MO) 1493 41057;1.589;06:30-20:30;Chiuso;07:30-19:00
11.020242;44.522557;A.F. PETROLI S.P.A. SPILAMBERTO VIGNOLESE;MO;SPILAMBERTO;VIGNOLESE 1993 41057;1.799;;;
11.011913;44.540411;Metano Spilamberto Carburanti;MO;SPILAMBERTO;VIA SAN VITO 329 41057;1.599;07:00-20:00;07:00-20:00;07:00-20:00
10.010497;44.204220;METANO LAUDA FIBRE;MS;AULLA;VIA GUIDO ROSSA SNC 54011;1.599;;;
10.065195;44.056798;CARRARA;MS;CARRARA;VIALE XX SETTEMBRE LOC TURIGLIANO  54033;1.699;07:30-12:00/15:00-19:00;Chiuso;07:30-12:00/15:00-19:00
10.058366;44.046253;S.I.M srl Avenza;MS;CARRARA;VIA COVETTA 3 54031;1.586;07:00-21:00;07:00-21:00;07:00-21:00
10.078521;44.031059;CUMA di Mainardi Luciano s.a.s.;MS;MASSA;BOZZONE 143 54037;1.669;07:00-12:30/14:30-19:30;07:00-12:30/15:30-19:30;07:00-12:30/14:30-19:30
16.783382;40.380881;DEPA S.R.L.;MT;BERNALDA;SS 407 Basentana km 100  75012;1.699;;;
16.483403;40.205290;IFLEM;MT;COLOBRARO;SINNICA KM 64+500 snc 75021;1.658;05:00-21:00;05:00-21:00;05:00-21:00
16.599553;40.682028;GAS NATURAL CAR;MT;MATERA;C.DA LA VAGLIA SNC 75100;1.699;06:00-20:00;07:00-13:00;06:00-20:00
14.359031;40.927320;59353 ACERRA;NA;ACERRA;STRADA STATALE  162 KM 3+848  SNC;1.571;07:00-12:30/15:00-19:00;Chiuso;07:00-12:30
14.373304;40.921833;DE.PI.;NA;ACERRA;Via Aria di Settembre  80011;1.699;;;
14.351913;40.931294;CPM AFRAGOLA;NA;AFRAGOLA;VIA MARZIA SEPE SC 80021;1.589;00:00-24:00;00:00-24:00;00:00-24:00
14.303856;40.944712;ESSO;NA;AFRAGOLA;VIA COM.LE VIOTTOLO DEI SERPI SNC 80021;1.599;06:00-20:30;07:00-14:00/16:00-21:00;06:00-20:30
14.345535;40.921300;ROIL;NA;AFRAGOLA;VIA SAGGESE SNC 80021;1.659;06:00-22:00;06:00-22:00;06:00-22:00
14.055602;40.806112;SIBILLA PETROLI (Via Mercato di Sabato);NA;BACOLI;VIA MERCATO DI SABATO 66 80070;1.799;07:30-12:30/15:00-19:00;Chiuso;07:30-12:30
14.247526;40.848589;IP;NA;BOSCOREALE;MARRA 302 80041;1.290;;;
14.311837;40.980332;caivano;NA;CAIVANO;PROV. 498 EX SS. SANNITICA 87 KM15,578 80023;1.457;05:30-21:30;07:30-13:30/16:00-21:30;05:30-21:30
14.293616;40.929435;EURO CARBURANTI;NA;CARDITO;CORSO ITALIA ANG. VIA PALERMO SNC 80024;1.599;07:00-20:00;n.p.;07:00-20:00
14.360487;40.911737;CPM CASALNUOVO;NA;CASALNUOVO DI NAPOLI;VIALE DEI TIGLI 782 80013;1.649;06:00-22:00;06:00-22:00;06:00-22:00
14.248972;40.922294;ENI MANZONI SAS DI MANZONI SALVATORE;NA;CASANDRINO;VIA PAOLO BORSELLINO 129 80025;1.649;06:30-19:00;07:00-13:00;06:30-19:00
14.246652;40.933303;EcoFuel;NA;CASANDRINO;P.BORSELLINO (EX VIA NAPOLI) 39 80025;1.595;07:30-21:00;07:30-13:30;07:30-21:00
14.319117;40.883479;METANO CASORIA;NA;CASORIA;Viale delle Puglie 176/A 73055;1.639;06:30-20:30;06:30-13:30/16:30-20:30;06:30-20:30
14.415920;40.920573;DR CARBURANTI;NA;CASTELLO DI CISTERNA;VIA PAOLO BORSELLINO SNC 80030;1.799;06:00-22:00;06:00-23:00;06:00-23:00
14.358678;40.833358;GR7 SRL CARBRANTI;NA;ERCOLANO;VIA SAC.BENEDETTO COZZOLINO SNC 80056;1.699;07:00-12:30/15:00-19:00;Chiuso;07:00-12:30
14.283380;40.927030;GP CARBURANTI;NA;FRATTAMAGGIORE;EX SS 87 SANNITICA KM 50+3 SNC 80027;1.589;06:00-21:00;07:00-13:00;06:00-21:00
14.120874;40.958820;ITALMARE GIUGLIANO;NA;GIUGLIANO IN CAMPANIA;Strada Provinciale Santa Maria a Cubito Giugliano  80014;1.499;07:00-13:00/16:00-20:00;Chiuso;07:00-13:00/16:00-20:00
14.177836;40.939412;MIGLIACCIO CARBURANTI P.V. GIUGLIANO CENTRO;NA;GIUGLIANO IN CAMPANIA;VIA ARCO S.ANTONIO SNC 80014;1.595;00:00-24:00;00:00-24:00;00:00-24:00
14.222740;40.933261;Pit Stop;NA;GIUGLIANO IN CAMPANIA;Via Appia Km 19,800 SNC 80014;1.499;00:00-24:00;00:00-24:00;00:00-24:00
14.080300;40.886762;Q8 P.V.7040;NA;GIUGLIANO IN CAMPANIA;Via S. Nullo 141/G 80014;1.595;06:00-22:00;06:00-22:00;06:00-22:00
14.136798;40.902086;EUROENERGIA SNC MARANO;NA;MARANO DI NAPOLI;Via Castel Belvedere SNC 80016;1.695;;;
14.213881;40.904560;GEST-ITA;NA;MUGNANO DI NAPOLI;Via Papa Snc 80018;1.489;06:00-22:00;06:00-22:00;06:00-22:00
14.221276;40.912993;GR PETROLI;NA;MUGNANO DI NAPOLI;VIA PIETRO NENNI 11 80018;1.499;;;
14.217003;40.884249;ENERGAS TOSCANELLA;NA;NAPOLI;VIA NUOVA TOSCANELLA  183 80145;1.869;06:30-21:00;06:00-14:00;06:30-21:00
14.307793;40.882639;ESSO;NA;NAPOLI;Via detta nuova casoria snc 80143;1.979;06:30-21:00;Chiuso;06:30-21:00
14.172707;40.851005;Easy Service Montagna Spaccata;NA;NAPOLI;via montagna spaccata  292/297 80100;1.329;06:00-23:30;07:00-23:30;06:00-23:30
14.220568;40.877072;Easy Service, Toscanella Bis;NA;NAPOLI;Via Toscanella SNC 80100;1.869;06:30-23:00;06:30-23:00;06:30-23:00
14.261659;40.902051;EcoFuel;NA;NAPOLI;LIMITONE DI ARZANO SNC 80144;1.595;00:00-24:00;00:00-24:00;00:00-24:00
14.214620;40.895843;Eni station di Giovanni Varriale;NA;NAPOLI;Via Santa Maria a cubito 728 80145;1.534;07:30-12:30/15:00-19:00;Chiuso;07:30-12:30
14.526732;40.913531;EMME PETROLI;NA;NOLA;VIA FEUDO SNC 80035;1.894;00:00-24:00;00:00-24:00;00:00-24:00
14.496031;40.862311;MANU GAS SRL;NA;OTTAVIANO;via bosco del gaudio 21/C 80044;1.310;05:00-24:00;05:00-24:00;05:00-24:00
14.547630;40.833130;AR;NA;PALMA CAMPANIA;PONTE DI NAPOLI 37 80036;1.390;06:30-20:30;06:30-13:30/15:30-20:30;06:30-20:30
14.539332;40.855071;M.A.C. S.R.L.;NA;PALMA CAMPANIA;Via Pucecca snc 80036;1.310;06:00-22:00;06:00-22:00;06:00-22:00
14.529920;40.794436;AR;NA;POGGIOMARINO;Via Passanti Flocco 213  80040;1.390;;;
14.371171;40.876377;38148 POLLENA TROCCHIA;NA;POLLENA TROCCHIA;STRADA STATALE 162 DIR. KM6 + 513 DIREZIONE NAPOLI;1.699;06:00-22:00;06:00-22:00;06:00-22:00
14.369579;40.870985;STAZIONE SERVIZIO IP;NA;POLLENA TROCCHIA;SS268 268  80048;1.499;06:00-22:00;08:00-14:00/16:30-20:30;06:00-22:00
14.410376;40.901658;Easy Service Pomigliano D'Arco;NA;POMIGLIANO D'ARCO;Via Vesuviana SNC 80038;1.499;06:00-21:00;07:30-20:00;06:00-21:00
14.516079;40.734553;SUD PETROLI;NA;POMPEI;VIA MARICONDA SNC 80045;1.499;06:30-13:00/15:30-21:00;06:30-13:00/15:30-21:00;06:30-13:00/15:30-21:00
14.130532;40.864323;B.CARBURANTI Via Prov.le Pianura;NA;POZZUOLI;Via Provinciale Pianura 15 80078;1.299;06:00-24:00;06:00-24:00;06:00-24:00
14.127286;40.930204;Euroenergia snc QUALIANO;NA;QUALIANO;CIRCUMVALLAZIONE ESTERNA 207 80019;1.695;00:00-24:00;00:00-24:00;00:00-24:00
14.127151;40.877516;GAFFOIL QUARTO;NA;QUARTO;ITALIA SNC 80010;1.689;00:00-24:00;00:00-24:00;00:00-24:00
14.528144;40.870407;LUDOIL;NA;SAN GENNARO VESUVIANO;VIA NOLA SNC 80040;1.310;07:30-21:00;07:30-21:00;07:30-21:00
14.388007;40.893030;Q8 SS162 dir;NA;SANT'ANASTASIA;162 dir del Centro Direzionale, Km. 8 + 980, POMIGLIANO - 80048;1.699;04:30-20:30;06:00-14:00;05:00-20:30
14.225223;40.935021;GT PETROLI;NA;SANT'ANTIMO;VIA DANTE ALIGHIERI SNC 80029;1.459;07:00-20:00;07:30-12:30;07:00-20:00
14.531821;40.714214;energas;NA;SANT'ANTONIO ABATE;VIA STABIA SNC, 80057;1.769;06:30-20:30;Chiuso;06:30-20:30
14.447420;40.885394;PICCOLO ENERGIE SRL;NA;SOMMA VESUVIANA;VIA MARIGLAINO SNC 80049;1.899;06:00-21:00;06:00-13:00/15:30-21:00;06:00-21:00
14.422189;40.870558;SASSOPETROLEUM SRL;NA;SOMMA VESUVIANA;VIA CIRCUMVALLAZIONE SNC 80049;1.310;;;
14.436212;40.886855;STAR OIL;NA;SOMMA VESUVIANA;Statale 268 del Vesuvio, Km. N.C., dir. ANGRI - 80049;1.310;07:00-21:00;07:00-21:00;07:00-21:00
14.487736;40.775392;Stazione di servizio F.ll.i Buono;NA;TERZIGNO;Nazionale Passanti 244 80040;1.359;05:30-22:00;07:00-13:00;05:30-22:00
14.358682;40.792209;stazione di servizio esso lucarella;NA;TORRE DEL GRECO;via del commercio snc 80059;1.899;07:00-20:00;07:30-13:00;07:00-20:00
14.127013;40.905264;ITALMARE - VILLARICCA;NA;VILLARICCA;CONSOLARE CAMPANA 274/A 80010;2.259;06:30-21:00;06:30-14:00;06:30-21:00
14.353720;40.888416;Delta Petroli (VOLLA);NA;VOLLA;VIA FILICHITO TRAV. GARIBALDI SNC, 80040;1.699;06:00-21:00;06:00-14:00;06:00-21:00
8.494067;45.725603;STAZIONE DI SERVIZIO IP 45538 GATTICO-VERUNO (NO);NO;GATTICO-VERUNO;SS. 142 DEL BIELLESE KM42+910 28013;1.605;06:15-18:30;Chiuso;07:00-17:30
8.567601;45.554373;fermata belvedere;NO;MOMO;sp 229 km 12  28015;1.879;07:30-12:00/14:30-19:00;Chiuso;07:30-12:00/14:30-19:00
8.603957;45.429152;Green Fuel Company S.p.A. - Novara;NO;NOVARA;VIA PIETRO GENERALI 25 28100;1.699;07:00-19:30;Chiuso;07:00-19:30
8.657452;45.469446;NOVARA NORD;NO;NOVARA;Autostrada A4 TORINO-MILANO, dir. Milano-Torino;1.559;00:00-24:00;00:00-24:00;00:00-24:00
8.648874;45.454215;OG Clean Fuels NOVARA;NO;NOVARA;LUIGI GHERZI 15 28100;1.499;Chiuso;Chiuso;Chiuso
8.659096;45.443132;Sman di Fizzotti e C. snc Metano per Auto;NO;NOVARA;CORSO MILANO 145 28100;1.430;07:00-19:15;08:00-12:00;07:00-19:15
8.789040;45.445170;460 TRECATE;NO;TRECATE;S.P. 4 OVEST TICINO SNC 28069;1.724;;;
8.667282;45.360436;VESPOLATE;NO;VESPOLATE;S.P. 211 LOMELLINA  28079;1.599;07:15-19:00;Chiuso;07:15-14:00
13.246520;38.181008;Stazione di Servizio Q8 CARUSO PETROLI s.r.l.;PA;CAPACI;QUATTRO VANELLE SS 113  SNC 90040;1.937;07:00-20:00;07:00-12:30/15:30-20:00;07:00-20:00
14.009713;38.027595;DB Carburanti Cefalù;PA;CEFALÙ;Via del III Millennio snc 90015;2.999;;;
13.999751;38.030610;culotta mario;PA;CEFALÙ;113 Settentrionale Sicula, Km. 188, messina - 90015;1.886;07:00-12:30/15:30-19:00;07:00-12:30/15:30-19:00;07:00-12:30/15:30-19:00
13.453569;38.015661;FUELPOWER;PA;MISILMERI;Statale 121 Catanese, Km. 244+75, dir. AG - 90036;2.017;05:30-22:00;05:30-22:00;05:30-22:00
13.366894;38.088219;"ECO ENERGY SRL ENI ""BONAGIA - ERMELLINO DIREZ. CT";PA;PALERMO;Viale Regione Siciliana sud est - Via dell'Ermellino;1.937;00:00-24:00;00:00-24:00;00:00-24:00
13.302748;38.185043;"G.P SRL ENI 29801""Via Lanza Di Scalea n. 2353";PA;PALERMO;GIUSEPPE LANZA DI SCALEA 2353 90147;1.937;06:00-24:00;07:00-24:00;06:00-24:00
13.365008;38.088508;"G.P SRL ENI 39524 ""REGIONE SICILIANA (BONAGIA DIREZ. TP)";PA;PALERMO;REGIONE SICILIANA S.E. 3290 90125;1.937;00:00-24:00;00:00-24:00;00:00-24:00
13.322999;38.150966;G.P SRL ENI 39525 Viale Regione Siciliana n. 5580;PA;PALERMO;REG. SICILIANA NORD OVEST 5580 90146;1.937;00:00-24:00;00:00-24:00;00:00-24:00
13.364596;38.093979;LUKOIL - PALERMO;PA;PALERMO;DELL'ORSA MAGGIORE 9/9-A 90125;1.937;06:15-20:00;07:30-12:30;06:15-20:00
14.093003;37.813690;Q8 Nigrelli SRL;PA;PETRALIA SOTTANA;S.P. 54 Km 33+800 (Quartiere S.Giuseppe)  90027;1.859;07:00-13:00/15:00-19:00;09:00-13:00/16:00-19:00;08:30-13:00/15:00-19:00
13.725302;37.967037;CARACOLI NORD;PA;TERMINI IMERESE;Autostrada A19 PALERMO-CATANIA, dir. Palermo;1.683;00:00-24:00;00:00-24:00;00:00-24:00
13.686604;37.978315;GATTO CARBURANTI;PA;TERMINI IMERESE;VIA SENATORE CIRESI snc 90018;2.017;07:00-13:00/15:00-19:30;Chiuso;07:00-13:00/15:00-19:30
9.853169;45.043828;Stazione di servizio IP;PC;CAORSO;PROVINCIALE 10 PADANA I SNC 29012;1.599;07:00-12:30/14:00-19:00;08:30-12.30;07:00-12:30/14:00-17:00
9.397157;45.062757;Distributore Metano PC 4;PC;CASTEL SAN GIOVANNI;LOCALITA' BARDONEGGIA SOPRA  29015;1.499;08:00-19:00;Chiuso;08:00-19:00
9.452018;45.080250;GREEN;PC;CASTEL SAN GIOVANNI;Via della Cascinetta SN 29015;1.559;07:00-19:00;Chiuso;07:00-19:00
9.923140;44.994921;KEROPETROL CORTEMAGGIORE;PC;CORTEMAGGIORE;Via Giuseppe Galluzzi 27/A  29016;1.889;06:45-12:30/14:30-19:30;08:30-12:30;06:45-12:30/14:30-19:30
9.905687;44.961684;ARDA OVEST;PC;FIORENZUOLA D'ARDA;A1 MILANO-NAPOLI, Km. 73, sud - 29017;1.589;00:00-24:00;00:00-24:00;00:00-24:00
9.891590;44.933596;FIORENZUOLA D’ARDA-SS 9 EMILIA;PC;FIORENZUOLA D'ARDA;SS 9 EMILIA S/N 29010;1.639;07:30-12:30/15:00-19:00;Chiuso;07:30-12:30
9.900603;44.929580;X3CNG ITALIA SRL - FIORENZUOLA;PC;FIORENZUOLA D'ARDA;Via San Protaso Snc 29017;1.699;07:00-19:00;08:00-13:00;07:00-19:00
9.958330;45.092150;Moro_Monticelli d'Ongina;PC;MONTICELLI D'ONGINA;Via Breda 79 29010;1.649;06:30-19:30;07:30-12:30;06:30-19:30
9.728061;45.045185;2656 PIACENZA;PC;PIACENZA;VIA CAORSANA  43;1.354;07:30-19:00;Chiuso;07:30-15:00
9.702962;45.028729;CIS NORD -  PIACENZA;PC;PIACENZA;TANGENZIALE SUD KM7 29122;1.759;07:00-19:30;Chiuso;07:00-19:30
9.728069;45.045176;MAGIC DI PICCOLI MARCO E C. SNC - DISTRIBUTORE ENI;PC;PIACENZA;VIA CAORSANA 41 29122;1.354;07:30-19:00;Chiuso;07:30-15:00
9.688891;45.023938;PIACENZA VALNURE LOC. TORRICELLA;PC;PIACENZA;VALNURE LOC. TORRICELLA  29021;1.759;07:00-12:30/14:30-19:30;Chiuso;07:00-12:30/15:00-19:00
9.688487;45.018372;Piacenza Petroli;PC;PIACENZA;STRADA VAL NURE KM 4,176 29122;1.759;07:00-20:00;08:00-13:00;07:00-20:00
9.801480;44.991958;COIL PONTENURE;PC;PONTENURE;Via Emilia Est 36  29010;1.497;06:30-12:30/14:30-19:30;08:00-12:00;07:30-12:30/14:30-19:30
9.607600;44.948504;Bosco Gerolo Valtrebbia Biometano;PC;RIVERGARO;LOCALITA' GEROLO SNC 29029;1.190;Chiuso;Chiuso;Chiuso
9.601961;44.915106;ENIL SERVICE;PC;RIVERGARO;SP 26 Gossolengo  29029;1.797;07:30-13:00/14:30-19:30;Chiuso;07:30-13:00/14:30-19:30
11.825483;45.340784;ENI ALBIGNASEGO VIA BATTAGLIA N. 201 (SS 16 ADRIATICA KM 8+862.50);PD;ALBIGNASEGO;BATTAGLIA 201 35020;1.649;07:45-12:30/14:45-19:00;Chiuso;07:45-12:30/14:45-19:00
11.905025;45.335955;Rigato Umberto carburanti sas;PD;ALBIGNASEGO;VIA S. PIO X 2 35020;1.599;07:30-12:30/14:30-19:30;Chiuso;Chiuso
11.885818;45.192088;A.F. PETROLI S.P.A.  Bagnoli di Sopra (Pd);PD;BAGNOLI DI SOPRA;G. MAZZINI KM 26+257  35023;1.599;07:30-12:30/14:30-19:00;Chiuso;07:30-12:30
11.523348;45.225329;A.F. PETROLI S.P.A.  Megliadino SF (Pd);PD;BORGO VENETO;VIA VALLESELLA SNC 35040;1.799;07:30-12:30/14:30-19:30;09:00-18:00;07:30-19:30
11.963313;45.531391;SMP BORGORICCO;PD;BORGORICCO;Via Desman 192  35010;1.499;07:30-12:30/15:00-19:00;Chiuso;07:30-12:30
11.913673;45.465616;A.F. PETROLI S.P.A. Cadoneghe (Pd);PD;CADONEGHE;VIA ROMA 2 35010, CADONEGHE (PD) 2 35010;1.665;07:30-12:30/15:00-19:00;Chiuso;07:30-12:30
11.922992;45.454052;CADONEGHE NUOVA SR 308 KM. 4+300;PD;CADONEGHE;NUOVA SR 308 KM. 4+300  35010;1.669;07:30-12:30/15:00-19:00;Chiuso;07:30-12:30/15:00-19:00
11.817346;45.553164;ENI;PD;CAMPO SAN MARTINO;VIA PROVINCIALE 30 35010;1.669;07:30-12:30/15:00-19:00;Chiuso;07:30-12:30/15:00-19:00
11.982157;45.212556;TM06931;PD;CANDIANA;DEL MARE 6 35020;1.519;07:00-12:30;Chiuso;07:00-12:30
11.688493;45.611837;A.F. PETROLI S.P.A.  Carmignano (Pd);PD;CARMIGNANO DI BRENTA;VIA POSTUMIA 1/A 35010;1.629;07:30-12:30/15:00-19:00;Chiuso;07:30-12:30
11.708055;45.389033;Zuin Servizi S.r.l.;PD;CERVARESE SANTA CROCE;Via Della Croce  24 35030;1.899;07:30-12:30/14:30-19:30;09:30-12:30;07:30-12:30/14:30-19:30
12.161558;45.234689;VALLICARBURANTI Conche;PD;CODEVIGO;Statale 309 Romea, Km. 94,400, dir. chioggia-padova  35020;2.099;06:00-12:30/14:30-19:00;Chiuso;06:00-12:30/14:30-19:00
12.121124;45.236967;03259;PD;CORREZZOLA;SANTA CATERINA 10 35020;1.419;07:00-12:25/14:30-18:20;Chiuso;07:00-11:20
11.825742;45.315777;S.PELAGIO OVEST;PD;DUE CARRARE;Autostrada A13 BOLOGNA-PADOVA, Km. 98+200, dir. Sud - 35020;1.644;00:00-24:00;00:00-24:00;00:00-24:00
11.652738;45.223207;BC ESTE;PD;ESTE;VIA PADANA INFERIORE 9 35042;1.599;07:30-12:30/14:30-19:00;Chiuso;07:30-12:30/14:30-19:00
11.642702;45.246105;ESTE;PD;ESTE;VIA CALDEVIGO 29 35042;1.768;07:30-12:30/15:00-19:00;Chiuso;07:30-12:30
11.740390;45.642300;eni 13265;PD;FONTANIVA;ANGELO VELO 16 35014;1.799;07:00-12:30/14:30-20:00;07:00-12:30;07:00-12:30/14:30-20:00
11.819217;45.662566;Beyfin;PD;GALLIERA VENETA;Via degli Alberi 3 35015;1.699;07:30-12:30/14:30-19:30;08:00-12:00;07:30-12:30/14:30-19:30
11.830839;45.467028;LIMENA NORD;PD;LIMENA;TANGENZIALE LIMENA SNC 35010;1.369;;;
11.845552;45.449214;LIMENELLA NORD;PD;LIMENA;Autostrada A4 BRESCIA--PADOVA,  Km. 230.05, dir. Ovest 35010;1.664;00:00-24:00;00:00-24:00;00:00-24:00
11.746327;45.207558;13251 MONSELICE;PD;MONSELICE;VIA CAMPESTRIN  7;1.669;07:30-12:30/15:00-19:30;Chiuso;07:30-12:30
11.719001;45.226054;EUGANEA METANO SRL MONSELICE;PD;MONSELICE;VIA MOTTA, 4/G 35043;1.799;07:30-13:00/14:00-20:00;07:30-13:30;07:30-13:00/14:00-20:00
11.759332;45.244906;VEGA MONSELICE VIA VOLTA;PD;MONSELICE;VIA VOLTA 8 35043;1.699;07:00-12:30/14:30-19:00;Chiuso;07:00-12:30/15:00-19:00
11.497240;45.225090;ME-TRA SPA;PD;MONTAGNANA;Via dell'Artigianato 2  35044;1.549;07:30-12:30/14:30-19:30;08:00-12:30;07:30-12:30/14:30-19:30
11.947703;45.391006;13223 PADOVA STATI UNITI;PD;PADOVA;Corso Stati Uniti 27  35127;1.489;07:00-13:00/14:00-19:30;Chiuso;Chiuso
11.872090;45.367366;A.F. PETROLI S.P.A. Padova Via Guizza;PD;PADOVA;VIA GUIZZA 367 35125;1.849;07:30-12:30/15:00-19:00;Chiuso;07:30-12:30
11.887575;45.372290;BC BEMBO;PD;PADOVA;VIA BEMBO ANGOLO VIA SALUTATI 104 35124;1.699;07:30-12:30/14:30-19:00;Chiuso;07:30-12:30
11.899427;45.369772;ENI;PD;PADOVA;PRIMO MAGGIO 5 35127;1.489;07:00-19:00;08:00-13:00;07:30-17:30
11.896011;45.354262;ENI SALBORO;PD;PADOVA;Via Pietro Bembo 200 35124;1.799;07:00-12:30/14:30-19:00;Chiuso;07:00-12:30/14:30-19:00
11.861318;45.383467;METANO;PD;PADOVA;VIA ADRIATICA 71 35125;1.699;07:00-20:30;07:00-20:00;07:00-20:30
11.826922;45.366884;VEGA PD APONENSE;PD;PADOVA;Via Romana Aponense 131  35142;1.599;07:30-12:30/15:00-19:30;Segue turni;07:30-12:30/15:00-19:30
11.807392;45.515930;Eni-Tremignon;PD;PIAZZOLA SUL BRENTA;VIA Guglielmo Marconi 139 35016, PIAZZOLA SUL BRENTA (PD) 139/B 35016;1.699;07:30-12:30/14:30-19:00;Chiuso;07:30-12:30
12.028498;45.267325;VALLICARBURANTI Arzerello;PD;PIOVE DI SACCO;Statale 516 Piovese, Km. n.45, dir. pontelongo-piove di sacco  35028;1.799;07:00-12:30/14:30-19:00;Chiuso;07:00-12:30/14:30-19:00
11.826277;45.443738;A.F PETROLI S.P.A. Villaguattera (Pd);PD;RUBANO;VIA GIUSEPPE GARIBALDI,SP55 2/B  35020;1.629;06:00-20:00;Chiuso;06:00-20:00
11.853186;45.619055;NB POWER DI BAGGIO NICOLA;PD;SAN MARTINO DI LUPARI;VIA CADORNA 44 35018;1.699;07:30-12:30 / 14:30-19:00;Chiuso;07:30-12:30
11.670412;45.604746;METANAUTO GU;PD;SAN PIETRO IN GU;Statale 53 Postumia, Km. 11,4, dir. Vicenza;1.699;07:00-20:00;07:00-12:30;07:00-20:00
11.987584;45.373917;A.F. PETROLI S.P.A. Saonara (Pd);PD;SAONARA;VIA VITTORIO EMANUELE II S.N.C. 35020;1.549;06:00-20:00;Chiuso;06:00-20:00
11.795636;45.415399;BC;PD;SELVAZZANO DENTRO;Via Pelosa , 14ter  35030;1.589;07:30-12:30/14:30-19:30;Chiuso;07:30-12:30
11.781541;45.383919;BENZA - SELVAZZANO DENTRO (PD);PD;SELVAZZANO DENTRO;VIA EUGANEA 167 35030;1.699;07:30-12:30/14:00-19:00;Chiuso;07:30-12:30/14:00-19:00
11.937727;45.440315;GABOGAS 2 Vigonza;PD;VIGONZA;VIA LUCIANO MANARA 20 35010;1.697;06:30-21:00;07:00-20:00;06:30-21:00
11.977860;45.488866;COSTANTIN VILLANOVA - METANO;PD;VILLANOVA DI CAMPOSAMPIERO;via caltana 208 35010;1.389;07:30-12:30/15:00-19:30;08:30-12:30;07:30-12:30/15:00-19:30
14.116643;42.339592;DAM CARBURANTI;PE;CEPAGATTI;VIA VIA PONTE DELLE FASCINE S.N. 65012, CEPAGATTI (PE)  65012;1.497;06:30-21:00;08:00-13:00/15:00-18:00;06:30-21:00
14.151800;42.413200;Sopea Gestioni Villanova;PE;CEPAGATTI;Via Gabriele D'Annunzio  65012;1.597;07:00-20:00;Chiuso;07:00-20:00
14.142764;42.398201;Stazione di Servizio IP;PE;CEPAGATTI;Via Lombardia  65012;1.599;07:00-12:30/14:30-19:00;Chiuso;07:00-13:00
14.000250;42.491148;Q8;PE;CITTÀ SANT'ANGELO;srada statale Lungofino km 4+442 65013;1.599;;;
14.173234;42.491866;DAM CARBURANTI;PE;MONTESILVANO;VIA CERVINO   1 65015;1.497;06:30-20:00;06:30-12:30;06:30-20:00
13.929873;42.423318;ENI;PE;PENNE;S.S. 81 KM 107+849 snc 65017;1.599;06:00-12:30/15:00-19:30;Chiuso;06:00-12:30/15:00-19:30
14.204380;42.462540;ENI Petrol Group;PE;PESCARA;VALLE ROVETO SNC 65124;1.599;07:30-19:30;Chiuso;07:30-13:00
14.154336;42.417291;Spoltore;PE;SPOLTORE;VIA S.P. 602 VIA MAIELLA SNC;1.497;08:00-19:15;08:00-19:15;08:00-19:15
12.543581;43.052504;OLIVI PETROLI BASTIA UMBRA;PG;BASTIA UMBRA;VIA DEL LAVORO SNC 06083;1.659;07:00-19:30;08:00-13:00;07:00-19:30
12.519560;43.078930;X3CNG ITALIA SRL - BASTIA UMBRA;PG;BASTIA UMBRA;S.S. 147 Assisana km 2.000 snc 06083;1.699;07:00-20:00;07:00-13:00/14:00-20:00;07:00-20:00
12.021638;43.149497;BEYFIN;PG;CASTIGLIONE DEL LAGO;ss71 umbro casentinese km 106+400  06061;1.549;07:00-12:30/15:00-19:00;07:00-12:30;07:00-12:30
12.042106;43.104582;FRATELLI TRENTINI;PG;CASTIGLIONE DEL LAGO;Statale 71 Umbro Casentinese Romagnola, Km. 100, dir. chiusi - 06061;1.499;07:00-12:30/15:30-18:30;Chiuso;07:00-12:30/15:30-18:30
11.970958;43.002116;ml carburanti;PG;CITTÀ DELLA PIEVE;LOCALITA' PO' BANDINO S.S. 71 KM 83 06062;1.699;07:00-13:00/14:30-20:00;Chiuso;07:00-13:00/14:30-20:00
12.249788;43.424639;GAS SERVICE DI ALESSANDRO BRIZZI & C. SAS;PG;CITTÀ DI CASTELLO;LOCALITA' S.LUCIA  06012;1.649;07:00-20:00;Chiuso;07:00-20:00
12.244391;43.472088;GREEN SERVICE;PG;CITTÀ DI CASTELLO;VARIANTE APECCHIESE  06012;1.649;06:30-22:00;06:30-13:00/14:30-19:30;06:30-22:00
12.382059;42.917377;MORETTI COLLEPEPE;PG;COLLAZZONE;S.P. 375 KM 0+700 SNC 06050;1.699;07:00-19:00;Chiuso;07:00-19:00
12.310549;43.100949;ELLERA - IP 24 ORE;PG;CORCIANO;VIA NILDE IOTTI  06073;1.559;00:00-24:00;00:00-24:00;00:00-24:00
12.267555;43.129232;IP TAVERNE;PG;CORCIANO;VIA TOGLIATTI 115 06073;1.559;07:00-20:00;07:00-20:00;07:00-20:00
12.427657;42.999610;OP - OLIVI PETROLI DERUTA;PG;DERUTA;VIA TIBERINA NORD 42 06053;1.829;07:00/19:00;Chiuso;07:00/19:00
12.728502;42.913276;ENERPETROLI - PV FOLIGNO SS FLAMINIA VAR. KM.147,544;PG;FOLIGNO;S.S. FLAMINIA-VARIANTE KM. 147+544  06034;1.794;06:00-19:00;Chiuso;07:00-13:00
12.728943;42.912901;ENERPETROLI - PV FOLIGNO VIA FLAMINIA VECCHIA;PG;FOLIGNO;VIA FLAMINIA VECCHIA KM.147+544  06034;1.794;06:00-19:00;Chiuso;07:00-13:00
12.728473;42.925065;FOLIGNO SUD;PG;FOLIGNO;FLAMINIA VECCHIA - VOC.FORMONI 2/A 06034;1.689;06:00-21:00;06:00-21:00;06:00-21:00
12.686761;42.963790;Q8 METANO CITY;PG;FOLIGNO;VIA FIAMENGA 66 06034;1.699;06:30-19:00;Chiuso;06:30-19:00
12.786455;43.214273;ENERPETROLI - PV GUALDO TADINO FLAMINIA 186+300 ESSO - PG;PG;GUALDO TADINO;Statale 3 Via Flaminia, Km. 186+300, dir. NORD - 06023;1.699;07:00-12:30/15:00-19:00;Chiuso;07:00-12:30/15:00-19:00
12.757640;43.257040;METANO GUALDO TADINO - FORINI SPA;PG;GUALDO TADINO;LOC.FONTIVOLE SNC 06023;1.689;07:30-12:30/13:30-19:30;07:30-13:00;07:30-12:30/13:30-19:30
12.558812;43.350605;CATRIA ENERGY - GUBBIO;PG;GUBBIO;Via del Bottagnone  06024;1.759;;;
12.546212;43.363072;Terradura Srl;PG;GUBBIO;219 di Gubbio e Piandassino, Km. 22,400, sx - 06024;1.759;07:30-19:30;07:30-13:00/14:30-19:30;07:30-19:30
12.244434;43.138135;IP;PG;MAGIONE;S.R. 75 BIS KM 22+700 SNC 06063;1.499;07:00-19:00;Chiuso;07:00-12:30
12.261233;43.055410;OP Petroli AGELLO;PG;MAGIONE;Statale 220 Pievaiola, Km. 11+800, dir. da Perugia ad Agello - 06063;1.699;07:00-19:30;Chiuso;07:00-19:30
12.154358;43.185603;Vulcangas -  Passignano;PG;PASSIGNANO SUL TRASIMENO;VIA DELLE QUERCE 4 06065;1.739;07:00-12:30/15:30-19:30;Chiuso;07:00-12:30/15:30-19:30
12.414497;43.037627;Eurogas 2000 snc di Mirco & Moreno Settesoldi;PG;PERUGIA;via delle fascine  100 06132;1.559;07:00-20:00;07:00-13:00;07:00-20:00
12.366188;43.093906;IP 24 ORE;PG;PERUGIA;VIA TUZI 8 06128;1.559;00:00-24:00;00:00-24:00;00:00-24:00
12.429463;43.075272;IP BALANZANO 24 ORE;PG;PERUGIA;VIA GUSTAVO BENUCCI - LOC. BALANZANO 238 06087;1.559;00:00-24:00;00:00-24:00;00:00-24:00
12.422405;43.128865;IP PONTE RIO;PG;PERUGIA;STRADA DELLA MOLINELLA 19/A 06134;1.559;07:00-20:00;07:00-20:00;07:00-20:00
12.357343;43.092359;PERUGIA CENTOVA 1;PG;PERUGIA;VIA BERLINGUER  06129;1.389;06:00-20:00;07:00-13:00;06:00-20:00
12.357953;43.092777;PERUGIA CENTOVA 2;PG;PERUGIA;VIA BERLINGUER  06129;1.389;06:00-20:30;06:00-13:00;06:00-20:30
12.348160;43.078887;PERUGIA LOC.S.ANDREA DELLE FRATTE VIA G.DOTTORI;PG;PERUGIA;VIA G.DOTTORI LOC.S.ANDREA DELLE FRATTE SNC 06132;1.559;07:00-21:00;07:00-21:00;07:00-21:00
12.428116;43.074681;Stazione di Servizio IS - Ponte S. Giovanni;PG;PERUGIA;VIA BENUCCI EX DEI TRASPORTI S.N. 06135;1.519;06:30-20:00;07:30-12:30/14:30-19:30;06:30-20:00
12.465179;43.108261;metano liquido;PG;PERUGIA;CASCIOLANO SNC 06135;1.500;07:30-12:30/16:00-19:00;Chiuso;07:30-12:30
12.201750;43.512910;Piccini Fuels  Selci Lama;PG;SAN GIUSTINO;Via Europa 10 06016;1.649;07:00-13:00/15:00-19:30;Chiuso;07:00-13:00/15:00-19:30
12.767031;42.773069;CENTRO CARBURANTI FLAMINIA SNC;PG;SPOLETO;VIA FLAMINIA KM 130 + 200, 06049 - -;1.599;07:00-12:30/15:00-19:00;Chiuso;07:00-12:30/15:00-19:00
12.398687;42.878051;Pantalla di todi;PG;TODI;E45, KM. 44+463 SNC 06059;1.759;;;
12.729705;42.880556;"CLITUNNO ""IP"" di GF SERVIZI SRL";PG;TREVI;3 Via Flaminia, Km. 143+412, NORD - 06039;1.950;00:00-24:00;00:00-24:00;00:00-24:00
12.371823;43.290022;METANO UMBERTIDE;PG;UMBERTIDE;LOC. RANCO NUOVO STRADA STATALE 29 KM 44+300  06019;1.599;;;
10.480284;43.684463;CASCINA;PI;CASCINA;VIA CARLO LEVI  56021;1.699;07:00-19:30;Chiuso;07:00-12:00/15:00-19:00
10.540914;43.663338;NEW GAS NETWORK;PI;CASCINA;RIO POZZALE SN 56021;1.769;07:30-13:00/14:30-19:30;Chiuso;07:30-13:00/14:30-19:30
10.541029;43.669072;PISA CARBURANTI CASCINA;PI;CASCINA;VIA NAZARIO SAURO 124 56021;1.769;06:00-20:00;07:00-12:00;06:00-20:00
10.745546;43.721757;CASTELFRANCO DI SOTTO;PI;CASTELFRANCO DI SOTTO;VIA FRANCESCA BIS  56022;1.699;07:30-12:40/15:00-19:30;Chiuso;07:30-12:40/15:30-18:30
10.547355;43.325714;AQUILA ENERGIE spa PIO LUCA & MARCO;PI;MONTESCUDAIO;STRADA PROV.LE TRE COMUNI KM, 1,16  56040;1.699;07:30-12:30/15:00-19:00;Chiuso;07:30-12:30
10.542420;43.316487;Metano Cecina;PI;MONTESCUDAIO;DEL POGGETO 7 56040;1.798;07:00-20:30;07:00-20:30;07:00-20:30
10.436183;43.701587;B.I.P;PI;PISA;Via San Pio da Pietrelcina  56124;1.599;06:30-20:00;06:30-20:00;06:30-20:00
10.278960;43.679001;Beyfin;PI;PISA;Lungarno Gabriele D'Annunzio snc 56128;1.699;07:30-12:30/15:00-19:00;Chiuso;07:30-12:30
10.379113;43.711307;DISTRIBUTORE ALA PISA FOSSA DUCARIA;PI;PISA;DELLA FOSSA DUCARIA 8-10 56122;1.599;07:30-12:30/15:00-19:00;Chiuso;07:30–12:30
10.430293;43.675386;PISA CARBURANTI OSPEDALETTO;PI;PISA;VIA EMILIA 452 56121;1.999;06:00-20:00;07:00-12:30;06:00-20:00
10.364769;43.654175;PISA COLTANO;PI;PISA;VIA AURELIA  56121;1.699;07:00-20:00;Chiuso;07:00-19:00
10.392115;43.732396;PISA GAGNO;PI;PISA;VIA SAN JACOPO  56121;1.699;07:00-12:30/14:30-19:00;Chiuso;07:00-12:30/14:30-19:00
10.416320;43.689903;PISA S ERMETE;PI;PISA;VIA EMILIA KM 44+340  56121;1.699;07:00-19:30;08:00-13:00;07:00-19:30
10.606264;43.647588;ADS PONTEDERA;PI;PONTEDERA;VIALE EUROPA SNC 56025, PONTEDERA (PI) SNC 56025;1.599;07:00-13:00/14:00-19:00;Chiuso;07:00-13:00/14:00-16:00
10.612400;43.652110;ADS STRADA DI PATTO;PI;PONTEDERA;SS439 VAR.PONTEDERA PONSACCO - STRADA DI PATTO  56025;1.699;07:00-19:30;Chiuso;07:00-14:00
10.588889;43.634584;ENI PONTEDERA NORD;PI;PONTEDERA;SGC FI-PI-LI KM. 56,875 56025;1.397;07:00-19:30;07:00-13:00;07:00-19:30
10.650618;43.641642;GOLDENGAS SHELL PONTEDERA;PI;PONTEDERA;S.P. 11 KM 2+808 SNC 56025;1.599;07:00-19:00;Chiuso;07:00-19:00
10.617188;43.640664;IP FM PETROL VALDERA;PI;PONTEDERA;SGC FI-PI-LI  56025;1.599;07:00-19:00;Chiuso;07:00-19:00
10.617576;43.641684;IP45603;PI;PONTEDERA;S.G.C. FI.PI.LI. DIR. FIRENZE KM54+140 56025;1.499;07:00-19:00;Chiuso;07:00-19:00
10.628779;43.638182;PONTEDERA B.FUEL;PI;PONTEDERA;via SRT 439 km 61+815  56025;1.499;07:30-19:00;08:00-12:00/15:30-19:00;08:00-12:00/15:30-19:00
10.626767;43.645808;Pisa - Pontedera La Borra;PI;PONTEDERA;VIA DELLA FORNACE SNC 56025;1.499;07:30-12:30/14:30-19:30;Chiuso;07:30-12:30/14:30-19:30
10.641642;43.662211;S.P.DELLE COLLINE PER LEGOLI KM 7+100;PI;PONTEDERA;Via delle Colline per Legoli 80  56025;1.559;;;
10.650344;43.641643;Stazione di Servizio Shell di Casalini Moreno;PI;PONTEDERA;strada provinciale 11 delle colline Legoli  Km 2+808 56025;1.599;07:00-19:00;Chiuso;07:00-19:00
10.461664;43.748490;ASCIANO;PI;SAN GIULIANO TERME;S.P.30 DEL LUNGOMONTE PISANO  56017;1.699;07:00-19:00;09:00-13:00;07:00-13:00
10.831704;43.693027;B.FUEL SAN MINIATO;PI;SAN MINIATO;DEI MILLE-S.R.436 FRANCESC SNC 56028;1.699;08:00-12:30/15:30-19:00;Chiuso;08:00-12:30
10.788169;43.699264;San miniato;PI;SAN MINIATO;Via Romaiano 34 56028;1.278;07:00-20:00;07:00-13:00;07:30-19:30
10.698265;43.547007;nessuno;PI;TERRICCIOLA;via volterrana 335 56030;1.749;08:00-12:30/15:00-20:00;Chiuso;08:00-12:30/15:00-20:00
10.602456;43.703814;BEYFIN;PI;VICOPISANO;VIA FRANCESCA NORD 29/A 56010;1.699;07:30-12:30/15:00-19:00;Chiuso;07:30-12:00
12.629736;45.974195;medunagas s.r.l.;PN;PORDENONE;via polcenigo 12/a 33170;1.569;07:30-12:20/14:30-19:30;08:00-12:00;07:30-12:20/14:30-19:30
12.462520;45.943733;ENERGYCA SACILE;PN;SACILE;VIALE EUROPA 1 33077;1.598;08:00-13:00/15:00-19:30;09:00-13:00;08:00-13:00/15:00-19:30
12.853910;46.098820;VEGA - SPILIMBERGO;PN;SPILIMBERGO;Via Vivaro 7  33097;1.699;07:30-13:00/14:00-19:00;Chiuso;07:30-13:00/14:00-19:00
12.794749;45.952955;ITER01;PN;ZOPPOLA;VIA VIA CODROIPO 14 33080, ZOPPOLA (PN);1.699;07:30-12:30/15:00-19:00;Chiuso;07:30-12:30
11.030584;43.894466;34818  PRATO;PO;PRATO;VIALE UNIONE EUROPEA 49 LOC. BARDEN;1.552;7:30-12:30/15:00-19:00;Chiuso;7:30-12:30
11.088636;43.901655;CEM CARBURANTI;PO;PRATO;FRATELLI CERVI 98/2 59100;1.649;07:00-18:00;Chiuso;07:00-13:00
11.122810;43.855900;OIL E GAS DI NUZZO GIOVANNI;PO;PRATO;VIA FRANCESCO FERRUCCI 367/2 59100;1.649;07:00-13:00/14:00-19:00;Chiuso;07:00-13:00
11.065848;43.877017;PRATO REGGIANA;PO;PRATO;VIA SIRIO/ANG.VIA REGGIANA  59100;1.699;08:00-19:30;Chiuso;08:00-13:00/14:30-19:30
11.062436;43.875654;STAZ. SERV IP  PV 48260 BAR - RISTORAZIONE- LAVAGGIO - TABACCHI;PO;PRATO;SALVADOR ALLENDE 7 59100;1.899;07:00-19:00;Chiuso;07:00-19:00
9.734781;44.471465;Contini Petroli S.R.L;PR;ALBARETO;GOTRA SNC 43051;1.659;07:00-12:30/14:30-20:00;07:00-12:30/14:30-20:00;07:00-12:30/14:30-20:00
10.238764;44.737314;COLLECCHIO;PR;COLLECCHIO;PROVINCIALE 15 43044;1.699;07:00-13:00/14:30-19:00;Chiuso;07:00-15:00
10.060734;44.862201;COIL METANO;PR;FIDENZA;XXIV MAGGIO 30 43036;1.498;;;
10.110168;44.695640;Impianto metano per auto;PR;FORNOVO DI TARO;Statale 62 della Cisa, Km. 95+292, dir. Val Taro - -;1.699;07:00-20:00;07:00-20:00;07:00-20:00
10.270157;44.621098;LANGHIRANO GAS;PR;LANGHIRANO;VIA ROMA 77 43013;1.669;06:30-19:50;06:30-12:00;06:30-19:50
10.177301;44.804253;ENI;PR;NOCETO;VIA  DON  MINZONI   33 43015;1.699;06:30-12:30;Chiuso;06:30-12:30
10.380642;44.729782;BM AUTO SRLS;PR;PARMA;Via Montechiarugolo - FONTANA DI PILASTRELLO 66A 43123;1.298;07:00-20:00;07:00-20:00;07:00-20:00
10.391393;44.779550;C.M.C. Colonnine Metano Crocetta Srl;PR;PARMA;Statale 9 Via Emilia, Km. 198,350, dir. REGGIO EMILIA - 43122;1.479;07:00-21:00;07:00-21:00;07:00-21:00
10.313712;44.793398;Centrale Metano;PR;PARMA;Viale Milazzo 42/A 43125;1.489;00:00-24:00;00:00-24:00;00:00-24:00
10.361742;44.800684;EH24 Parma;PR;PARMA;EUROPA 92/A 43122;1.589;06:45-13:00/14:00-19:30;Chiuso;06:45-13:00/14:00-19:00
10.410715;44.774375;EH2401;PR;PARMA;VIA EMILIO LEPIDO 239/D 43120;1.589;07:30-19:00;Chiuso;07:30-19:00
10.341095;44.849580;EH2415;PR;PARMA;VIA COLORNO . 43122;1.589;07:30-19:30;Chiuso;07:30-19:00
10.281491;44.798459;ENI Valera;PR;PARMA;Tangenziale Nord 580/A 43100;1.484;07:30-12:30/14:30-19:30;Chiuso;07:30-13.00
10.285792;44.807808;FGD SRL Parma;PR;PARMA;Strada Vicinale Rasori 1/A 43126;1.699;06:30-20:30;06:30-20:30;06:30-20:30
10.358866;44.812309;IPER CARBURANTI;PR;PARMA;VIA BURLA 33/A 43122;1.599;07:30-12:30/15:00-19:00;08:30-13:00;07:30-18:30
10.378311;44.827767;S.MARTINO EST;PR;PARMA;Autostrada A1 MILANO-NAPOLI,  Km. 114, dir. MILANO - 43122;1.689;00:00-24:00;00:00-24:00;00:00-24:00
10.379590;44.825945;S.MARTINO OVEST;PR;PARMA;Autostrada A1 MILANO-NAPOLI, Km. 114+100, dir. Sud - 43122;1.705;00:00-24:00;00:00-24:00;00:00-24:00
10.002597;44.821012;SA.BU.;PR;SALSOMAGGIORE TERME;VIA SALVO D'ACQUISTO 47 43039;1.639;07:00-12:30/14:30-19:30;Chiuso;07:00-12:30/14:30-18:30
9.987643;44.815642;Salsomaggiore;PR;SALSOMAGGIORE TERME;Via Del Lavoro 14 43039;1.799;07:00-12:45/14:45-19:30;Chiuso;07:30-12:30/15:00-19:00
10.263350;44.914207;san quirico;PR;SISSA TRECASALI;Via Torta 1/A 43018;1.697;07:00-20:00;08:30-12:30;07:00-20:00
10.349759;44.895265;22974 eni;PR;TORRILE;S. POLO di Torrile VARIANTE asolana SNC 43056;1.499;07:30-12:30/15:00-19:30;Chiuso;07:30-12:30
10.383500;44.643580;FGD SRL Traversetolo;PR;TRAVERSETOLO;VIA VERDI 94 43029;1.699;06:30-20:00;06:30-13:00;06:30-20:00
10.741698;43.860684;VALMETANO SRL;PT;BUGGIANO;VIA PONTE BUGGIANESE 150/A 51011;1.600;07:00-20:00;14:00-20:00;07:00-20:00
10.720172;43.833944;CHIESINA UZZANESE;PT;CHIESINA UZZANESE;VIA DELLE REGIONI  51013;1.699;07:30-12:30/15:00-19:00;Chiuso;07:30-12:30/15:00-19:00
10.761667;43.859720;MASSA E COZZILE;PT;MASSA E COZZILE;VIA PINO  51010;1.699;07:30-19:30;08:30-19:00;07:30-19:30
10.801725;43.859844;MONSUMMANO P.TERZO;PT;MONSUMMANO TERME;S.P. PORRIONE DEL TERZO  51015;1.699;07:30-12:30/15:00-19:00;Chiuso;07:30-12:30
11.012407;43.917647;MONTALE;PT;MONTALE;VIA GARIBALDI MONTALE  51037;1.699;07:30-12:30/15:00-19:00;Chiuso;07:30-12:30
10.814276;43.888946;Pistoia - Pieve a Nievole;PT;PIEVE A NIEVOLE;AMENDOLA S.S. 435 60 51018;1.649;07:00-12:30/15:00-19:00;Chiuso;07:00-12:30
10.886554;43.944602;METANO AUTO;PT;PISTOIA;VIA GORA E BARBATOLE 260 51100;1.549;07:00-21:00;07:00-13:00;07:00-21:00
10.939298;43.931339;PISTOIA PALAZZETTO;PT;PISTOIA;Via fermi 91 51100;1.699;07:30-12:30/15:00-19:00;Chiuso;07:30-12:30
10.896442;43.933732;PISTOIA VIA SALVO D'ACQUISTO;PT;PISTOIA;VIA SALVO D'ACQUISTO 24 51100;1.699;07:30-12:30/15:00-19:00;08:00-12:30/15:00-19:00;07:30-12:30/15:00-19:00
10.896996;43.949963;Pistoia - Raccordo Abetone;PT;PISTOIA;STRADA STATALE 64 E 66 CON E74 AL KM0,555   51100;1.699;07:00-19:30;07:00-13:30/15:30:19:30;07:00-19:30
11.006991;43.865784;PV QUARRATA;PT;QUARRATA;VIA FALCONE E BORSELLINO 125 51039, QUARRATA (PT) 125 51039;1.679;07:00-12:30/14:30-19:00;Chiuso;07:00-12:30/14:30-19:00
12.444075;43.575082;METANO TOSCANA (APECCHIO);PU;APECCHIO;LOC. PIAN DI MOLINO SNC 61042;1.448;07:00-20:00;07:00-20:00;07:00-20:00
12.669552;43.578976;CATRIA ENERGY - FONTALBA CAGLI;PU;CAGLI;VIA STRADA  FLAMINIA N.3  KM.237 + 670 S.N. 61043, CAGLI (PU)  61043;1.799;06:30-12:30-14:30-19:15;06:30-12:30;06:30-12:30-14:30-19:15
12.986420;43.813506;DISTRIBUTORE DI CARBURANTE DI RIDOLFI MASSIMO;PU;FANO;S S FLAMINIA KN 279-673 3 61032;1.759;07:00-19:30;Chiuso;07:00-19:30
13.038717;43.834169;Distributore di carburante di Vitali Stefano;PU;FANO;VIALE PICENO 50 61032;1.759;06:30-20:30;Chiuso;06:30-20:30
13.022330;43.819119;GGV ENERGY -  FANO;PU;FANO;ENRICO MATTEI SN 61032;1.759;07:00-19:00;08:00-13:00;07:00-19:00
13.004036;43.794294;LEONE/TAMOIL - Fano loc. Bellocchi;PU;FANO;VIALE L. EINAUDI SN, 70011;1.759;06:30-20:00;07:00-19:00;06:30-20:00
12.945948;43.792456;Metano Fano srl;PU;FANO;Strada Provinciale 80 10 61032;1.747;;;
13.113825;43.784102;Ponte Sasso - Energy;PU;FANO;Strada nazionale adriatica sud  270 61032;1.759;06:30-20:00;06:30-12:30;06:30-20:00
12.654541;43.697073;METANO FERMIGNANO;PU;FERMIGNANO;VIA LUIGI FALASCONI 68 61033;1.759;07:00-20:00;07:00-13:00/15:00-20:00;07:00-20:00
12.825664;43.689604;CATRIA ENERGY - FOSSOMBRONE;PU;FOSSOMBRONE;VIA VIA  GALILEO GALILEI S.N. 61034, FOSSOMBRONE (PU) S.N. 61034;1.759;07:00-12:30/14:00-19:00;Chiuso;07:00-12:30
12.830117;43.688423;STAZIONE FOSSOMBRONE;PU;FOSSOMBRONE;VIA SANTA MARIA DELLA VALLE  61034;1.699;07:00-20:00;08:00-12:00;07:00-20:00
12.750452;43.953705;6101 GABICCE MARE;PU;GABICCE MARE;S.S.16 KM 223+532 LOC.TA' PONTE TAVOLLO  S.N.C;1.692;06:00-20:00;06:00-20:00;06:00-20:00
12.831764;43.535106;CATRIA ENERGY - PERGOLA;PU;PERGOLA;STRADA PROVINCIALE N 12 KM 2+776 S.N. 61045, PERGOLA (PU) 12 61045;1.799;07:00-12:30/15:00-19:30;Chiuso;07:00-12:30
12.838502;43.892736;RD SERVICE SAS;PU;PESARO;DI MONTEFELTRO 22/8 61122;1.759;;;
12.891292;43.891012;TAMOIL - PESARO;PU;PESARO;VIA SANDRO PERTINI ITINERE NORD SNC 61122, PESARO (PU) SNC 61122;1.759;07:00-19:30;07:00-19:00;07:00-19:30
12.975480;43.638274;Carburanti ENI 06102 di Turchi Simone;PU;SAN LORENZO IN CAMPO;Strada Provinciale 424 Km. 20+600 snc 61047;1.618;07:30-12:30/15:00-19:30;Chiuso;07:30-12:30
12.708753;43.690709;G fuel Stazione Multiservizi di Gasparini Luciano;PU;URBINO;Via del Lavoro S.N.C. 61029;1.699;06:00-19:30;06:00-12:00;06:00-19:30
12.748138;43.834718;METANAUTO S.R.L.;PU;VALLEFOGLIA;STRADA DELLE REGIONI SN 61022;1.599;07:00-20:00;08:00-12:00/15:00-20:00;07:00-20:00
9.257806;45.087588;RGA S.N.C;PV;BRONI;PROVINCIALE DELLE TESTE 4 27043;1.849;06:00-19:30;Chiuso;06:00-19:30
8.913856;45.025240;CASEI GEROLA;PV;CASEI GEROLA;S.P. 206  27050;1.469;07:40-12:00/14:30-19:00;Chiuso;07:40-12:00/14:30-19:00
8.990138;45.147318;DORNO OVEST;PV;DORNO;A7 MILANO-SERRAVALLE, Km. 50.90, Genova - 27020;1.699;07:00-22:00;07:00-22:00;07:00-22:00
9.017108;45.165029;GROPELLO CAIROLI;PV;GROPELLO CAIROLI;SP596  27027;1.729;07:00-12:15/15:00-18:45;Chiuso;07:30-12:00
9.449980;45.161380;NOALOIL PV18;PV;MIRADOLO TERME;INCROCIO TRA S.P. 234  E S.P. 32 SNC 27010;1.499;07:00-18:45;Chiuso;07:00-18:45
9.108305;45.008628;GIOVI GAS;PV;MONTEBELLO DELLA BATTAGLIA;LOCALITA' CERRETO PER FOGLIARINA 25 27054;1.999;06:30-21:00;06:30-21:00;06:30-21:00
8.760952;45.263877;ESSO;PV;MORTARA;VIA STRADA MILANESE 1700 27036;1.529;07:00-19:00;Chiuso;07:00-18:30
8.731003;45.244575;METANO PER AUTO C.M.G.;PV;MORTARA;STRADA PROVINCIALE PER OLEVANO SNC 27036;1.150;07:30-19:30;08:30-12:30;07:30-19:30
9.146733;45.208491;GIOVI;PV;PAVIA;PRIVATA CAMPEGGI 2 27100;1.799;06:30-21:00;Chiuso;06:30-21:00
9.177491;45.219219;IP vigentina;PV;PAVIA;PROV.LE VIGENTINA 1+100 SNC 27100;1.699;07:00-12:30/14:30-19:30;Chiuso;07:00-12:30
9.145080;45.172331;Metano auto borgo ticino;PV;PAVIA;GIULIETTI 441 27100;1.699;06:30-20:00;07:30-12:30;06:30-19:15
9.120213;45.150592;VEGA SAN MARTINO SICCOMARIO;PV;SAN MARTINO SICCOMARIO;VIA TURATI 70 27028;1.999;07:30-12:20/14:30-19:00;Chiuso;07:30-12:20/14:30-19:00
9.423105;45.159291;AF PETROL;PV;SANTA CRISTINA E BISSONE;234 Codognese, Km. 21, PAVIA - CREMONA - 27010;1.389;07:30-12:00/14:00-18:50;Chiuso;07:30-12:00
9.116410;45.281960;ACQUA E SOLE - NEORISORSE;PV;VELLEZZO BELLINI;GIULIO NATTA 1 27010;1.299;Chiuso;Chiuso;Chiuso
8.874183;45.301039;VIGEVANO PETROLI;PV;VIGEVANO;CORSO PAVIA 95 27029;1.759;07:00-19:30;Chiuso;07:00-19:30
8.989020;44.994946;IP;PV;VOGHERA;VIA LOMELLINA 38 27058;1.699;07:30-12:30/13:30-19:00;07:30-12:30;07:30-12:30/13:30-19:00
8.980912;44.983022;IP;PV;VOGHERA;TORTONA 64 27058;1.529;05:45-19:00;Chiuso;05:45-19:00
15.688597;40.881065;GAS METANO;PZ;ATELLA;CONTRADA MAGNONE - VIA MADONNA LAUDATA SNC 85020;1.550;09:00-12:00/15:00-18:00;Chiuso;Chiuso
15.838120;40.047020;GALDO EST;PZ;LAURIA;Autostrada A2 AUTOSTRADA DEL MEDITERRANEO,  Km. 147,600, dir. SALERNO 85045;1.699;;;
15.838120;40.047020;GALDO OVEST;PZ;LAURIA;Autostrada A2 AUTOSTRADA DEL MEDITERRANEO,  Km. 147,600, dir. REGGIO CALABRIA 85045;1.699;;;
15.773084;41.037481;Metanauto Lavello snc;PZ;LAVELLO;Statale 93 Appulo-Lucana, Km. 56+100, dir. Potenza- Bari - 85024;1.499;06:30-21:30;08:00-13:00;06:30-21:30
15.782090;40.364810;Q8;PZ;MARSICO NUOVO;VIA SS.598-KM.33+934 SNC 85052, MARSICO NUOVO (PZ)  85052;1.549;07:00-12:30/15:30-19:30;07:00-12:30/15:30-19:30;07:00-12:30/15:30-19:30
15.698910;41.078897;AREA SERVIZIO MOSSUCCA MICHELE;PZ;MELFI;INDUSTRIALE SAN NICOLA SNC 85025;1.494;06:00-22:00;Chiuso;06:00-14:00
15.682284;41.080012;FGE ITALIANA GAS SRL;PZ;MELFI;PROVINCIALE 48 SNC 85025;1.498;06:00-20:00;06:00-14:00;06:00-20:00
15.623319;40.636868;Q8 PICERNO PV 8811;PZ;PICERNO;STRADA PROVINCIALE 83 SNC 85055;1.679;06:30-13:00/15:00-19:30;Chiuso;07:00-13:00
15.830762;40.643703;38018 BETLEMME;PZ;POTENZA;Contrada Betlemme SNC 85100;1.744;07:00-20:00;Chiuso;07:00-20:00
15.823806;40.649428;MVS;PZ;POTENZA;Via Giovanni XXIII  85100;1.699;07:00-21:00;07:00-13:00;07:00-21:00
15.695649;40.603224;Area di servizio Città di Tito;PZ;TITO;Via Gerhard Rohlfs  85050;1.699;06:30-20:30;08:00-13:00;06:30-13:00/15:30-20:30
15.887600;40.316600;G.D.M. S.N.C. DI MARGHERITA GIUSEPPE, DONATO E MARIO;PZ;VIGGIANO;ENRICO MATTEI SNC 85059;1.490;;;
11.773589;44.330259;ACTON CASTEL BOLOGNESE;RA;CASTEL BOLOGNESE;VIA EMILIA PONENTE 72+484 640 48014;1.619;06:50-20:30;07:30-12:30/15:30-19:30;06:50-20:30
11.820189;44.312199;CAPRI 10;RA;CASTEL BOLOGNESE;VIA EMILIA LEVANTE  1670 48014;1.519;07:00-12:30/15:00-19:30;08:00-12:00/15:00-19:00;07:30-12:30
12.306152;44.293433;CASALBONI LUCA;RA;CERVIA;VIA LOC. SAVIO VIA SANTERNO 4 48015, CERVIA (RA) 4 48015;1.669;Apr 07:00-20:00;Apr 07:30-20:00;Apr 07:00-20:00
12.315320;44.283436;GEP CELLI GIULIANO SRL PV CERVIA;RA;CERVIA;ROMEA NORD 133 48015;1.399;07:00-20:00;07:00-20:00;07:00-20:00
11.902683;44.318315;ENI 57602;RA;FAENZA;GRANAROLO 187 48018;1.627;07:30-12:30/15:30-19:00;Chiuso;07:30-12:30
11.859416;44.295212;ENILIVE Via Emilia Ponente 21;RA;FAENZA;EMILIA PONENTE 21 48018;1.520;07:00-21:00;07:00-21:00;07:00-21:00
11.936506;44.365257;STAZIONE SERVIZIO BEYFIN;RA;FAENZA;VIA VIA ALTINI 102 48018, FAENZA (RA) 102 48018;1.549;07:30-12:30/15:00-19:00;Chiuso;07:30-12:30
11.858489;44.296178;Stazione Metano;RA;FAENZA;VIA EMILIA PONENTE 10 48018;1.560;07:00-21:50;07:00-21:50;07:00-21:50
11.935749;44.419367;CH4 SERVICE;RA;LUGO;VIA PIRATELLO 10/1 48022;1.639;07:15-12:30/15:00-19:15;Chiuso;07:30-19:30
11.884679;44.455276;Ravenna Cà di Lugo;RA;LUGO;Via Fiumazzo 134 48022;1.649;7:00-19:00;Chiuso;7:00-19:00
12.164904;44.423719;GAGLIARDI CARBURANTI S.R.L.;RA;RAVENNA;VIA VIA FAENTINA 163 48124, RAVENNA (RA) 163 48124;1.649;07:00-19:30;Chiuso;07:00-12:30
12.210456;44.445356;NATALI GINO SRL;RA;RAVENNA;309 Romea, Km.  0, VE - RA - 48122;1.629;06:00-21:00;07:00-20:00;06:00-21:00
12.175359;44.407305;RAVENNA ENILIVE STATION;RA;RAVENNA;16 Adriatica, Km. n.629, Ravenna - 48124;1.544;06:00-19:30;07:00-19:00;07:00-19:00
12.195699;44.386704;Ravegnana carburanti snc;RA;RAVENNA;VIA RAVEGNANA 429 48124;1.649;07:00-19:00;Chiuso;07:00-13:00
12.285044;44.309727;SAVIO ENILIVE STATION;RA;RAVENNA;16 Adriatica, Km. 53, Rimini - 48015;1.334;07:00-13:00/15:00-19:00;Chiuso;07:00-13:00/15:00-19:00
12.227063;44.407596;TAP;RA;RAVENNA;EUROPA 91 48121;1.849;07:30-12.30/15:30-19:00;Chiuso;07:30-12.30
12.233059;44.416570;eni;RA;RAVENNA;Viale Europa 21  48121;1.349;07:00-20:00;08:00-12:00;07:00-20:00
11.735770;44.276579;CAPRI 11;RA;RIOLO TERME;VIA XI APRILE 1945  1 48025;1.479;;;
12.041299;44.384600;Q8;RA;RUSSI;Via Faentina Nord 52  48026;1.649;07:00-12:30/14:30-19:30;Chiuso;07:00-12:30/14:30-19:30
12.046923;44.401989;S.EUFEMIA OVEST;RA;RUSSI;Autostrada A14 BOLOGNA-BARI-TARANTO, Km. 19+900, dir. SUD - 48026;1.598;06:00-22:00;06:00-22:00;06:00-22:00
16.169405;38.142403;GIORGI G. E SEVERINO N. SRL;RC;BOVALINO;VIA DEGLI OLEANDRI  89034;1.532;06:00-20:00;Chiuso;06:00-20:00
16.064654;38.421560;Cadogi Srl;RC;POLISTENA;STRADA STATALE 682 G.C. IONIO TIRRENO, SNC 89024;1.534;06:00-20:00;06:00-20:00;06:00-20:00
16.072975;38.405598;Distributore IP- API;RC;POLISTENA;682 Jonio-Tirreno, Km. km 8 , est snc 89024;1.599;;;
15.653247;38.100590;CANALE GROUP;RC;REGGIO DI CALABRIA;ARGINE SINISTRO CALOPINACE SNC 89128;1.925;06:00-21:00;06:00-13:00;06:00-21:00
15.640138;38.101547;Chirico Francesco;RC;REGGIO DI CALABRIA;ARGINE DX CALOPINACE SNC 89127;1.899;07:00-20:00;Chiuso;07:00-19:30
10.664810;44.767380;CIS NORD - BAGNOLO GPL;RE;BAGNOLO IN PIANO;VIA EUROPA 4 42024;1.599;;;
10.743932;44.577749;CIS NORD - DINAZZANO;RE;CASALGRANDE;VIA PEDEMONTANA 15 42013;1.599;07:00-13:00/15:00-19:00;Chiuso;07:30-12:30
10.768817;44.551216;Eurogasenergia;RE;CASALGRANDE;Strada Provinciale 486R, Km. 13, dir. sud  42013;1.500;07:00-20:00;07:00-20:00;07:00-20:00
10.778301;44.602070;IP DI F.LLI IBATICI;RE;CASALGRANDE;VIA CIRCONVALLAZIONE 10/12 42013;1.599;07:30-12:30/14:00-19:00;Chiuso;07:30-12:30
10.774911;44.595101;pv 16466;RE;CASALGRANDE;CIRCONVALLAZIONE 1-3 42013;1.482;07:30-19:30;Chiuso;07:30-12:30
10.458427;44.456130;Ego;RE;CASTELNOVO NE' MONTI;Via Risorgimento 2 42035;1.799;07:30-12:30/15:00-19:00;Chiuso;07:30-12:30/15:00-19:00
10.527037;44.688024;Ego;RE;CAVRIAGO;VIA BRODOLINI 1 42025;1.699;07:30-12:30/15:00-19:00;Chiuso;07:30-12:30/15:00-19:00
10.516522;44.686935;M.T. GAS;RE;CAVRIAGO;VIA VIA GIRONDOLA N. 72 42025, CAVRIAGO (RE) 72 42025;1.699;07:00-20:00;08:00-20:00;07:00-20:00
10.793620;44.758668;AREA DI SERVIZIO F.LLI PIETRI SRL;RE;CORREGGIO;Via della Pace 14/A 42015;1.549;;;
10.756200;44.764125;imp. 16435 Giavarini Ivan;RE;CORREGGIO;via per Reggio Emilia 36/A 42015;1.499;07:30-19:00;Chiuso;07:30-12:30
10.674316;44.899145;CIMOIL;RE;GUASTALLA;Strada Statale, Km. 4.6, MANTOVA - 42016;1.557;07:00-19:30;08:00-13:00;07:00-19:30
10.479358;44.697277;POMPA BIANCA;RE;MONTECCHIO EMILIA;PER BARCO 40 42027;1.599;07:00-12:30/14:00-19:30;Chiuso;07:00-12:30/14:00-19:30
10.743047;44.850050;COIL NOVELLARA;RE;NOVELLARA;S.P. 30 Nord snc  42017;1.395;7:00-14:00/16:30-19:00;Chiuso;7:00-12:30
10.537076;44.855034;Stazione di Servizio EGO di Savazzi Roberto;RE;POVIGLIO;VIA ROMANA 176 42028;1.559;08:00-12:30/15:00-19:00;Chiuso;08:00-12:30
10.537904;44.636064;FERRETTI GIULIANO EGO;RE;QUATTRO CASTELLA;CIRCONVALLAZIONE 1 42020;1.639;07:00-12:30/15:00-19:30;Chiuso;07:00-14:00
10.615953;44.691668;CIS NORD - VIA FRANCIA;RE;REGGIO NELL'EMILIA;VIA LIVIO FRANCIA 1 42123;1.599;07:00-19:00;Chiuso;07:30-12:30/14:30-19:30
10.660271;44.671533;CIS NORD - VIA PIACENTINI;RE;REGGIO NELL'EMILIA;VIALE PIACENTINI 3 42123;1.669;07:30-19:30;Chiuso;07:30-12:30
10.743483;44.659773;CIS NORD - VILLA BAGNO;RE;REGGIO NELL'EMILIA;Via R. Cartesio 19 42122;1.659;07:30-12:30/15:00-19:00;Chiuso;07:30-12:30
10.494841;44.745940;CIS NORD - VILLA GAIDA;RE;REGGIO NELL'EMILIA;ISACCO NEWTON 11/A 42124;1.549;;;
10.587725;44.659262;EGO RIVALTA;RE;REGGIO NELL'EMILIA;VIA S. AMBROGIO 3 42122;1.639;07:30-12:30/15:00-19:30;Chiuso;07:30-12:30
10.658851;44.706451;ENI;RE;REGGIO NELL'EMILIA;via piazza tien an man;1.699;07:00-18:45;Chiuso;07:00-12:30
10.666267;44.683156;FGD SRL;RE;REGGIO NELL'EMILIA;PIETRO E MARIA CURIE 14 42122;1.699;06:30-20:30;06:30-20:30;06:30-20:30
10.597647;44.710404;Metanauto S.r.l.;RE;REGGIO NELL'EMILIA;VIA F.LLI CERVI 75 42124;1.669;07:00-22:00;07:00-20:30;07:00-22:00
10.642697;44.719938;SUNCAR MORANDI;RE;REGGIO NELL'EMILIA;VIALE RODOLFO MORANDI 3 42124;1.699;06:00-18:45;Chiuso;06:00-11:45
10.602202;44.675973;Vega RE Via Inghilterra 101;RE;REGGIO NELL'EMILIA;VIA INGHILTERRA 101/A 42123;1.599;07:30-19:30;Chiuso;08:30-19:30
10.558285;44.724037;gas auto;RE;REGGIO NELL'EMILIA;VIA G.B. VICO 9/G 42124;1.599;07:30-12:30/15:00-19:00;Chiuso;07:30-12:30/15:00-19:00
10.832289;44.920666;SIA FUEL REGGIOLO;RE;REGGIOLO;VIA BRETELLA CISPADANA  42046;1.699;07:00-12:30/15:00-19:00;Chiuso;07:00-12:30
10.716467;44.590834;OFFICINA GIRIBALDO;RE;SCANDIANO;LOC.CHIOZZA VIA PEDEMONTANA 13 42019;1.599;06:00-21:00;06:00-13:00/14:00-21:00;06:00-21:00
14.658667;37.032359;COFFA;RG;CHIARAMONTE GULFI;Statale 514 di Chiaramonte, Km. 12+250, dir. CATANIA - 97012;1.839;06:00-21:00;06:00-21:00;06:00-21:00
14.779234;36.807033;BLANCO PETROLI - MODICA SS 194 KM 102+080;RG;MODICA;S.S. 194 MODICA POZZALLO KM102 SNC 97015;1.839;06:00-24:00;06:00-24:00;06:00-24:00
14.818382;36.808888;C.DA BUSITASS115;RG;MODICA;CONTRADA AGUGLIE STR. COM. BUSITA SNC 97015;1.799;07:00-13:00/15:00-19:00;Chiuso;Chiuso
14.689986;36.887706;BLANCO PETROLI - RAGUSA SP 25 KM 2+200;RG;RAGUSA;VIA S.P. 25 KM 2+200 S.N. 97100, RAGUSA (RG)  97100;1.839;06:00-24:00;06:00-24:00;06:00-24:00
14.707544;36.904741;Eni - C.da Selvaggio;RG;RAGUSA;CONTRADA SELVAGGIO C/O DISTRIB. CARBUR. SN 97100;1.839;06:00-20:30;Chiuso;07:00-20:00
14.669393;36.923801;S.S. 115 MONACHELLA SUD;RG;RAGUSA;VIA SS115 KM317,413 GELA-SR DX SNC 97100;1.799;06:00-20:00;06:30-14:00;07:00-13:00/15:00-20:00
14.498144;36.945745;FANELLO;RG;VITTORIA;VIA INCARDONA  97019;1.839;06:00-12:30/15:15-18:30;Chiuso;08:00-12:00/16:00-18:30
12.785756;42.438253;Rieti -Contigliano;RI;CONTIGLIANO;79 TERNANA KM.9+483 DX TERNI SNC 02043;1.499;07:00-19:00;Chiuso;07:00-19:00
12.901301;42.416044;IP;RI;RIETI;VIA ORESTE DI FAZIO 33 02100;1.599;07:30-12:30/15:30-19:00;Chiuso;07:30-12:30
12.844339;42.397540;Metano Rieti;RI;RIETI;VIA DOMENICO DI CARLO 3 02100;1.630;07:30-12:30/15:30-19:00;Chiuso;07:30-12:30
12.863000;42.400399;Stazione di Servizio ENI 06908;RI;RIETI;SALARIA KM.84+890 SNC 02100;1.672;;;
12.501074;41.605397;Enerpetroli Ardea;RM;ARDEA;VIA CAMPO SELVA KM 3,700 SNC 00040;1.799;;;
12.851754;41.741292;ENERPETROLI - PV ARTENA - RM;RM;ARTENA;600 Ariana, Km. 10,450, VALMONTONE - 00031;1.749;07:15-19:30;08:00-14:00;07:15-19:30
12.617083;42.122681;MASCHERONE OVEST;RM;CAPENA;Autostrada A1 MILANO-NAPOLI,  Km. 535,600, dir. sud 00060;1.615;00:00-24:00;00:00-24:00;00:00-24:00
11.796023;42.100697;ENERPETROLI - PV CIVITAVECCHIA VIA PECORELLI MEDIANA - RM;RM;CIVITAVECCHIA;VIA GASPARE PECORELLI 3 00053;1.779;06:30-12:30/15:30-19:30;07:00-12:30;06:30-19:30
12.986430;41.753860;FADDIMM SRL;RM;COLLEFERRO;CASILINA S.N.C. 00034;1.759;07:00-19:00;07:00-13:00;07:00-19:00
12.617895;42.124503;MASCHERONE EST;RM;FIANO ROMANO;Autostrada A1 MILANO-NAPOLI, Km. 535+600, dir. Nord - 00065;1.629;00:00-24:00;00:00-24:00;00:00-24:00
12.240121;41.772355;FIUMI.CAR S.A.S. DI DI FLORIO EDOARDO & C.;RM;FIUMICINO;VIA PORTUENSE KM.24,720  00054;1.658;05:00-20:00;Chiuso;05:00-18:00
12.372558;42.062232;IP FORMELLO;RM;FORMELLO;CASSIA BIS KM. 13,222  00060;1.679;06:00-19:15;Chiuso;06:00-13:00
12.657728;41.830866;FRASCATI OVEST;RM;FRASCATI;Autostrada A1 MILANO-NAPOLI Dir. Roma Sud,  Km. 14,500, dir. Dir. Sud 00044;1.629;06:00-22:00;06:00-22:00;06:00-22:00
12.758021;41.892459;PRENESTINA EST;RM;GALLICANO NEL LAZIO;Autostrada A1 MILANO-NAPOLI, Km. 566+100, dir. Nord - 00010;1.719;00:00-24:00;00:00-24:00;00:00-24:00
12.759972;41.888241;PRENESTINA OVEST;RM;GALLICANO NEL LAZIO;Autostrada A1 MILANO-NAPOLI,  Km. 566, dir. Sud - 00010;1.599;00:00-24:00;00:00-24:00;00:00-24:00
12.659014;41.935960;DELTA ENERGY SRL - Guidonia (RM);RM;GUIDONIA MONTECELIO;VIA VIA TENUTA DEL CAVALIERE 1 00012, GUIDONIA MONTECELIO (RM) 1 00012;1.399;06:00-21:00;Chiuso;06:00-21:00
12.633565;41.968936;GIUSY SRL;RM;GUIDONIA MONTECELIO;VIA PALOMBARESE KM 17,865 SNC 00012;1.650;07:00-19:00;08:00-13:00;08:00-13:00
12.676954;41.951160;METANO TIBURTINA;RM;GUIDONIA MONTECELIO;VIA TIBURTINA KM. 18.726  00012;1.435;06:30-21:30;06:30-21:30;06:30-21:30
12.710870;41.968960;Q8 Guidonia - Zara Zayan;RM;GUIDONIA MONTECELIO;Via delle Genziane 11/11A 00012;1.999;07:00-12:30/15:00-19:00;Chiuso;07:00-12:30/15:00-19:00
12.759420;41.974560;ip;RM;GUIDONIA MONTECELIO;Via Campolimpido 2  00012;1.799;06:00-20:00;07:00-20:00;07:00-21:00
12.654306;41.654907;Metano Nettunense;RM;LANUVIO;VIA NETTUNENSE 5 00075, LANUVIO (RM) KM.14 00075;1.699;07:00-19:00;07:30-12:00;07:00-19:00
12.857544;41.806781;PV Palestrina OLMATA;RM;PALESTRINA;Via degli Olmi 60 00036;1.799;06:00-19:00;Chiuso;06:00-19:00
12.493523;41.669948;ENI VIA DEL MARE 87;RM;POMEZIA;VIA DEL MARE 87 00040;1.599;06:00-19:00;08:00-13:00;06:00-19:00
12.550920;42.267473;IP - PONZANO ROMANO;RM;PONZANO ROMANO;LOCALITA' PRIMARE  00060;1.598;06:00-19:50;06:00-13:00;06:00-19:50
12.400972;41.886337;7143 ROMA AURELIA;RM;ROMA;Via Aurelia KM 8 + 400 SNC 00165;1.648;06:00-19:15;06:00-13:30;06:00-19:15
12.636089;41.930289;AREA DI SERVIZIO ENI;RM;ROMA;VIA DEL TECNOPOLO 361-363 00131;2.029;06:00-21:00;06:00-13:00/16:00-21:00;06:00-21:00
12.355606;42.062770;BACCANELLO;RM;ROMA;VIA DI BACCANELLO 125 00123;1.639;06:30-19:00;Chiuso;07:00-19:00
12.606688;41.875555;CASILINA INTERNA;RM;ROMA;Autostrada A90 G.R.A., Km. 36.636, dir. Interna - -;1.599;06:00-23:00;06:00-23:00;06:00-23:00
12.553423;41.976038;CIRULLI CARBURANTI MULTISERVIZI;RM;ROMA;VIA DI TOR SAN GIOVANNI 35 00139;2.299;;;
12.500574;41.786021;ENERPETROLI - PV ROMA CASTEL DI LEVA;RM;ROMA;VIA CASTEL DI LEVA 108 00134;1.779;07:00-13:00/15:00-19:00;Chiuso;07:00-13:00/15:00-19:00
12.360350;41.763702;ENERPETROLI - PV ROMA MACCHIA SAPONARA;RM;ROMA;VIA DI MACCHIA SAPONARA  147 00125;1.779;07:00-13:00/15:00-19:00;Chiuso;08:00-13:00
12.592729;41.846938;ENERPETROLI - PV ROMA ROMANINA;RM;ROMA;VIA ULDERICO MAZZOLANI  SNC 00173;1.759;06:30-19:30;08:30-13:00;06:30-19:30
12.589714;41.918652;ENERPETROLI - PV ROMA TOR CERVARA (2);RM;ROMA;VIA DI TOR CERVARA  00138;1.799;07:00-12:30/15:30-19:00;Chiuso;07:30-12:30
12.621162;41.835753;ENI 36959;RM;ROMA;VIA DI TOR VERGATA 337 00133;1.849;07:00-12:45/14:30-19:00;Chiuso;07:00-12:45/14:30-19:00
12.592826;41.858150;Esso SM;RM;ROMA;VIA DEL FOSSO DI SANTA MAURA 20 00169;1.699;06:00-20:30;06:00-20:30;06:00-20:30
12.377102;41.916386;FELGAS - BOCCEA;RM;ROMA;DI BOCCEA 575 00166;1.638;06:00-21:00;07:00-19:30;06:00-21:00
12.363199;41.963429;ICM - Via della Storta;RM;ROMA;VIA DELLA STORTA 428 00123;1.599;07:30-12:30/15:00-19:00;Chiuso;07:30-12:30
12.531516;41.863940;IP-VIA APPIA;RM;ROMA;Statale 7 Via Appia, Km. N. 674, dir. ALBANO LAZIALE  0079;2.144;07:00-20:00;07:00.13:30;07:00-20:00
12.404185;41.820022;MAGLIANA NORD;RM;ROMA;A91 ROMA-FIUMICINO, Km. 5,657, Fiumicino - 00148;1.559;06:30-21:50;Chiuso;06:30-21:50
12.405900;41.819350;MAGLIANA SUD;RM;ROMA;Autostrada A91 ROMA-FIUMICINO,  Km. 5.635, dir. ADS MAGLIANA SUD RM-FIUM;1.559;00:00-24:00;00:00-24:00;00:00-24:00
12.375943;41.769777;MALU SAS;RM;ROMA;VIA DI ACILIA 365 00125;1.599;07:00-19:00;08:00-13:00;08:00-19:00
12.513507;42.008047;Metano Salaria;RM;ROMA;VIA POMONTE 39 00138, ROMA (RM) 39/41 00138;1.799;07:00-20:00;07:30-13:00;07:00-20:00
12.628240;41.938800;Oasi Oil srl - V. Tiburtina;RM;ROMA;Via Tiburtina 1426-1434 00185;1.999;;;
12.603808;41.887360;Oasi oil srl - V. Bellisario;RM;ROMA;VIALE MARISA BELLISARIO 13 00155;1.999;;;
12.375519;41.861662;PISANA INTERNA;RM;ROMA;A90 G.R.A., Km. 65,543, Interna - 00166;1.529;06:00-21:45;06:00-21:45;06:00-21:45
12.331517;41.810142;Portuense;RM;ROMA;Via Portuense 1585  00148;1.899;07:00-19:00;Chiuso;07:00-19:00
12.585819;41.860728;Q8;RM;ROMA;DI TORRE SPACCATA 160/162 00169;1.599;07:00-20:00;08:00-13:00;07:00-20:00
12.517804;41.825320;ROMA VIA ARDEATINA;RM;ROMA;VIA ARDEATINA 558 00178;1.699;07:00-21:00;Chiuso;07:00-21:00
12.581807;41.870100;ROMA-VIA CASILINA 1002 SS. 6 KM.9+300;RM;ROMA;VIA CASILINA SS. 6 KM.9+300 1002 11069;1.599;07:30–12:30/15:00–18:00;Chiuso;07:30–12:30/15:00–18:00
12.384065;41.903879;SELVA CANDIDA ESTERNA LATO DX;RM;ROMA;Grande Raccordo Anulare   00166;1.579;;;
12.574249;41.887801;SMAF 1036 - TOGLIATTI;RM;ROMA;PALMIRO TOGLIATTI 801 00172;1.479;;;
12.530070;41.960960;STAZIONE DI SERVIZIO ENI;RM;ROMA;SEGNI 82 00177;1.749;07:00-19:00;07:00-13:00;07:00-19:00
12.626808;41.876925;T.B.M. Petroli srl;RM;ROMA;VIA DI TOR BELLA MONACA  00133;1.799;06:00-22:00;06:00-22:00;06:00-22:00
12.382805;41.935849;TIBER OIL MARMO;RM;ROMA;VIA CASAL DEL MARMO 616 00166;1.639;06:00-18:30;Chiuso;06:00-18:30
12.590658;41.889302;Tor Tre Teste;RM;ROMA;VIA DI TOR TRE TESTE 259/265  00155;1.709;07:00-19:30;08:30-13:00;07:00-19:30
12.508428;41.805950;ipcecchignola;RM;ROMA;VIA DELLA CECCHIGNOLA 241 00143;1.599;07:00-13:00/15:30-19:00;Chiuso;07:00-13:00
12.416267;41.981084;myOIl Cassia;RM;ROMA;Via Cassia 1276 00189;1.995;06:00-20:00;08:00-13:00;06:00-20:00
12.536251;41.802717;myOil Ardeatina due;RM;ROMA;Via Ardeatina 907 909 00187;1.995;06:00-20:00;08:00-13:00;08:00-20:00
12.560963;41.748706;myOil Roma ardeatina uno;RM;ROMA;VIA ARDEATINA KM. 15,918   00134;1.995;06:00-22:00;Chiuso;07:00-12:30
12.396154;41.950180;q8;RM;ROMA;VIA DI CASAL DEL MARMO 329 00135;1.399;06:00-19:30;07:00-13:00;06:00-19:30
12.942215;41.766035;Valmontone - Via della Pace;RM;VALMONTONE;DELLA PACE 14 00038;1.849;07:00-19:00;07:00-19:00;07:00-19:00
12.731498;43.952562;GEP CELLI GIULIANO SRL PV Cattolica;RN;CATTOLICA;S.S. 16 ADRIATICA S.N.C. 47841;1.599;07:00-20:00;07:00-20:00;07:00-20:00
12.668648;43.944940;metano service;RN;MISANO ADRIATICO;VIA TAVOLETO 156/G 47843;1.599;06:30-20:00;06:30-12:30/14:30-20:00;06:30-20:00
12.619404;43.994119;MONTEFELTRO OVEST;RN;RICCIONE;Autostrada A14 BOLOGNA-BARI-TARANTO, Km. 133+600, dir. Sud - 47838;1.819;00:00-24:00;00:00-24:00;00:00-24:00
12.622554;43.990889;ecodrive;RN;RICCIONE;Viale Mestre 19 47838;1.599;06:30-21:00;06:30-21:00;06:30-21:00
12.582320;44.046326;ENI COLONNELLA;RN;RIMINI;FLAMINIA 191 ANG. A.COSTA 4 47923;1.729;07:00-19:30;Chiuso;07:00-19:30
12.484715;44.096098;GEP CELLI GIULIANO SRL PV TOLEMAIDE;RN;RIMINI;TOLEMAIDE 71 47922;1.579;06:30-20:30;06:30-20:30;06:30-20:30
12.592739;44.039049;Keropetrol RImini;RN;RIMINI;Via Palmiri 9  47900;1.819;07:30-12:30/14:30-19:30;Chiuso;07:30-12:30/14:30-19:30
12.473160;44.066440;METANAUTO;RN;RIMINI;Via Montalaccio 2  47922;1.599;06:00-21:00;06:00-21:00;06:00-21:00
12.543590;44.053299;PURAZA;RN;RIMINI;SS72 111 47924;1.689;;;
12.455460;44.024450;REL 13;RN;RIMINI;Via Anacleto Ricci 16 47828;1.597;07:00-20:00;07:30-19:00;07:00-20:00
12.481362;44.092255;Rimini Tolemaide;RN;RIMINI;Via Tolemaide 68 47922;1.659;07:00-20:30;07:00-20:30;07:00-20:30
12.690390;43.934830;Q8 EASY;RN;SAN GIOVANNI IN MARIGNANO;PROVINCIALE 17 47832;1.599;06:30-20:00;07:00-12:30;06:30-20:00
12.727135;43.918207;San Giovanni in Marignano;RN;SAN GIOVANNI IN MARIGNANO;Strada Provinciale 58 47842;1.499;07:30-12:30/15:00-19:00;Chiuso;07:30-12:30/15:00-18:00
12.464362;44.076336;CPB ENERGIA ITALIANA;RN;SANTARCANGELO DI ROMAGNA;Via P. Tosi 1200 47822;1.589;08:00-12:00/14:30-18:30;Chiuso;08:00-12:00
12.432070;44.048680;REL 12;RN;SANTARCANGELO DI ROMAGNA;via Santarcangiolese  1395 47822;1.697;07:00-20:00;07:30-12:30;07:00-20:00
12.460723;44.028154;SANT'ERMETE CPB ENERGIA ITALIANA;RN;SANTARCANGELO DI ROMAGNA;VIA DI SOPRA 110 47822;1.649;07:00-13:00/15:00-19:30;Chiuso;07:00-13:00/15:00-19:30
12.300273;43.909029;CAPPELLI GAS-AUTO SNC di Cappelli Evaristo & C.;RN;TALAMELLO;DELL'INDUSTRIA, 20 47867;1.659;07:00-12:30/14:30-19:30;Chiuso;07:00-12:30
12.405602;43.965514;REL10;RN;VERUCCHIO;S.S.S258 Marecchiese KM. 70+400 47826;1.597;07:00-19:30;Chiuso;07:00-13:00
12.032057;45.061303;AGHENIE CONSTANTIN &C.S.N.C.;RO;ADRIA;s.s.443,ADRIA-ROVIGO 20 45011;1.649;07:00-21:00;07:00-21:00;07:00-21:00
12.125551;45.051751;SMP ADRIA;RO;ADRIA;SP 45 KM 4+600 SX  45011;1.649;07:00-20:00;08:00-13:00;07:00-20:00
12.071828;45.038447;Stazione di servizio Zanella;RO;ADRIA;POLESANI NEL MONDO 845 45011;1.649;07:30-12:30/15:00-19:30;Chiuso;07:30-12:30/15:00-19:30
12.131654;44.949770;03445 Ariano nel Polesine;RO;ARIANO NEL POLESINE;VIA ROMEA COMMERCIALE - S.R. 495 KM. 57+480  5;1.499;07:30-12:30/15:00-19:30;Chiuso;07:30-12:30/15:00-19:30
12.227484;44.931691;A.F. PETROLI S.P.A.  Ariano Pol.(Ro);RO;ARIANO NEL POLESINE;VIA VIA ROMEA 46 45012, ARIANO NEL POLESINE (RO) 46 45012;1.849;07:00-20:00;07:00-13:00/15:00-19:30;07:00-20:00
11.508636;45.092016;zorzan carburanti srl;RO;BADIA POLESINE;VIA CA' MIGNOLA NUOVA SNC 45021;1.339;07:00-20:00;07:00-13:30;07:00-20:00
11.760352;44.984258;TROMBETTA SAS DI TROMBETTA MILCO E TROMBETTA LAURA & C.;RO;BOSARO;NAZIONALE 1979 45033;1.654;07:00-21:00;07:00-12:30/14:00-20:00;07:00-21:00
11.290912;45.036333;METAN GAS AUTO SRL;RO;CASTELNOVO BARIANO;VIA COLOMBANO 1236 45030;1.399;07:30-19:30;07:30-12:30;07:30-19:30
11.607827;45.085057;COSTANTIN LENDINARA;RO;LENDINARA;VIA SANTA MARIA NUOVA 89/B 45026, LENDINARA (RO) 89/B 45026;1.367;07:00-21:00;07:00-14:00;07:00-21:00
11.210715;45.076485;BEYFIN;RO;MELARA;SR 482 KM 35.500 LATO DX - 45037;1.499;07:30-12:30/15:00-19:30;Chiuso;07:30-12:30/15:00-19:30
11.602987;44.911039;A.F. PETROLI S.P.A. - OCCHIOBELLO;RO;OCCHIOBELLO;ERIDANIA 111/G 45030;1.699;07:00-20:30;Chiuso;07:00-20:30
12.312513;44.947875;BARTOLUCCI CARBURANTI;RO;PORTO TOLLE;VIA MATTEOTTI 10 45018;1.549;07:00-20:00;07:00-13:00;07:00-20:00
12.231857;45.020129;distributore metano Grandi;RO;PORTO VIRO;Statale 309 Romea, Km. 66,6, dir. Ravenna 1 45014;1.449;07:00-20:30;07:00-13:00;07:00-20:30
12.213318;45.046227;metano donada;RO;PORTO VIRO;VIA MANTOVANA 133 45014;1.449;07:00-20:00;07:30-12:30/15:00-19:00;07:00-20:00
11.789990;45.057246;DALL'AGLIO STATION - CENTRO;RO;ROVIGO;VIA CIME DI LAVAREDO 110 45100;1.799;07:00-22:00;07:00-13:00/14:00-22:00;07:00-22:00
11.785847;45.098486;Distributore OMNIGESS;RO;ROVIGO;V.le Porta Adige 60 45100;1.649;07:00-20:30;07:00-13:00;07:00-20:30
11.827548;45.092949;Metano San Marco;RO;ROVIGO;Via Calatafimi 23 45100;1.699;07:00-20:00;07:00-13:00;07:00-20:00
11.857729;45.113276;AURORA SAS DI LIDEO DIEGO & C. SNC;RO;SAN MARTINO DI VENEZZE;VIA SALINE 1030 45030;1.649;07:00-12:30/14:30-19:30;07:00-12:30/14:30-19:30;07:00-12:30/14:30-19:30
11.873482;45.118175;Sia Fuel San Martino di Venezze;RO;SAN MARTINO DI VENEZZE;VIA CHIARONI S.N.C. 45030;1.395;07:30-12:30/14:30-19:30;Chiuso;07:30-12:30
12.198508;45.007039;Bartolucci Carburanti;RO;TAGLIO DI PO;SAN BASILIO 99 45019;1.449;;;
11.887423;45.069760;METANO VILLADOSE di Giannese Massimo;RO;VILLADOSE;VIA ZONA INDUSTRIALE 45 45010;1.649;07:00-21:00;07:00-13:00;07:00-21:00
11.654539;45.074551;ARCOBALENO GROUP SRL;RO;VILLANOVA DEL GHEBBO;VIA BIGANELLI  39 45021;1.339;07:00-20:00;08:00-18:00;07:00-20:00
14.548701;40.729871;VISCARDI CARBURANTI METANO GPL;SA;ANGRI;VIA PALUDICELLA 30A 84012;1.370;06:00-21:00;06:30-13:00/15:30-20:45;06:00-21:00
15.532742;40.454795;MIGLIORE METANAUTO;SA;ATENA LUCANA;VIA TANAGRO 21 84030;1.499;06:00-22:00;06:00-22:00;06:00-22:00
14.772720;40.726900;59363 BARONISSI;SA;BARONISSI;Via dei Due Principati;1.547;06:00-13:00/15:00-20:00;08:00-13:00;06:00-13:00/15:00-20:00
14.786711;40.748864;SALERNO EST;SA;BARONISSI;Autostrada A2 AUTOSTRADA DEL MEDITERRANEO,  Km. 6.048, dir. NORD 84081;1.599;06:00-22:00;06:00-22:00;06:00-22:00
14.785441;40.747896;SALERNO OVEST;SA;BARONISSI;Autostrada A2 AUTOSTRADA DEL MEDITERRANEO,  Km. 6.044, dir. SUD 84081;1.599;06:00-22:00;06:00-22:00;06:00-22:00
14.967638;40.606902;FULL PETROL METANO;SA;BATTIPAGLIA;VIA SPINETA  84091;1.399;06:00-22:00;06:00-22:00;06:00-22:00
15.114271;40.601738;GAS AUTO E METANO D'AMBROSIO MASSIMO;SA;CAMPAGNA;via provinciale per galdo 398 84022;1.499;06:00-21:30;06:00-21:30;06:00-21:30
15.114339;40.604025;VALPETROLI STAZIONE DI SERVIZIO;SA;CAMPAGNA;VIA DIFESA MADDALENA  SNC 84022;1.599;06:00-21:00;06:00-21:00;06:00-21:00
14.687354;40.772165;Via R. Ciancio;SA;CASTEL SAN GIORGIO;VIA CIANCIO snc 84083, CASTEL SAN GIORGIO (SA) 23/BIS 84083;1.489;06:00-22:00;06:00-22:00;06:00-22:00
14.702839;40.721599;Roburgas spa;SA;CAVA DE' TIRRENI;VIA VIA STARZA FRAZ.S.LUCIA SNC 84013, CAVA DE' TIRRENI (SA) 25 84013;1.499;07:30-21:00;08:00-12:30;07:30-21:00
15.251081;40.708978;SELE CARBURANTI SRL;SA;COLLIANO;S.S. 691 FONDO VALLE SELE SNC 84020;1.899;00:00-24:00;00:00-24:00;00:00-24:00
15.003322;40.588107;FULL PETROL METANO;SA;EBOLI;VIA BOSCO II SNC 84025;1.399;06:00-22:00;06:00-22:00;06:00-22:00
14.691727;40.775893;IP CASTEL SANGIORGIO;SA;FISCIANO;Via Cav.V.D'Auria (SA)  84083;1.399;07:00-19:00;Chiuso;07:00-14:00
14.787305;40.777133;IP FISCIANO;SA;FISCIANO;Via G. Paolo II 79  84084;1.699;07:00-20:00;Chiuso;07:00-20:00
14.749285;40.774975;ditta luigi picarella;SA;MERCATO SAN SEVERINO;VIA SPIANO CURTERI SNC  84085;1.599;06:00-20:00;07:00-13:00/15:00-19:00;06:00-20:00
14.732687;40.778767;efuel srl;SA;MERCATO SAN SEVERINO;STRADA PROVINCIALE CODOLA S.N.C. 84085;1.479;07:30-20:30;08:00-12:30;07:30-20:30
14.615670;40.773479;AREA DI SERVIZIO Q8 RUGGIERO PETROLI SAS;SA;NOCERA INFERIORE;Via Padula 36 84014;1.695;06:00-22:00;06:30-22:00;06:00-22:00
14.654372;40.767498;CAPALDO ARCANGELO;SA;NOCERA INFERIORE;VARIANTE SS.266 NOCERINA 12 84014;1.495;06:00-21:30;06:00-14:00/16:30-20:30;06:00-21:30
14.653139;40.763807;FACOMGAS S.r.l. (Nocera Inf.);SA;NOCERA INFERIORE;VIA PETRARCA  84014;1.495;06:00-22:00;06:00-22:00;06:00-22:00
14.669264;40.752894;Santa Maria;SA;NOCERA SUPERIORE;Via S. Maria delle Grazie 140 84015;1.450;00:00-24:00;00:00-24:00;00:00-24:00
15.640085;40.288237;MIGLIORE METANAUTO;SA;PADULA;Statale 517 Bussentina, Km. 1+665, dir. PADULA - 84034;1.499;05:30-22:30;05:30-23:55;05:30-22:30
14.592188;40.755152;Multicarburante di Maresca Anna & C. s.n.c.;SA;PAGANI;Via Taurano 128 84016;1.599;06:30-21:30;06:00-13:00;06:30-21:30
15.555197;40.421639;MIGLIORE CARBURANTE;SA;SALA CONSILINA;VIA MURA ROSSE SNC 84036;1.499;06:00-22:00;07:00-21:00;06:00-22:00
15.552210;40.423130;eMMeGi;SA;SALA CONSILINA;AREA P.I.P VIA MEZZANIELLO S.N.C. 84036;1.499;07:00-14:00/15:00-20:00;08:00-14:00;07:00-14:00/15:00-20:00
14.824666;40.650885;ADS Tangenziale di Salerno;SA;SALERNO;TANGENZIALE CORSIA SUD  84100;1.699;00:00-24:00;00:00-24:00;00:00-24:00
14.826830;40.651096;BENNY;SA;SALERNO;VIA NUOVA TANGENZIALE SNC 84131;1.999;00:00-24:00;00:00-24:00;00:00-24:00
14.868089;40.647770;Impianto Eni 08960;SA;SALERNO;VIA LAMIA S.S. 18 KM.63 + 400 SNC 84100;1.466;07:00-19:00;Chiuso;07:00-14:00
14.835671;40.643760;SALERNO ENERGIA VENDITE SPA;SA;SALERNO;VIA DEI CARRARI SNC 84131;1.650;07:00-13:00/15:30-19:30;Chiuso;07:00-13:00
14.853554;40.644617;SPA PETROLI SRL;SA;SALERNO;VIA CAPPELLO VECCHIO SNC 84131;1.459;06:00-20:30;07:00-12:30;07:00-19:30
14.589236;40.745860;ANNARUMMA VISCARDI;SA;SANT'EGIDIO DEL MONTE ALBINO;Via della Rinascita  84010;1.340;;;
14.549692;40.762235;ANNARUMMA BIANCA;SA;SCAFATI;VIA ORTALONGA 87 84018;1.331;06:30-21:00;06:30-13:30/15:30-21.00;06:30-21:00
14.519029;40.761459;Eurogas;SA;SCAFATI;VIA G.B. CASCIELLO SNC 84018;1.349;07:00-21:00;07:00-21:00;07:00-21:00
11.889925;43.024242;ENERPETROLI - PV CHIUSI - SI;SI;CHIUSI;LOC. MACCIANO S.S. 146 KM. 8,350  53043;1.799;07:00-12:30/15:30-19:00;Chiuso;07:30-12:30
11.142457;43.434887;COLLE VAL D'ELSA;SI;COLLE DI VAL D'ELSA;LOC. PONTE DELL'ARMI 13/D 53034;1.590;07:30-13:00/14:30-20:00;07:30-12:20/15:00-20:00;07:30-13:00/14:30-20:00
11.141216;43.406476;S.A.M. Colle;SI;COLLE DI VAL D'ELSA;STRADA COMUNALE DI SELVAMAGGIO SNC 53034;1.590;07:30-12:30/15:00-19:00;Chiuso;07:30-12:30
11.865132;43.136753;MONTEPULCIANO EST;SI;MONTEPULCIANO;Autostrada A1 MILANO-NAPOLI, Km. 395+000, dir. Nord - 53045;1.599;00:00-24:00;00:00-24:00;00:00-24:00
11.821960;43.120511;Piccini Energy - Montepulciano;SI;MONTEPULCIANO;via Provinciale, loc. Nottola 3 53045;1.699;07:30-13:00/15:30-19:30;Chiuso;07:30-13:00/15:30-19:30
11.302137;43.349263;MONTERIGGIONI;SI;MONTERIGGIONI;Statale 674 Tangenziale Ovest di Siena, Km. 1+047, dir. FIRENZE - 53035;1.699;07:00-19:30;08:00-12:30/15:00-19:30;07:00-12:30/14:00-19:30
11.127667;43.476343;POGGIBONSI;SI;POGGIBONSI;S.P. 1 PER S. GIMIGNANO LOC. LE LAME SNC 53036;1.590;07:00-20:00;Chiuso;07:00-20:00
11.635002;43.254356;Piccinifuels Rapolano - Siena-Bettolle;SI;RAPOLANO TERME;SS715 AL KM 29+448 LATO DX SNC 53040;1.649;06:30-12:30/14:00-20:00;07:00-12:30/15:00-19:30;06:30-12:30/14:00-20:00
11.305134;43.316004;34001 SIENA;SI;SIENA;Tangeziale ovest SNC 53100;1.619;07:00-19:00;Chiuso;07:00-19:00
11.353144;43.317758;Ip Viale Toselli;SI;SIENA;VIALE TOSELLI 120 53100;1.607;07:10-12:30/15:00-19:00;Chiuso;07:10-12:30
11.334354;43.294365;Metano Siena;SI;SIENA;via massetana romana 74 53100;1.579;07:30-13:00/14:30-19:30;07:30-12:30;07:30-13:00/14:30-19:30
11.755745;43.218770;Eni;SI;SINALUNGA;via casalpiano  42 53048;1.745;07:00-19:30;Chiuso;07:00-19:00
9.821870;46.161880;IPERAL CARBURANTI CASTIONE;SO;CASTIONE ANDEVENNO;Via Del Piano 1/D 23012;1.579;;;
9.539077;46.144629;Eurogas;SO;TRAONA;VIA VALERIANA SP.4 KM11+266, dir. Sondrio  23019;1.669;08:00-12:00/14:30-19:00;Chiuso;08:00-12:00
9.923437;44.109046;ARCOLA;SP;ARCOLA;1 Via Aurelia, Km. 401+509, LA SPEZIA - 19021;1.699;07:30-19:00;Chiuso;07:30-12:30-15:00-19:00
9.892794;44.167905;eni station Raspini;SP;BOLANO;CISA 50 19020;1.665;07:00-12:30/14:00-19:00;Chiuso;07:00-12:30
9.861239;44.113114;Spigas Clienti Srl;SP;LA SPEZIA;VIA DELLA CONCIA - LOC. STAGNONI  19100;1.769;07:00-12:30/14:30-20:00;07:30-12:30/14:30-20:00;07:00-12:30/14:30-20:00
9.983036;44.077106;metanauto sarzanese;SP;SARZANA;VIALE XXV APRILE 48 19038;1.648;07:30-12:30/14:30-19:30;08:00-13:00/15:00-20:00;07:30-12:30/14:30-19:30
9.917243;44.137883;MAGRA EST;SP;VEZZANO LIGURE;Autostrada A12 SESTRI L.-LIVORNO,  Km. 96,500, dir. NORD 19020;1.899;00:00-24:00;00:00-24:00;00:00-24:00
15.158956;37.172123;SS 114 BAGALI EST PRIOLO;SR;PRIOLO GARGALLO;S.S. 114 KM 139 + 400  96010;1.799;06:00-21:30;06:00-21:30;06:00-21:30
15.240580;37.110129;C.DA TARGIA SR;SR;SIRACUSA;STRADA PROVINCIALE PRIOLO-SIRACUSA TARGIA SNC 96100;1.799;06:30-19:00;Chiuso;07:00-13:00
15.253769;37.106227;MV PETROLI - TARGIA;SR;SIRACUSA;Contrada Targia  96100;1.799;06:00-19:00;07:30-12:30;06:00-19:00
8.288224;44.401892;LIGURIA GAS CAIRO MONTENOTTE;SV;CAIRO MONTENOTTE;VIA RESISTENZA 34 17014;1.570;07:00-12:30/13:30-20:00;07:00-13:00;07:00-12:30/13:30-20:00
8.201055;44.368779;ME-TRA spa;SV;MILLESIMO;VIA TRENTO E TRIESTE 185-189 17017;1.540;07:30-12:30/13:30-20:00;08:30-12:30/14:30-18:30;07:30-12:30/13:30-20:00
8.426290;44.268778;BIFUEL;SV;VADO LIGURE;Strada Scorrimento Veloce 2a 17047;1.538;06:00-19:00;Chiuso;07:30-12:00
16.846255;40.649488;Eni;TA;LATERZA;7 Via Appia, Km. 605+740, Matera - 74014;1.699;07:00-12:30/15:00-19:00;08:00-13:00;07:00-12:30/15:00-19:30
16.776635;40.639253;digiservice srl;TA;LATERZA;via matera ex s.s.7 via appia snc 74014;1.699;05:00-21:00;06:00-13:00;05:00-21:00
17.307488;40.396267;ENI/EDISON METANO;TA;LEPORANO;STRADA PROV.LE 102 KM. 1,300 SN 74020;2.023;06:00-20:00;06:00-13:00;06:00-20:00
17.399250;40.692549;ITRIA METANO Giuliani Martino di Giuliani Graziana;TA;MARTINA FRANCA;S. CATERINA SNC 74015;1.645;07:30-12:30/15:00-19:00;07:30-12:30;07:30-12:30/15:00-19:00
17.219378;40.718594;SIMEONE CARBURANTI;TA;MARTINA FRANCA;MICELI SN 74015;1.750;;;
17.334859;40.572785;menga petroli;TA;MONTEMESOLA;via delle industrie sn 74020;1.849;06:30-13:00/15:00-19:00;Chiuso;06:30-13:00/15:00-19:00
17.168267;40.529974;g.f. siciliano group srl;TA;STATTE;7 Via Appia, Km. 641+651, taranto - 74010;1.582;05:30-18:30;Chiuso;07:30-12:30
17.165499;40.527981;A.M. Auto Metano S.r.l.;TA;TARANTO;STRADA PROVINCIALE 39 S.DOMENICO  74100;1.549;06:00-19:00;06:00-19:00;06:00-19:00
17.327830;40.464300;EASY SERVICE S.R.L.;TA;TARANTO;S.P.N.91 KM 0.100 (CIRCUMAREPICCOLO)  0  74100;1.789;06:30-19:00;Chiuso;06:30-19:00
17.247709;40.421031;HI MATIC;TA;TARANTO;VIA TRE FONTANE 1/51 74122;1.899;06:00-21:00;07:00-21:00;06:00-21:00
17.222002;40.487462;STAZIONE DI SERVIZIO ENI;TA;TARANTO;VIA NICCOLO MACHIAVELLI SNC 74123;1.640;;;
13.810174;42.626340;SCUPPA ROBERTO;TE;CANZANO;LOCALITA' PIANE DI CORTE 5 64020;1.769;07:00-21:00;Chiuso;07:00-13:00
13.897984;42.833099;camaioni&cocciasnc;TE;CORROPOLI;viale adriatico 168 64013;1.557;07:00-13:00/14:30-19:30;Chiuso;07:00-13:00/14:30-19:30
13.950801;42.729936;ECOFUEL - GIULIANOVA;TE;GIULIANOVA;VIA CUPA SNC 64021;1.599;06:30-21:00;06:30-21:00;06:30-21:00
14.068442;42.602505;Metano Pineto;TE;PINETO;16 Adriatica, Km. 428+235, SN - 64025;1.359;06:30-21:00;06:30-21:00;06:30-21:00
13.975700;42.649540;Q8;TE;ROSETO DEGLI ABRUZZI;BIVIO CASALE SNC 64026;1.399;07:00-13:00/15:00-19:00;Chiuso;07:00-13:00
13.686781;42.670859;DGA OIL & GAS;TE;TERAMO;Frazione Scapriano snc 64100;1.578;06:30-20:00;06:30-19:30;06:30-19:30
13.714314;42.653272;DI.VA. srl;TE;TERAMO;S.S. 80 KM 4+300 SNC 64100;1.599;06:00-21:00;08:00-13:00;06:00-21:00
13.758152;42.680153;ECOFUEL TERAMO2;TE;TERAMO;Località Piano D’Accio SNC 64100;1.599;06:30-20:30;Chiuso;06:30-20:30
13.806105;42.694148;PETROL GAMMA S.S. 80;TE;TERAMO;80 racc di Teramo, Km. 6,600, SANT'ATTO  64100;1.838;07:30-19:00 giovedì: 07:30-12:30/15:30-19;07:30-12:30/15:30-19:00;07:30-19:00
13.776235;42.688226;TERAMO;TE;TERAMO;FRAZIONE NEPEZZANO/FIUMICINO , 64020  64100;1.550;06:30-21:00;06:30-21:00;06:30-21:00
13.875274;42.794124;MENNILLI PETROLI TORTORETO;TE;TORTORETO;S.P. 8 del salinello km 6+337  64018;1.599;07:00-12:30/15:30-19:00;Chiuso;07:00-12:30/15:30-19:00
11.087308;46.141553;PAGANELLA EST;TN;LAVIS;A22 BRENNERO-MODENA, Km. 127,91, BRENNERO - 38015;1.559;00:00-24:00;00:00-24:00;00:00-24:00
11.027641;45.902554;NOGAREDO EST;TN;NOGAREDO;Autostrada A22 BRENNERO-MODENA, Km. 159,71, dir. Nord - 38060;1.639;00:00-24:00;00:00-24:00;00:00-24:00
11.026323;45.902327;NOGAREDO OVEST;TN;NOGAREDO;A22 BRENNERO-MODENA, Km. 159.93, Sud - 38060;1.619;00:00-24:00;00:00-24:00;00:00-24:00
11.422648;46.044704;ENI METANO E GPL RONCEGNO;TN;RONCEGNO TERME;47 della Valsugana, Km. 98+900, TRENTO - 38060;1.799;07:30-12:30/14:00-19:00;Chiuso;07:30-12:30/14:30-18:30
11.013732;45.864328;metano rovereto;TN;ROVERETO;VIALE CAPRONI 5 38068;1.889;07:00-21:00;07:00-21:00;07:00-21:00
11.123187;46.038773;13492 TRENTO;TN;TRENTO;TANGENZIALE SUD  4/6;1.574;05:30-18:30;Chiuso;05:30-12:00
11.089491;46.116292;DELTA ENERGY SRL - TRENTO NORD;TN;TRENTO;DI SPINI 1 38121;1.459;00:00-24:00 (lun/mo apertura/opening 06:00-->);07:00-21:00;00:00-21:00
11.097500;46.095900;ENI TRENTO INTERPORTO;TN;TRENTO;DELL'INTERPORTO 8 38121;1.799;07:30-19:00;Chiuso;07:30-19:00
11.085758;46.140595;PAGANELLA OVEST;TN;TRENTO;Autostrada A22 BRENNERO-MODENA, dir. Direzione Ovest;1.617;00:00-24:00;00:00-24:00;00:00-24:00
7.505966;45.119182;DISTRIBUTORE CARBURANTE  ENI;TO;ALPIGNANO;VAL DELLA TORRE 210 10091;1.749;07:30-12:30/14:30-19:30;Chiuso;07:30-12:30
7.408416;45.086783;CONAD SUPERSTORE AVIGLIANA;TO;AVIGLIANA;VIA F. E G. FALCONE 103 10051;1.699;07:30-19:15;08:30-12:30;07:30-19:15
7.229846;45.124224;ENI;TO;BORGONE SUSA;Statale 25 del Moncenisio, Km. 38,26, dir. susa - -;1.662;07:30-12:00/14:30-19:00;Chiuso;08:00-13:00
7.659764;45.321892;eni f.lli baima s.a.s. di Baima Besquet Ivano & C.;TO;BUSANO;STEFANO BRUDA S.N.C. 10080;1.647;07:00-12:15/14:15-19:00;Chiuso;07:30-12:15
7.708958;44.871339;LS1 SERVICE IP;TO;CARMAGNOLA;20 del Colle di Tenda e di Valle Roja, Km. 16.329, Carignano snc 10022;1.659;07:00-19:00;Chiuso;07:00-12:00
7.653813;45.168706;CASELLE TORINESE - C/O CC BENNET.;TO;CASELLE TORINESE;C/O CC BENNET SN 10072;1.559;07:30-12:30/14:30-18:30;Chiuso;07:30-12:30
7.709184;45.156758;IP;TO;CASELLE TORINESE;s.p. 267 km 10+400 fraz mappano  snc 10072;1.459;07:00-12:30/14:30-19:00;Chiuso;07:00-12:30
7.727549;45.362115;CASTELLAMONTE;TO;CASTELLAMONTE;S.P. 222 CASTELLAMONTE  10081;1.554;06:30-18:45;Chiuso;06:30-18:45
7.880959;45.189960;ESSO CHIVASSO;TO;CHIVASSO;STRADALE TORINO KM21+545 10034;1.799;;;
7.588452;45.233443;EPINOT CARBURANTI;TO;CIRIÈ;CORSO GENERALE CARLO ALBERTO DALLA CHIESA  75 10073;1.495;06:45-19:30;08:00-19:00;06:45-19:30
7.618441;45.094612;978  COLLEGNO;TO;COLLEGNO;C.SO SACCO E VANZETTI  (DIR. SUD)  9;1.524;06:30-18:00;Chiuso;07:30-12:00
7.590686;45.125112;MOTORGAS SRL DISTRIBUTORE COSTANTIN;TO;DRUENTO;VIA GALILEO FERRARIS 2 10040, DRUENTO (TO) 2 10040;1.699;07:00-19:00;Chiuso;07:00-12:30
7.746211;45.294171;G.A.D. Feletto;TO;FELETTO;VIA S.S. 460 KM.26+250 S.N. 10080, FELETTO (TO)  10080;1.549;7:00-13:00/15:00-19:00;Chiuso;7:30-13:00/15:00-19:00
7.363997;44.918610;LCO - FROSSASCO;TO;FROSSASCO;Via Pinerolo 22 10060;1.599;07:00-19:00;08:00-12:00/15:00-19:00;07:00-19:00
7.590918;45.056944;DISTRIBUTORE COSTANTIN GRUGLIASCO- LA LAMBRETTA S.A.S. DI VITTO MARCO & C.;TO;GRUGLIASCO;Str. del Gerbido 25  10095;1.999;07:30-19:00;Chiuso;07:30-12:30
7.912785;45.470174;CONAD SUPERMERCATO;TO;IVREA;CORSO VERCELLI 131 10015;1.648;;;
7.863145;45.485903;zancanella massimo;TO;MONTALTO DORA;STRADA IVREA 67 10016;1.647;07:00-12:30/14:30-19:00;Chiuso;07:00-12:30/14:30-19:00
7.635888;44.985836;Eni - SOCOGAS;TO;NICHELINO;TORINO 275 10042;1.599;07:00-12:30/14:30-19:00;Chiuso;07:00-12:30
7.657642;44.975857;NICHELINO NORD;TO;NICHELINO;Autostrada A55 TANG.LE DI TORINO, dir. Nord;1.672;05:00-20:45;05:00-20:45;05:00-20:45
7.645269;44.981265;NICHELINO SUD;TO;NICHELINO;Autostrada A55 TANG.LE DI TORINO, Km. 11.3, dir. Sud - -;1.717;07:00-20:00;06:00-21:00;07:00-20:00
7.336263;44.854471;LCO - OSASCO;TO;OSASCO;Via Pinerolo  21 10060;1.599;07:30-19:00;08:00-13:00;07:30-19:00
7.753370;45.348024;eni ozegna;TO;OZEGNA;strada provinciale chivasso ozegna km 22 10080;1.647;;;
7.353212;44.877219;3921;TO;PINEROLO;S.S.23 KM 35+207 - LATO DESTRO S.N. 10064;1.499;08:00-12:00/15:00-18:00;Chiuso;08:00-12:00
7.353286;44.885288;Enercoop Pinerolo;TO;PINEROLO;CORSO COSTITUZIONE 9 10064;1.599;07:30-19:30;08:00-13:00;07:30-19:30
7.356852;44.888928;PV 00630 ENI LACQUA F.;TO;PINEROLO;CORSO TORINO 155/B 10064;1.397;07:15-12:30/14:30-19:00;Chiuso;07:15-12:30
7.832032;44.932017;Economy Srl-Poirino1;TO;POIRINO;ex SS 29 km.24+570  10046;1.749;07:00-19:00;Chiuso;07:00-18:00
7.563552;45.047343;RIVOLI - SP 175 DEL DOJRONE KM 4;TO;RIVOLI;SP 175 DEL DOJRONE KM 4  10098;1.659;07:00-19:00;Chiuso;07:00-19:00
7.498031;45.081640;RIVOLI STRADA DEL FORNAS;TO;RIVOLI;STRADA DEL FORNAS  10098;1.669;07:45-12:30/14:45-19:00;Chiuso;08:00-12:30/15:00-18:00
7.543399;45.214109;DISTRIBUTORE COSTANTIN ROBASSOMERO - LA LAMBRETTA S.A.S. DI VITTO MARCO & C.;TO;ROBASSOMERO;Via Lanzo 61  10070;1.999;07:30-12:30/14:30-19:00;Chiuso;07:30-12:30/14:30-18:00
7.782923;45.217584;Edorado;TO;SAN BENIGNO CANAVESE;PROVINCIALE 40 KM 9+0.1 10080;2.899;;;
7.735530;45.134939;SETTIMO TORINESE SUD;TO;SETTIMO TORINESE;Autostrada A4 TORINO-MILANO, Km. 3,050, dir. MILANO - 10036;1.750;;;
7.739933;45.144768;SETTIMO TORINESE VIA NICOLO' PAGANINI;TO;SETTIMO TORINESE;VIA NICOLO' PAGANINI  10036;1.399;06:00-20:00;08:00-18:00;08:00-18:00
7.767362;45.124407;SOCOGAS RETE SETTIMO PADANA PV 0757;TO;SETTIMO TORINESE;SP11  10036;1.549;07:00-19:00;Chiuso;07:00-13:00
7.637350;45.099365;2440;TO;TORINO;Via Andrea Sansovino;1.519;Chiuso;Chiuso;Chiuso
7.885380;45.308670;544 Caluso;TO;TORINO;Via Piave  10014;1.652;;;
7.707152;45.100098;591  TORINO;TO;TORINO;VIA BOTTICELLI  ADIACENTE  60 62/A;1.514;07:30-18:30;Chiuso;Chiuso
7.703978;45.126171;6225;TO;TORINO;STR. COURGNE' 102 10156;1.599;08:00-12:30/15:00-19:00;Chiuso;08:30-12:30
7.697324;45.109978;Bomba S.r.l.;TO;TORINO;VERCELLI 293 10155;1.413;07:00-18:45;Chiuso;07:30-18:45
7.703820;45.101903;SPEM;TO;TORINO;SANDRO BOTTICCELLI 71 10154;1.699;07:00-20:50;07:00-12:50;07:00-20:50
7.620992;45.099125;TORINO VIA PIANEZZA 385;TO;TORINO;VIA PIANEZZA 385 10151;1.499;07:30-19:00;Chiuso;07:30-19:00
7.678227;45.081487;Torino Cigna;TO;TORINO;via Cigna 18 10152;1.559;07:30-12:15/14:30-18:45;Chiuso;08:00-12:00
7.613048;45.016233;sima s.a.s.;TO;TORINO;STRADA DEL DROSSO 101/A 10135;1.599;07:30-12:30/15:00-19:15;Chiuso;07:30-12:30
7.973558;45.234099;VEGA - TORRAZZA;TO;TORRAZZA PIEMONTE;S.P. 90 per Rondissone KM 4+821  10037;1.459;07:30-12:30/14:30-19:00;Chiuso;07:30-12:30/14:30-19:00
7.947737;45.226177;VEROLENGO;TO;VEROLENGO;S.P. 11 FRAZIONE CASABIANCA  10038;1.489;07:00-19:00;Chiuso;07:00-15:30
7.507133;44.847450;VIGONE;TO;VIGONE;S.P.139 PER VILLAFRANCA  10067;1.599;07:00-12:30/14:30-19:00;Chiuso;07:00-12:30/14:30-19:00
12.800075;37.669833;Tenergy;TP;CASTELVETRANO;Via Marinella  91022;2.079;07:00-19:00;Chiuso;07:00-19:00
12.446594;37.808953;TP114;TP;MARSALA;VIA GIOVANNI FALCONE SNC 91025;2.029;07:00-13:00/15:00-19:00;Chiuso;07:00-13:00/15:00-19:00
12.598955;37.681945;TPXX6;TP;MAZARA DEL VALLO;ZONA MAZARA 2 CONTRADA MALERBA SNC 91026;2.059;07:00-13:00/15:00-19:00;Chiuso;07:00-13:00
12.018480;42.876672;FABRO EST;TR;FABRO;A1 MILANO-NAPOLI, Km. 427+800, Nord - 05015;1.599;00:00-24:00;00:00-24:00;00:00-24:00
12.533212;42.555894;METANO TERNI SNC - IP;TR;NARNI;TIBERINA S.N.C. 05035;1.649;07:00-21:00;07:00-21:00;07:00-21:00
12.452387;42.485161;san liberato;TR;NARNI;N. 675 UMBRO LAZIALE KM. 53+935 05027;1.639;00:00-24:00;00:00-24:00;00:00-24:00
12.125481;42.719145;METAN PETROLI - IP;TR;ORVIETO;VIALE I° MAGGIO - S.P. BAGNOREGIO KM.0+386,   05018;1.649;07:00-12:30/15:00-19:00;Chiuso;07:00-12:30/15:00-19:00
12.662997;42.568700;ENERPETROLI - PV TERNI VIA ROMAGNA;TR;TERNI;VIA ROMAGNA 93/A 05100;1.799;07:00-13:00/14:30-19:30;08:00-13:00;07:00-13:00/14:30-19:30
12.680063;42.553129;ESSO BALLESI PAPIGNO;TR;TERNI;VIA CASALI PACELLI 24/26 05100;1.648;07:00-12:00/15:30-19:00;Chiuso;07:30-12:30
12.609050;42.570460;IP - BM Snc Nord;TR;TERNI;675 Umbro-Laziale, Km. 8+247, Orte - 05100;1.649;00:00-24:00;00:00-24:00;00:00-24:00
12.609905;42.569506;IP - BM Snc Sud;TR;TERNI;Statale 675 Umbro-Laziale, Km. 8+246, dir. Terni  05100;1.649;00:00-24:00;00:00-24:00;00:00-24:00
12.681486;42.582024;METANO TERNI SNC - s. bolzello;TR;TERNI;STRADA DI BOLZELLO 3 05100;1.649;06:45-21:00;06:45-21:00;06:45-21:00
12.601718;42.543684;METANO TERNI SNC - s.carone;TR;TERNI;Strada Di Carone 2 05100;1.649;06:00-19:45;Chiuso;06:00-19:45
11.994124;45.793494;ITER02;TV;CAERANO DI SAN MARCO;Via Cadore 25 31031;1.759;07:15-12:30/14:30-19:00;Chiuso;07:15-19.00
11.917591;45.680025;Castelfranco Veneto Azzalini Energie;TV;CASTELFRANCO VENETO;Via Circonvallazione Ovest 18 31033;1.859;07:45-12:30/14:45-19:00;Chiuso;07:45-12:30
12.313257;45.876318;Enercoop Conegliano;TV;CONEGLIANO;VIA SAN GIUSEPPE SNC 31015;1.899;07:30-20:00;Chiuso;07:30-20:00
12.537658;45.828400;Energyca Mansuè;TV;MANSUÈ;VIA PORTOBUFFOLE' 16/C 31040;1.598;07:30-12:30/15:00-19:30;Chiuso;07:30-12:30/15:00-19:30
12.211926;45.561908;Trivengas;TV;MOGLIANO VENETO;VIA DON GOTTARDI GIANNI 19 31021;1.649;07:30-12:30/14:30-19:00;Chiuso;07:30-12:30
12.424585;45.651251;4727;TV;MONASTIER DI TREVISO;LOMBARDIA 1 31050;1.519;07:30-12:30/14:30-19:00;Chiuso;07:30-12:30
12.022940;45.807016;GALOIL SRL - MONTEBELLUNA;TV;MONTEBELLUNA;VIA FELTRINA NORD 129 31044;1.758;07:30-12:30/15:00-19:00;Chiuso;07:30-12:30/15:00-19:00
12.484398;45.762674;ITER08;TV;ODERZO;Via Postumia II Tronco 28  31046;1.699;07:30-12:30/15:00-19:30;Chiuso;07:30-12:30
12.142000;45.727168;Vega Postioma di Paese;TV;PAESE;Via Enrico Fermi 66 31038;1.699;08:00-12:00/14:30-18:30;Chiuso;08:00-12:00
12.223683;45.892622;ENERGYCA REFRONTOLO;TV;REFRONTOLO;Via Crevada 32/C 31020;1.318;07:30-12:30/15:30-19:30;Chiuso;07:30-12.30
11.941917;45.619857;Carburanti Bianchi;TV;RESANA;strada regionale 308 km 23+828 31023;1.559;07:00-12:30/14:30-19:00;Chiuso;07:00-12:30
12.333329;45.884723;metanotv4;TV;SAN VENDEMIANO;VIA MARE 52 31020;1.319;07:30/19:30;08:00-12:00;07:30/19:30
12.248808;45.869555;metanotv6;TV;SUSEGANA;BARRIERA 26 31058;1.259;07:00-20:00;08:00-12:30;07:00-20:00
12.272072;45.654706;Eni GNC - GNL Tangenziale;TV;TREVISO;via Livenza, 4  31100;1.499;07:00-19:00;Chiuso;07:00-19:00
12.220198;45.652467;VEGA TREVISO NORD;TV;TREVISO;VIA ADIGE 3 31100;1.699;07:30-20:00;Chiuso;07:30-20:00
12.265786;45.678779;metanotv1;TV;TREVISO;BIBANO, 17 31100;1.319;06:10-20:50;06:10-12:50;06:10-20:50
12.345578;45.806149;GPOL TEZZE;TV;VAZZOLA;VIA PIAVE 87 31028;1.599;7:30-12:30/15:00-19:30;Chiuso;7:30-12:30/15:00-19:30
12.033767;45.686840;GH&SANS 4;TV;VEDELAGO;VIA NAZIONALE 99 31050;1.799;07:00-20:00;08:00-13:00;07:00-20:00
12.280419;45.736538;Stazione di servizio Eni 13638;TV;VILLORBA;Via Liviana Scattolon 4 31020;1.323;06:30-12:30/14:30-19:30;Chiuso;07:00-12:00
12.318058;45.967090;13623 VITTORIO VENETO;TV;VITTORIO VENETO;VIA S. ANTONIO DA PADOVA  100;1.432;07:30-12:20/15:00-19:00;Chiuso;07:30-12:20/15:00-19:00
13.173729;46.082481;ip;UD;MARTIGNACCO;via spilimbergo 152 33035;1.799;07:00-12:30/14:00-19:30;Chiuso;07:00-19:30
13.231750;46.093346;2P UDINE;UD;UDINE;VIA TRICESIMO 155A 33100;1.699;08:00-12:30/14:30-19:00;Chiuso;08:00-12:30/14:30-19:00
13.239779;46.022084;COSTANTIN - UDINE;UD;UDINE;VIA VIA LUMIGNACCO S.P. 94 501 33100, UDINE (UD) 501 33100;1.699;07:00-12:30/14:30-19:00;Chiuso;07:00-12:30/14:30-19:00
13.246154;46.033600;KUMAR MOHIT;UD;UDINE;VIALE KONRAD ADENAUER 20 33100;1.799;07:00-19:30;Chiuso;07:00-19:30
13.257353;46.015995;VEGA - UDINE TANGENZIALE;UD;UDINE;Via Gastone Conti 300 33100;1.599;07:00–19:00;Chiuso;07:30–12:30
13.264837;46.107130;area di servizio IP;UD;UDINE;via Cjarande 101 33100;1.699;07:00-19:30;07:00-19:30;07:00-19:30
8.749293;45.645930;ENI MALPENSA EST;VA;CARDANO AL CAMPO;Statale 336 dell'Aeroporto della Malpensa, Km. 8+500, dir. EST - 21010;1.699;07:30-19:30;Chiuso;07:30-14:30
8.749527;45.665202;(1)PREALPINA DISTRIBUZIONE CARBURANTI SRL - CASORATE SEMPIONE;VA;CASORATE SEMPIONE;VIA ROMA, ANG. MEDAGLIE D'ORO  21011;1.698;07:00-12:15/14:00-19:00;Chiuso;07:00-12:15
8.821300;45.690500;IP;VA;CASSANO MAGNAGO;MARCONI 125 21012;1.679;07:30-17:45;Chiuso;07:30-12:30
8.797300;45.674311;ENI;VA;GALLARATE;VARESE 14 21013;1.716;07:00-12:30/14:30-19:00;Chiuso;07:00-12:30
8.808333;45.641738;X3CNG ITALIA SRL - GALLARATE;VA;GALLARATE;VIA ALEARDI 70 21013;1.839;08:00-12:30/15:00-18:00;Chiuso;08:00-12:30
8.708722;45.839913;Carrefour Gavirate;VA;GAVIRATE;Viale Ticino  21026;1.589;07:00-12:00/15:00-19:00 (ven/fri 14:00-19:00);Chiuso;07:00-12:00/14:00-19:00
9.012492;45.634472;METANGAS;VA;GERENZANO;via carducci 25 21040;1.449;06:00-20:00;Chiuso;06:00-20:00
8.731433;45.588204;distributore malpensa;VA;LONATE POZZOLO;VIA V. VENETO SP 527 KM 45/255 S.N.C. 21015;1.879;07:00-18:30;Chiuso;07:00-12:00
8.873365;45.632732;METANO OLGIATE;VA;OLGIATE OLONA;DE GASPERI ANG. VIA I MAGGIO SNC 21057;1.799;;;
9.043757;45.612058;motorclima;VA;SARONNO;VIA GRIEG 81 21047;1.415;07:30-12:45/14:00-19:00;Chiuso;07:30-12:45/14:00-19:00
8.979483;45.613176;KEROPETROL SPA UBOLDO;VA;UBOLDO;VIA VIA IV NOVEMBRE ex S.S. 527 SNC 21040, UBOLDO (VA) SNC 21040;1.789;07:30-12:30/14:30-19:00;Chiuso;07:30-12:30/14:30-19:00
8.297390;46.123342;Enercoop Domodossola;VB;DOMODOSSOLA;Via Piave 114  28845;1.690;07:30-19:30;07:30-13:00;07:30-19:30
8.272800;46.023495;ENI;VB;PIEDIMULERA;VIA ROMA 157 28885;1.647;07:00-12:00/14:00-19:00;Chiuso;07:00-12:00
8.456742;45.938160;IP PALMIGIANO DAVIDE;VB;VERBANIA;34 del Lago Maggiore, Km. 2+234, Gravellona toce  28924;1.577;07:00-12:00/13:30-18:30;Chiuso;07:00-12:00
8.068960;45.193571;iplanet;VC;CRESCENTINO;PROVINCIALE 31 BIS-KM 12 SNC 13044;1.449;05:00-19:00;Chiuso;05:00-12:00
8.299307;45.692355;6985;VC;SERRAVALLE SESIA;XXV APRILE 8 13037;1.659;07:30-12:30/15:00-18:30;Chiuso;08:00-12:00
8.392734;45.295123;Enercoop Vercelli;VC;VERCELLI;VIA NELSON MANDELA 6a 13100;1.690;07:30-19:30;08:30-13:00;08:00-19:30
8.347522;45.455735;VILLARBOIT SUD;VC;VILLARBOIT;A4 TORINO-MILANO, Km. 64+200, milano - 13100;1.559;00:00-24:00;00:00-24:00;00:00-24:00
12.276728;45.177938;BC CHIOGGIA 2;VE;CHIOGGIA;S.S. 309 ROMEA KM 84+700 SNC 30015;1.499;;;
12.277697;45.191114;Enercoop Chioggia;VE;CHIOGGIA;309 Romea, Km. 86+300 SNC, Ravenna - 30015;1.599;07:30-19:30;Chiuso;07:30-19:30
12.053448;45.441653;ARINO EST;VE;DOLO;Autostrada A4 VENEZIA-PADOVA, Km. 247+400, dir. est - 30031;1.748;00:00-24:00;00:00-24:00;00:00-24:00
12.051161;45.442130;ARINO OVEST;VE;DOLO;Autostrada A4 VENEZIA-PADOVA, dir. VE/PD direzione OVEST;1.748;00:00-24:00;00:00-24:00;00:00-24:00
12.107567;45.428743;VEGA DOLO;VE;DOLO;VIA MARTIRI DELLA LIBERTA' 8 30031;1.499;07:30-12:30/14:30-19:30;Chiuso;07:30-12:30/14:30-19:30
12.152034;45.534824;R8 SRL;VE;MARTELLAGO;Via Roma 42  30030;1.659;07:45-12:00/14:45-19:00;10:00-12:00/15:00-19:00;07:45-12:00/14:45-19:00
12.107406;45.465857;AESSE;VE;MIRANO;VIA VETREGO 24 30035;1.499;07:30-19:00;Chiuso;07:30-12:30 14:30-19:00
12.879675;45.775438;F.LLI FERRAZZO;VE;PORTOGRUARO;Via Casalonga 52 30026;1.499;07:30-12:15/14:30-19:30;Chiuso;07:30-12:15/14:30-19:30
12.750698;45.788681;GABOGAS 2 Portogruaro;VE;PORTOGRUARO;Viale Treviso 154 30026;1.697;07:00-20:00;07:00-13:00;07:00-20:00
12.545966;45.655863;ENI;VE;SAN DONÀ DI PIAVE;via GONDULMERA 5 30027;1.469;07:30-12:30/14:00-19:30;Chiuso;07:30-12:30
12.587787;45.648482;NOALOIL PV4;VE;SAN DONÀ DI PIAVE;VIA MARTIRI DELLE FOIBE 10 30027;1.549;07:00-12:30/14:30-19:00;Chiuso;07:00-12:30
12.591876;45.642079;TRIVENGAS;VE;SAN DONÀ DI PIAVE;VIA CALVECCHIA 31 30027;1.649;07:30-12:30/15:30-19:30;Chiuso;07:30-12:30/15:30-19:30
12.701925;45.722366;TAMOIL TM06987;VE;SAN STINO DI LIVENZA;CAORLE 1 30029;1.549;;;
12.139547;45.499271;COSTANTIN SPINEA;VE;SPINEA;via costituzione  105 30038;1.459;08:00-19:00;Chiuso;08:00-19:00
12.301306;45.538641;PV 13741;VE;VENEZIA;VIA ALTINIA FAVARO VENETO 282V 30173;1.499;07:30-12:30/15:00-19:00;Chiuso;07:30-12:30
12.209088;45.461756;PV 16 Marghera;VE;VENEZIA;Via Bottenigo Marghera  30100;1.549;07:30-19:00;Chiuso;07:30-19:00
12.204807;45.445052;VEGA ROMEA;VE;VENEZIA;VIA ROMEA 12 30176;1.549;07:00-20:00;Chiuso;07:00-20:00
12.181397;45.534091;VEGA TRIVIGNANO;VE;VENEZIA;S.R. 245 VIA CASTELLANA  260/L 30174;1.699;7:30-20:00;Chiuso;7:30-20:00
12.199125;45.469590;autometano sas venezia;VE;VENEZIA;VIA BOTTENIGO 107 30030;1.695;06:15-20:00;06:15-20:00;06:15-20:00
11.476194;45.519544;Bianco Altavilla;VI;ALTAVILLA VICENTINA;Via Olmo 59 36077;1.659;07:00-13:00/14:00-19:30;08:00-12:30;07:30-13:00/14:30-19:30
11.752635;45.739918;Metano autotrazione Casarin Oil Group;VI;BASSANO DEL GRAPPA;VIA MADONNA DI MONTE BERICO 11 36061;1.699;07:00-21:00;07:00-12:30/14:30-20:30;07:00-21:00
11.630230;45.589236;Beyfin - A tutto gas;VI;BOLZANO VICENTINO;Statale 53 Postumia, Km. 7, dir. Cittadella - 36050;1.699;07:00-19:00;08:00-12:00;07:00-19:00
11.734688;45.525348;ESSO GHULAM;VI;CAMISANO VICENTINO;PIAZZOLA 47/A 36043;1.639;07:00-19:00;08:00-13:00;07:00-19:00
11.564591;45.336066;Frenic Service Campiglia;VI;CAMPIGLIA DEI BERICI;Via Donanzola  91 36020;1.649;07:30-12:30/15:00-19:30;Chiuso;07:30-12:30/15:00-18:00
11.384122;45.571024;ENI;VI;CASTELGOMBERTO;VIA PECORI GIRALDI 63, 36070 - -;1.799;07:30-12:30/14:30-19:00;Chiuso;07:30-12:30/14:30-19:00
11.455404;45.766700;BENZA CHIUPPANO;VI;CHIUPPANO;VIA PONTE DEI GRANATIERI 2 36010;1.699;07:00-13:00/14:00-19:30;08:30-12:30;07:00-13:00/14:00-19:30
11.654653;45.496319;METANAUTO GRU;VI;GRUMOLO DELLE ABBADESSE;VIA MALERBE 2, 36040;1.649;07:30-12:30/14:30-19:30;Chiuso;07:30-12:30/14:30-19:30
11.379164;45.416404;LORO F.LLI SPA - ALMISANO DI LONIGO;VI;LONIGO;Strada Almisanese  36045;1.439;07:30-19:00;Chiuso;07:30-12:30
11.379352;45.382386;eni;VI;LONIGO;sp17  36045;1.419;07:30-12:30/14:30-19:00;Chiuso;07:30-12:30
11.454100;45.680070;A.F. PETROLI MARANO VICENTINO;VI;MARANO VICENTINO;Via Antonio Volpato 98 36035;1.899;07:30-12:30/15:00-19:00;Chiuso;07:30-12:30
11.692439;45.759896;Full Gas snc di Facchinello Ondina & c.;VI;MAROSTICA;MARSAN 60 36063;1.709;07:00-12:30/15:00-19:30;Chiuso;07:00-12:30/15:00-19:30
11.392306;45.510145;CUCAGAS MONTECCHIO;VI;MONTECCHIO MAGGIORE;VIA MOLINETTO S.P. ARZIGNANESE  13 36075;1.629;07:30-12:30/15:00-19:00;Chiuso;07:30-12:30
11.676832;45.709942;COSTANTIN - NOVE;VI;NOVE;Via Parini  36055;1.659;07:30-12:30/14:30-19:00;08:00-12:30;07:30-12:30/14:30-19:00
11.529876;45.285033;BERICA METANO SNC;VI;NOVENTA VICENTINA;BROLI 81/A 36025;1.650;07:30-12:30/15:30-19:30;07:30-12:30;07:30-12:30/15:30-19:30
11.650149;45.719575;GNP PIANEZZE;VI;PIANEZZE;S P 248 KM 23+900 . 36060;1.657;07:00-12:30/15:00-19:00;Chiuso;07:00-12:30/15:00-18:00
11.377462;45.688194;23964  SAN VITO DI LEGUZZANO;VI;SAN VITO DI LEGUZZANO;VIA MARTIRI DELLA LIBERTA'  43;1.524;07:30-12:30/14:30-19:00;Chiuso;07:30-12:30
11.416422;45.742310;LGS DISTRIBUTION SNC;VI;SANTORSO;Via Martiri della Libertà 43 36014;1.699;07:30-12:25/15:00-18:55;Chiuso;07:30-12:25/15:00-18:55
11.416640;45.723903;BC SCHIO;VI;SCHIO;VIA DELL'INDUSTRIA 251 36015;1.699;07:30-12:30/14:30-19:00;Chiuso;07:30-12:30
11.388540;45.694265;ECO FUEL;VI;SCHIO;VIA PASUBIO -  LOC.PONTE D'ORO 46 36015;1.699;07:30-12:30/14:30-19:30;07:30-12:30;07:30-12:30/14:30-19:30
11.391995;45.717627;MANTESE MORENO LUIGI;VI;SCHIO;VIALE DELL'INDUSTRIA 140 36015;1.569;07:00-12:30/14:00-19:00;Chiuso;07:00-12:30
11.471289;45.715978;Eni Metano;VI;THIENE;VIA DEL COSTO 132 36016;1.799;07:30-12:30/15:00-19:00;Chiuso;07:30-12:30
11.552384;45.565164;METANO VICENZA SRLS;VI;VICENZA;Viale Cricoli 70 36100;1.399;07:00-20:00;07:00-20:00;07:00-20:00
10.995090;45.353975;ESSO GHULAM;VR;BUTTAPIETRA;BELFIORE 219/A 37135;1.649;07:00-20:00;08:00-15:00;07:00-20:00
11.003235;45.328962;GABOGAS 2 Buttapietra;VR;BUTTAPIETRA;Via Isola della Scala 35 37060;1.797;07:00-20:30;07:00-12:30/14:00-20:00;07:00-20:30
11.188129;45.192894;Metanauto Casaleone S.r.l.;VR;CASALEONE;VIA FAVAL 39 37052;1.979;07:00-20:00;Chiuso;07:00-14:00
10.781640;45.442797;METANAUTO CASTELNUOVO SRL;VR;CASTELNUOVO DEL GARDA;VIA PALAZZINA /  VIA COSTABELLA SNC 37014;1.899;06:30-20:30;06:30-20:30;06:30-20:30
10.802103;45.543865;Metanauto Garda Sud S.r.l.;VR;CAVAION VERONESE;LOCALITA' CAMPOREGGIO 6 37010;1.785;08:00-12:30/15:00-19:00;08:00-12:30/15:00-19:00;08:00-12:30/15:00-19:00
11.176432;45.426752;Impianto Verona Petroli - Montanara;VR;COLOGNOLA AI COLLI;VIA MONTANARA 37 37030;1.659;07:30-12:30/15:00-19:00;;07:30-12:30
11.280545;45.185981;AZIENDA RICOMPRESSIONE METANO;VR;LEGNAGO;VIA PADANA INFERIORE OVEST 5 37045;1.979;07:00-20:00;07:00-13:00;07:00-20:00
11.255507;45.202121;OROGAS;VR;LEGNAGO;S.S. 434 KM 34+674 n/s 37045;1.729;07:30-12:30/15:00-19:30;Chiuso;07:30-12:30
10.934022;45.510988;eni f.lli degani snc;VR;NEGRAR DI VALPOLICELLA;SAN VITO 64 37024;1.849;07:30-12:30/14:30-19:00;Chiuso;07:30-12:30/14:30-19:00
11.052552;45.191252;Eni;VR;NOGARA;via molino di sopra 22 37054;1.599;07:00-19:00;Chiuso;07:00-16:00
11.134114;45.303683;FIRST SRL - Fraz. Cadeglioppi;VR;OPPEANO;Via del Lupo - Fraz. Cadeglioppi di Oppeano 9 37050;1.499;7:00-12:20/14:30-19:30;Chiuso;7:00-12:20/14:00-19:30
11.084868;45.290914;FIRST SRL - Fraz. Villafontana;VR;OPPEANO;VIA VILLAFONTANA 35 37050;1.499;07:30-12:30/14:30-19:00;07:30-12:00;07:30-12:30/14:30-19:00
10.887017;45.365435;DDNPOWER SRL;VR;POVEGLIANO VERONESE;"S.R. 62 VARIANTE ""GREZZANELLA"" SNC 37064";1.689;07:00-20:00;Chiuso;07:00-20:00
11.176655;45.355607;IP GHULAM,albaro;VR;RONCO ALL'ADIGE;FRACANZANA 4 37055;1.649;07:00-18:50;08:00-12:50;07:00-18:50
11.026672;45.396256;TOIL SPA -IL FARO-S.G. LUPATOTO 282;VR;SAN GIOVANNI LUPATOTO;Via Garofoli  282 37057;1.599;;;
11.076598;45.419303;DB FUEL - San Martino Buon Albergo;VR;SAN MARTINO BUON ALBERGO;VIA ZEVIANA 60 37036;1.699;07:00-20:00;07:00-13:00;07:00-20:00
11.103413;45.418036;METANAUTO S.MARTINO S.R.L.;VR;SAN MARTINO BUON ALBERGO;VIA QUATTRO RUOTE 1 37036;1.799;07:00-20:00;07:00-12:30/14:30-20:00;07:00-20:00
10.932776;45.482321;METANAUTO NAS;VR;SAN PIETRO IN CARIANO;VIALE BRENNERO  37029;1.699;07:00-20:00;07:00-13:00;07:00-20:00
10.872860;45.519789;TAP SAN PIETRO;VR;SAN PIETRO IN CARIANO;PROVINCIALE 1 KM 2,4  37029;1.849;07:00-19:00;Chiuso;07:00-19:00
10.871079;45.413655;MONTE BALDO EST;VR;SOMMACAMPAGNA;Autostrada A4 BRESCIA--PADOVA,  Km. 272.2, dir. Est 37066;1.529;00:00-24:00;00:00-24:00;00:00-24:00
10.846365;45.364969;NoalOil PV21;VR;SOMMACAMPAGNA;Via Sommacampagna 46 30033;1.499;07:30-20:00;08:00-12:00;07:30-20:00
10.850307;45.440033;3816 SONA;VR;SONA;VIA CIVEL N.  1;1.424;07:00-18:30;Chiuso;07:00-12:00
10.750861;45.356330;KEROPETROL SPA VALEGGIO SUL MINCIO;VR;VALEGGIO SUL MINCIO;VIA S.P. 24 DEL SERRAGLIO KM. 1+370 VIA VILLAFRANCA 234 37067, VALEGGIO SUL MINCIO (VR) 234 37067;1.889;07:30-19:00;Chiuso;07:30-19:00
11.005762;45.403274;DBF Via Legnago;VR;VERONA;VIA LEGNAGO 147/B 37134;1.599;07:00-19:00;07:00-13:00;07:00-19:00
10.929586;45.417223;ENI;VR;VERONA;VIA SOMMACAMPAGNA 59 37137;1.330;07:30-18:30;Chiuso;Chiuso
11.052176;45.452393;ENI METANO MONTORIO;VR;VERONA;ANTONIO DA LEGNAGO 1/C 37141;1.899;07:30-12:30/14:30-19:00;Chiuso;07:30-12:30/14:30-19:00
10.972322;45.384774;Ego;VR;VERONA;via Vigasio 91 37068;1.699;07:30-12:30/15:00-19:30;Chiuso;07:30-18:30
10.939098;45.401266;Full Service Car;VR;VERONA;Via Tangenziale Sud Km 7  37100;1.499;07:00-19:00;Chiuso;07:00-13:00
11.063645;45.404394;IP Pit Stop s.n.c.;VR;VERONA;Tangenziale sud Località Strengara 11+350 37100;1.529;06:30-19:30;Chiuso;07:30-12:30
10.896367;45.447923;Metanauto Bassone srl;VR;VERONA;VIA BASSONE 78 37139;1.899;07:00-20:00;07:00-20:00;07:00-20:00
10.993261;45.388855;OG Clean Fuels Verona;VR;VERONA;MEZZACAMPAGNA SNC 37135;1.599;Chiuso;Chiuso;Chiuso
10.895779;45.446303;VERONA;VR;VERONA;VIA BRESCIANA 79 37139;1.599;07:00-19:30;08:00-12:00;07:30-19:00
10.993946;45.423660;autometano sas verona;VR;VERONA;VIA AVESANI 17 37135;1.695;06:15-20:00;06:15-20:00;06:15-20:00
10.951293;45.331349;7224;VR;VIGASIO;VERONA SNC 37068;1.429;07:30-12:30/14:30-19:30;Chiuso;07:30-12:30
11.359142;45.139345;VILLA BARTOLOMEA ENILIVE STATION;VR;VILLA BARTOLOMEA;434 Transpolesana, Km. 45+829, Rovigo-Verona - 37049;1.549;05:00-21:00;Chiuso;05:00-13:00
10.836496;45.340056;DANIEL SERVICE METANO & AUTOLAVAGGIO;VR;VILLAFRANCA DI VERONA;Località Brocciolo 1a  37069;1.899;06:30-21:00;06:30-20:30;06:30-21:00
10.897458;45.385784;Metano Dossobuono di Villafranca V.se;VR;VILLAFRANCA DI VERONA;BORGO BELLO 37 37069;1.689;7:00-13:00-14:00-20:00;08:00-12:30;7:00-13:00-14:00-20:00
11.049117;45.369698;ENI SPA;VR;ZEVIO;STRADA STATALE 434 TRANSPOLESANA DX KM7+400 SN 37059;1.539;07:30-12:30/14:30-19:00;Chiuso;07:30-12:15
11.375412;45.337908;METANO;VR;ZIMELLA;VIA STAZIONE 1131 37040;1.477;07:00-20:00;07:00-12:00;07:00-20:00
12.305492;42.451759;PV Enilive 27465;VT;BASSANO IN TEVERINA;S.S 675 UMBRO LAZIALE KM 40940 SNC 01030;1.629;05:00-21:00;05:00-21:00;05:00-21:00
12.318618;42.232178;CP Oil - Nepi;VT;NEPI;VIA S.P. NEPESINA KM.3+320 01036, NEPI (VT) - 01036;1.899;07:00-19:00;07:00-12:30;07:00-19:00
12.220073;42.241958;ENERPETROLI - PV SUTRI - VT;VT;SUTRI;2 Via Cassia, Km. 50+431, ROMA - 01015;1.799;07:30-12:30/15:00-19:00;Chiuso;07:30-12:30
11.847757;42.408796;ENERPETROLI - PV TUSCANIA TARQUINIESE- VT;VT;TUSCANIA;S.P. TARQUINESE KM. 2,600  01017;1.799;07:00-19:30;08:30-12:30;07:00-18:00
12.093592;42.440708;ENERPETROLI - PV VITERBO POGGINO;VT;VITERBO;VIA DELL'INDUSTRIA  SNC 01100;1.739;07.30-12.30/15.00-19.00;Chiuso;07.30-12.30
12.072698;42.476247;FELGAS - VITERBO;VT;VITERBO;S.S. CASSIA KM 89,514  01100;1.598;06:00-19:30;Chiuso;06:00-19:30
16.135498;38.700270;VIBOIL;VV;SANT'ONOFRIO;CASTELLUCCIO STRADA PROV. N.97 SNC 89843;1.749;06:00-19:45;Chiuso;06:00-19:45
